timestamp_ms,latitude,longitude,altitude_m,fix_quality,satellites,hdop,speed_kn,heading_deg
3147893,41.4906775,-91.7033830,194.3936,1,20,0.8,0.55416,2113
3148017,41.4906775,-91.7033830,194.3936,1,20,0.8,0.55416,2112
3148105,41.4906777,-91.7033831,194.3949,1,20,0.8,0.45109,2112
3148212,41.4906777,-91.7033831,194.3949,1,20,0.8,0.45109,2112
3148308,41.4906775,-91.7033831,194.4060,1,20,0.8,0.45109,2112
3148517,41.4906775,-91.7033831,194.4060,1,20,0.8,0.45109,2112
3148896,41.4906774,-91.7033830,194.4374,1,20,0.8,0.22392,2112
3149049,41.4906774,-91.7033830,194.4374,1,20,0.8,0.22392,2112
3149404,41.4906775,-91.7033826,194.5323,1,20,0.8,0.03192,2112
3149505,41.4906775,-91.7033826,194.5323,1,20,0.8,0.03192,2112
3149818,41.4906775,-91.7033826,194.5323,1,20,0.8,0.03192,2112
3149908,41.4906774,-91.7033824,194.5878,1,20,0.8,0.20953,2112
3150057,41.4906774,-91.7033824,194.5878,1,20,0.8,0.20953,2112
3150414,41.4906692,-91.7033862,194.4966,1,20,0.8,0.38459,2112
3150506,41.4906693,-91.7033863,194.4884,1,20,0.8,0.41863,2112
3150655,41.4906693,-91.7033863,194.4884,1,20,0.8,0.41863,2112
3151107,41.4906695,-91.7033867,194.3927,1,20,0.8,0.49649,2112
3151376,41.4906695,-91.7033867,194.3927,1,20,0.8,0.49649,2112
3151693,41.4906719,-91.7033877,194.2199,1,20,0.8,0.71312,2112
3151841,41.4906719,-91.7033877,194.2199,1,20,0.8,0.71312,2112
3152099,41.4906722,-91.7033889,193.9840,1,21,0.7,0.72112,2112
3152222,41.4906722,-91.7033889,193.9840,1,21,0.7,0.72112,2112
3152439,41.4906726,-91.7033895,193.8604,1,21,0.7,0.72112,2112
3152596,41.4906726,-91.7033895,193.8604,1,21,0.7,0.72112,2112
3152896,41.4906728,-91.7033908,193.5716,1,21,0.7,0.72112,2112
3153059,41.4906728,-91.7033908,193.5716,1,21,0.7,0.72112,2112
3153417,41.4906731,-91.7033919,193.3469,1,20,0.8,0.46216,2112
3153504,41.4906731,-91.7033920,193.3329,1,20,0.8,0.44654,2112
3153652,41.4906731,-91.7033920,193.3329,1,20,0.8,0.44654,2112
3153821,41.4906730,-91.7033921,193.3025,1,21,0.7,0.35806,2112
3153907,41.4906730,-91.7033921,193.2784,1,21,0.7,0.39313,2112
3154060,41.4906730,-91.7033921,193.2784,1,21,0.7,0.39313,2112
3154306,41.4906732,-91.7033926,193.1933,1,21,0.7,0.51445,2112
3154575,41.4906732,-91.7033926,193.1933,1,21,0.7,0.51445,2112
3154802,41.4906731,-91.7033926,193.1867,1,21,0.7,0.37640,2112
3154893,41.4906732,-91.7033926,193.1968,1,21,0.7,0.31445,2112
3155033,41.4906732,-91.7033926,193.1968,1,21,0.7,0.31445,2112
3155299,41.4906732,-91.7033929,193.1366,1,21,0.7,0.32629,2112
3155445,41.4906732,-91.7033929,193.1366,1,21,0.7,0.32629,2112
3155785,41.4906735,-91.7033931,193.0761,1,21,0.7,0.28431,2112
3155890,41.4906735,-91.7033931,193.0761,1,21,0.7,0.28431,2112
3156219,41.4906736,-91.7033935,192.9871,1,21,0.7,0.17554,2112
3156293,41.4906736,-91.7033935,192.9871,1,21,0.7,0.17554,2112
3156551,41.4906787,-91.7033900,193.1803,1,21,0.7,0.17554,2112
3156658,41.4906787,-91.7033900,193.1803,1,21,0.7,0.17554,2112
3156957,41.4906787,-91.7033904,193.7,1,21,0.7,0.07755,2112
3157118,41.4906788,-91.7033903,193.0984,1,19,0.8,0.17993,2112
3157279,41.4906788,-91.7033903,193.0984,1,19,0.8,0.17993,2112
3157423,41.4906807,-91.7033879,193.3787,1,21,0.7,0.12596,2112
3157807,41.4906807,-91.7033878,193.3854,1,21,0.7,0.16238,2112
3157998,41.4906807,-91.7033878,193.3854,1,21,0.7,0.16238,2112
3158409,41.4906801,-91.7033857,193.8653,1,21,0.7,0.36146,2112
3158495,41.4906799,-91.7033854,193.9597,1,21,0.7,0.38168,2112
3158645,41.4906799,-91.7033854,193.9597,1,21,0.7,0.38168,2112
3158825,41.4906798,-91.7033846,194.1209,1,20,0.8,0.38440,2112
3159035,41.4906795,-91.7033843,194.1765,1,19,0.9,0.47233,2112
3159202,41.4906795,-91.7033843,194.1765,1,19,0.9,0.47233,2112
3159428,41.4906795,-91.7033843,194.1765,1,19,0.9,0.47233,2112
3159609,41.4906795,-91.7033843,194.1765,1,19,0.9,0.36215,2112
3159688,41.4906794,-91.7033827,194.5097,1,20,0.8,0.36215,2112
3159896,41.4906795,-91.7033826,194.5529,1,20,0.8,0.30961,2112
3160054,41.4906795,-91.7033826,194.5529,1,20,0.8,0.30961,2112
3160206,41.4906791,-91.7033815,194.7985,1,21,0.7,0.30961,2112
3160310,41.4906789,-91.7033811,194.8873,1,21,0.7,0.29634,2112
3160474,41.4906789,-91.7033811,194.8873,1,21,0.7,0.29634,2112
3160887,41.4906788,-91.7033800,195.1135,1,21,0.7,0.19283,2112
3161055,41.4906788,-91.7033800,195.1135,1,21,0.7,0.19283,2112
3161644,41.4906784,-91.7033794,195.2314,1,21,0.7,0.18573,2112
3161796,41.4906784,-91.7033794,195.2314,1,21,0.7,0.18573,2112
3162049,41.4906782,-91.7033783,195.4671,1,20,0.8,0.18573,2112
3162137,41.4906782,-91.7033783,195.4671,1,20,0.8,0.18573,2112
3162401,41.4906779,-91.7033776,195.6510,1,21,0.7,0.06515,2112
3162605,41.4906780,-91.7033773,195.6853,1,21,0.7,0.05112,2112
3162703,41.4906780,-91.7033773,195.6853,1,21,0.7,0.05112,2112
3163015,41.4906779,-91.7033766,195.8636,1,21,0.7,0.12206,2112
3163107,41.4906779,-91.7033764,195.9062,1,21,0.7,0.08901,2113
3163229,41.4906779,-91.7033764,195.9062,1,21,0.7,0.08901,2113
3163489,41.4906777,-91.7033764,195.9103,1,21,0.7,0.08901,2112
3163653,41.4906777,-91.7033764,195.9103,1,21,0.7,0.08901,2112
3163826,41.4906780,-91.7033768,195.8103,1,21,0.7,0.24587,2113
3163991,41.4906779,-91.7033769,195.7752,1,21,0.7,0.41020,2113
3164213,41.4906779,-91.7033769,195.7752,1,21,0.7,0.41020,2113
3164666,41.4906779,-91.7033803,195.2865,1,21,0.7,0.41020,2113
3164769,41.4906779,-91.7033803,195.2865,1,21,0.7,0.41020,2113
3165009,41.4906783,-91.7033813,195.0628,1,21,0.7,0.37746,2113
3165100,41.4906782,-91.7033815,195.0042,1,21,0.7,0.38220,2112
3165213,41.4906782,-91.7033815,195.0042,1,21,0.7,0.38220,2112
3165301,41.4906784,-91.7033819,194.9128,1,21,0.7,0.38220,2112
3165442,41.4906784,-91.7033819,194.9128,1,21,0.7,0.38220,2112
3165704,41.4906787,-91.7033828,194.7362,1,21,0.7,0.23014,2112
3165849,41.4906787,-91.7033828,194.7362,1,21,0.7,0.23014,2112
3166108,41.4906788,-91.7033835,194.5789,1,21,0.7,0.31575,2112
3166228,41.4906788,-91.7033835,194.5789,1,21,0.7,0.31575,2112
3166483,41.4906789,-91.7033837,194.5234,1,21,0.7,0.31575,2112
3166591,41.4906789,-91.7033837,194.5234,1,21,0.7,0.31575,2112
3166832,41.4906789,-91.7033839,194.4775,1,21,0.7,0.26462,2112
3167145,41.4906789,-91.7033840,194.4441,1,21,0.7,0.2005209,2113
3167415,41.4906789,-91.7033840,194.4441,1,21,0.7,0.2005209,2113
3167797,41.4906789,-91.7033841,194.4188,1,21,0.7,0.06632,2113
3167896,41.4906791,-91.7033842,194.4179,1,21,0.7,0.26275,2113
3168034,41.4906791,-91.7033842,194.4179,1,21,0.7,0.26275,2113
3168300,41.4906790,-91.7033841,194.4180,1,21,0.7,0.06146,2113
3168441,41.4906790,-91.7033841,194.4180,1,21,0.7,0.06146,2113
3168885,41.4906789,-91.7033841,194.4249,1,21,0.7,0.07731,2113
3169016,41.4906788,-91.7033840,194.4370,1,21,0.7,0.07731,2113
3169098,41.4906788,-91.7033840,194.4370,1,21,0.7,0.07731,2113
3169274,41.4906790,-91.7033839,194.4618,1,21,0.7,0.07731,2113
3169436,41.4906790,-91.7033839,194.4618,1,21,0.7,0.07731,2113
3169624,41.4906790,-91.7033839,194.4618,1,21,0.7,0.24996,2113
3169886,41.4906787,-91.7033832,194.6317,1,21,0.7,0.24996,2113
3170056,41.4906787,-91.7033832,194.6317,1,21,0.7,0.24996,2112
3170483,41.4906788,-91.7033828,194.7007,1,05,2.7,0.03553,2112
3170571,41.4906788,-91.7033828,194.7007,1,05,2.7,0.03553,2112
3171036,41.4906786,-91.7033829,194.6913,1,05,2.7,0.16306,2112
3171184,41.4906786,-91.7033829,194.6913,1,05,2.7,0.16306,2112
3171377,41.4906807,-91.7033815,194.5512,1,05,2.7,0.01637,2112
3171454,41.4906807,-91.7033816,194.5597,1,05,2.7,0.09410,2112
3171573,41.4906807,-91.7033816,194.5597,1,05,2.7,0.09168,2112
3171696,41.4906807,-91.7033816,194.5597,1,05,2.7,0.09168,2112
3171995,41.4906808,-91.7033815,194.5787,1,05,2.7,0.06998,2112
3172104,41.4906807,-91.7033815,194.5594,1,05,2.7,0.05447,2112
3172232,41.4906807,-91.7033815,194.5594,1,05,2.7,0.05447,2112
3172501,41.4906795,-91.7033827,194.5812,1,05,2.7,0.05447,2112
3172656,41.4906795,-91.7033827,194.5812,1,05,2.7,0.05447,2112
3172903,41.4906795,-91.7033828,194.5506,1,05,2.7,0.07175,2112
3173061,41.4906795,-91.7033828,194.5506,1,05,2.7,0.07175,2112
3173439,41.4906795,-91.7033821,194.5864,1,05,2.7,0.11697,2112
3173602,41.4906795,-91.7033821,194.5864,1,05,2.7,0.11697,2112
3173851,41.4906794,-91.7033820,194.6174,1,05,2.7,0.11697,2112
3174232,41.4906794,-91.7033820,194.6174,1,05,2.7,0.0708404,2112
3174401,41.4906793,-91.7033820,194.6136,1,05,2.7,0.0708404,2112
3174640,41.4906793,-91.7033820,194.6136,1,05,2.7,0.02480,2112
3174688,41.4906793,-91.7033820,194.6136,1,05,2.7,0.02480,2112
3175005,41.4906787,-91.7033824,194.5627,1,05,2.7,0.02480,2112
3175111,41.4906787,-91.7033824,194.5627,1,05,2.7,0.02480,2112
3175230,41.4906789,-91.7033824,194.5679,1,05,2.7,0.02480,2112
3175295,41.4906788,-91.7033824,194.5654,1,05,2.7,0.02480,2112
3175523,41.4906790,-91.7033824,194.6002,1,05,2.7,0.02480,2112
3175629,41.4906790,-91.7033824,194.6002,1,05,2.7,0.02480,2112
3175883,41.4906789,-91.7033823,194.5826,1,05,2.7,0.09456,2112
3175957,41.4906789,-91.7033823,194.5826,1,05,2.7,0.09456,2112
3176110,41.4906789,-91.7033823,194.5932,1,05,2.7,0.15448,2112
3176250,41.4906789,-91.7033823,194.5932,1,05,2.7,0.15448,2112
3176508,41.4906798,-91.7033827,194.5848,1,20,0.8,0.18413,2112
3176651,41.4906798,-91.7033827,194.5848,1,20,0.8,0.18413,2112
3176956,41.4906798,-91.7033827,194.5616,1,05,2.7,0.24902,2112
3177243,41.4906799,-91.7033825,194.5785,1,05,2.7,0.29263,2112
3177306,41.4906799,-91.7033825,194.5785,1,05,2.7,0.29263,2112
3177556,41.4906801,-91.7033831,194.5045,1,05,2.7,0.29263,2112
3177656,41.4906801,-91.7033831,194.5045,1,05,2.7,0.29263,2112
3177886,41.4906801,-91.7033832,09142.20296,14,412,N,0.26659,2112
3177996,41.4906801,-91.7033831,194.4922,1,05,2.7,0.26659,2112
3178174,41.4906802,-91.7033830,194.5049,1,05,2.7,0.28876,2112
3178434,41.4906802,-91.7033831,194.5008,1,05,2.7,0.24442,2112
3178508,41.4906802,-91.7033831,194.5008,1,05,2.7,0.24442,2112
3178735,41.4906802,-91.7033831,194.5008,1,05,2.7,0.24442,2112
3178821,41.4906802,-91.7033831,194.5008,1,05,2.7,0.24442,2112
3178936,41.4906802,-91.7033831,194.4758,1,21,0.7,0.24442,2112
3179451,41.4906806,-91.7033824,194.4589,1,21,0.7,0.28163,2112
3179564,41.4906806,-91.7033824,194.4589,1,21,0.7,0.28163,2112
3179709,41.4906807,-91.7033825,194.4375,1,21,0.7,0.22169,2112
3180000,41.4906807,-91.7033825,194.4375,1,21,0.7,0.22169,2112
3180437,41.4906804,-91.7033816,194.4406,1,21,0.7,0.26811,2112
3180593,41.4906804,-91.7033816,194.4406,1,21,0.7,0.26811,2112
3180709,41.4906803,-91.7033815,194.4686,1,21,0.7,0.26811,2112
3180855,41.4906803,-91.7033815,194.4686,1,21,0.7,0.26811,2112
3181102,41.4906803,-91.7033815,194.4427,1,21,0.7,0.09174,2112
3181223,41.4906803,-91.7033815,194.4427,1,21,0.7,0.09174,2112
3181437,41.4906788,-91.7033809,194.4386,1,21,0.7,0.09174,2112
3181597,41.4906788,-91.7033809,194.4386,1,21,0.7,0.09174,2112
3181704,41.4906789,-91.7033807,194.4684,1,21,0.7,0.09174,2112
3181856,41.4906789,-91.7033807,194.4684,1,21,0.7,0.09174,2112
3182111,41.4906789,-91.7033806,194.4820,1,20,0.8,0.00876,2112
3182266,41.4906789,-91.7033806,194.4820,1,20,0.8,0.00876,2112
3182400,41.4906789,-91.7033809,194.4438,1,05,2.7,0.12936,2112
3182544,41.4906787,-91.7033808,194.4514,1,05,2.7,0.07850,2112
3182699,41.4906787,-91.7033808,194.4514,1,05,2.7,0.07850,2112
3183186,41.4906787,-91.7033808,194.4514,1,05,2.7,0.08595,2112
3183477,41.4906788,-91.7033807,194.4805,1,05,2.7,0.10154,2112
3183575,41.4906788,-91.7033807,194.4805,1,05,2.7,0.10154,2112
3183749,41.4906788,-91.7033807,194.4805,1,05,2.7,0.10154,2112
3184243,41.4906788,-91.7033805,194.4796,1,05,2.7,0.18589,2112
3184396,41.4906788,-91.7033805,194.4796,1,05,2.7,0.18589,2112
3184578,41.4906788,-91.7033805,194.4575,1,05,2.7,0.18589,2112
3184660,41.4906789,-91.7033806,194.4596,1,05,2.7,0.24695,2112
3184805,41.4906788,-91.7033807,194.4418,1,05,2.7,0.14232,2112
3185041,41.4906787,-91.7033807,194.4258,1,05,2.7,0.11556,2112
3185210,41.4906787,-91.7033807,194.4258,1,05,2.7,0.11556,2112
3185392,41.4906787,-91.7033807,194.4258,1,05,2.7,0.11556,2112
3185485,41.4906769,-91.7033750,194.2806,1,05,2.7,0.11556,2112
3185601,41.4906769,-91.7033750,194.2846,1,05,2.7,0.09615,2112
3185691,41.4906769,-91.7033750,194.2846,1,05,2.7,0.09615,2112
3185816,41.4906769,-91.7033748,194.3000,1,06,2.6,0.09615,2112
3186219,41.4906769,-91.7033749,194.3091,1,06,2.6,0.07209,2112
3186326,41.4906769,-91.7033749,194.3091,1,06,2.6,0.07209,2112
3186397,41.4906764,-91.7033748,194.2826,1,05,2.7,0.04185,2112
3186497,41.4906765,-91.7033747,194.2422,1,21,0.7,0.05594,2112
3186676,41.4906765,-91.7033747,194.2422,1,21,0.7,0.05594,2112
3186895,41.4906764,-91.7033750,194.2253,1,06,2.6,0.05576,2112
3186995,41.4906764,-91.7033750,194.2253,1,06,2.6,0.05576,2112
3187285,41.4906764,-91.7033749,194.2310,1,06,2.6,0.04474,2112
3187403,41.4906764,-91.7033749,194.2310,1,06,2.6,0.04474,2112
3187568,41.4906764,-91.7033738,194.1734,1,05,48.2,0.03114,2112
3187703,41.4906764,-91.7033736,194.0862,1,05,48.2,0.10240,2112
3187848,41.4906764,-91.7033736,194.0862,1,05,48.2,0.10240,2112
3188111,41.4906765,-91.7033734,194.0506,1,05,48.2,T,2112
3188253,41.4906765,-91.7033734,194.0506,1,05,48.2,T,2112
3188508,41.4906767,-91.7033726,193.9011,1,05,48.3,0.13864,2112
3188652,41.4906767,-91.7033726,193.9011,1,05,48.3,0.13864,2112
3189165,41.4906768,-91.7033716,193.7688,1,05,48.3,T,2112
3189345,41.4906768,-91.7033716,193.7688,1,05,48.3,T,2112
3189497,41.4906766,-91.7033722,193.8760,1,05,48.3,T,2112
3189633,41.4906766,-91.7033722,193.8760,1,05,48.3,T,2112
3189800,41.4906767,-91.7033725,193.9151,1,05,48.3,T,2112
3189897,41.4906764,-91.7033729,193.9491,1,05,48.3,0.25797,2112
3190039,41.4906764,-91.7033729,193.9491,1,05,48.3,0.25797,2112
3190208,41.4906774,-91.7033714,194.1098,1,05,48.3,T,2112
3190300,41.4906775,-91.7033713,194.0482,1,05,48.3,0.15736,2112
3190442,41.4906775,-91.7033713,194.0482,1,05,48.3,0.15736,2112
3190601,41.4906778,-91.7033697,193.8172,1,05,48.3,T,2112
3190702,41.4906781,-91.7033688,193.7337,1,05,48.3,0.10414,2112
3190882,41.4906781,-91.7033688,193.7337,1,05,48.3,0.10414,2112
3191002,41.4906781,-91.7033687,193.6552,1,05,48.4,0.21110,2112
3191113,41.4906782,-91.7033683,193.6148,1,05,48.4,0.15743,2112
3191266,41.4906782,-91.7033683,193.6148,1,05,48.4,0.15743,2112
3191523,41.4906784,-91.7033680,193.6041,1,05,48.4,0.13610,2112
3191639,41.4906784,-91.7033681,193.5792,1,05,48.4,0.19209,2112
3191711,41.4906784,-91.7033681,193.5792$GN,1,05,48.4,0.19209,2112
3191823,41.4906782,-91.7033681,193.5982,1,05,48.4,0.19209,2112
3191898,41.4906782,-91.7033681,193.5982,1,05,48.4,0.19209,2112
3191974,41.4906782,-91.7033681,193.5982,1,05,48.4,0.19209,2112
3192103,41.4906781,-91.7033683,193.6470,1,19,0.8,0.14575,2112
3192222,41.4906781,-91.7033683,193.6470,1,19,0.8,0.14575,2112
3192435,41.4906783,-91.7033684,193.6249,1,05,2.7,0.14575,2112
3192546,41.4906783,-91.7033684,193.6249,1,05,2.7,0.14575,2112
3192869,41.4906783,-91.7033684,193.6249,1,05,2.7,0.14575,2112
3193282,41.4906784,-91.7033678,193.5656,1,19,0.8,0.08315,2112
3193398,41.4906784,-91.7033678,193.5656,1,19,0.8,0.08315,2112
3193559,41.4906785,-91.7033676,193.5275,1,05,48.4,0.12762,2112
3193709,41.4906786,-91.7033674,193.5353,1,05,48.5,0.12394,2112
3193878,41.4906786,-91.7033674,193.5353,1,05,48.5,0.12394,2112
3194124,41.4906785,-91.7033670,193.4672,1,05,48.5,T,2112
3194251,41.4906785,-91.7033673,193.4705,1,05,48.5,0.15460,2112
3194389,41.4906785,-91.7033673,193.4705356,1,05,48.5,0.15460,2112
3194540,41.4906777,-91.7033707,194.0731,1,05,48.5,0.15460,2112
3194823,41.4906777,-91.7033709,194.0419,1,05,48.5,0.17582,2112
3194910,41.4906777,-91.7033708,194.0802,1,05,48.5,0.16744,2112
3195064,41.4906777,-91.7033708,194.0802,1,05,48.5,0.16744,2112
3195195,41.4906780,-91.7033712,194.0192,1,05,48.5,0.21907,2112
3195311,41.4906781,-91.7033710,194.0100,1,18,0.9,0.13955,2112
3195467,41.4906781,-91.7033710,194.0100,1,18,0.9,0.13955,2112
3195705,41.4906784,-91.7033701,193.9234,1,18,0.9,0.13969,2112
3195866,41.4906784,-91.7033701,193.9234,1,18,0.9,0.13969,2112
3196108,41.4906782,-91.7033709,193.9142,1,17,0.9,0.09916,2112
3196268,41.4906782,-91.7033709,193.9142,1,17,0.9,0.09916,2112
3196479,41.4906789,-91.7033729,193.8289,1,18,0.9,0.26484,2112
3196602,41.4906789,-91.7033729,193.8289,1,18,0.9,0.18800,2112
3196992,41.4906791,-91.7033721,193.7873,1,18,0.9,0.18003,2112
3197121,41.4906791,-91.7033721,193.7873,1,18,0.9,0.18003,2112
3197405,41.4906792,-91.7033749,193.7705,1,05,48.6,0.18003,2112
3197488,41.4906792,-91.7033749,193.7705,1,05,48.6,0.18003,2112
3197585,41.4906792,-91.7033749,193.7705,1,05,48.6,0.18003,2112
3197667,41.4906796,-91.7033741,193.5863,1,05,48.6,0.18003,2112
3197904,41.4906797,-91.7033734,193.4565,1,05,48.6,0.15627,2112
3198041,41.4906797,-91.7033734,193.4565,1,05,48.6,0.15627,2112
3198303,41.4906798,-91.7033729,193.3618,1,05,48.6,0.10813,2112
3198443,41.4906798,-91.7033729,193.3618,1,05,48.6,0.10813,2112
3198600,41.4906799,-91.7033725,193.2646,1,05,48.6,0.12808,2112
3198705,41.4906800,-91.7033723,193.2609,1,05,48.6,0.09980,2112
3198884,41.4906800,-91.7033723,193.2609,1,05,48.6,0.09980,2112
3199000,41.4906800,-91.7033725,193.3327,1,05,48.6,0.08975,2112
3199113,41.4906798,-91.7033726,193.3344,1,05,48.6,0.06500,2112
3199256,41.4906798,-91.7033726,193.3344,1,05,48.6,0.06500,2112
3199731,41.4906802,-91.7033772,193.7004,1,05,48.7,0.11067,2112
3199890,41.4906800,-91.7033776,193.6989,1,05,48.7,0.08256,2112
3199990,41.4906800,-91.7033776,193.6989,1,05,48.7,0.08256,2112
3200181,41.4906801,-91.7033773,193.7275,1,05,48.7,0.08261,2112
3200240,41.4906800,-91.7033779,193.7516,1,05,48.7,0.08261,2112
3200457,41.4906799,-91.7033782,193.8314,1,05,48.7,0.02938,2112
3200607,41.4906799,-91.7033782,193.8314,1,05,48.7,0.02938,2112
3200899,41.4906797,-91.7033789,193.9417,1,16,0.9,0.08165,2112
3201041,41.4906797,-91.7033789,193.9417,1,16,0.9,0.08165,2112
3201304,41.4906794,-91.7033798,194.1085,1,18,0.9,0.07037,2112
3201449,41.4906794,-91.7033798,194.1085,1,18,0.9,0.07037,2112
3201621,41.4906793,-91.7033811,194.2919,1,18,0.9,0.05053,2112
3201799,41.4906792,-91.7033810,194.3368,1,18,0.9,0.01264,2112
3201895,41.4906792,-91.7033810,194.3368,1,18,0.9,0.01264,2112
3202099,41.4906792,-91.7033810,194.3368,1,18,0.9,0.01264,2112
3202213,41.4906792,-91.7033811,194.3590,1,18,0.9,0.04199,2112
3202404,41.4906792,-91.7033811,194.3590,1,18,0.9,0.04199,2112
3202548,41.4906790,-91.7033818,194.3865,1,18,0.9,0.02088,2112
3202610,41.4906790,-91.7033818,194.3865,1,18,0.9,0.02088,2112
3202671,41.4906791,-91.7033821,194.3792,1,18,0.9,0.02088,2112
3202796,41.4906791,-91.7033814,194.3651,1,16,0.9,0.19159,2112
3202899,41.4906793,-91.7033818,194.3227,1,17,0.9,0.12548,2112
3203044,41.4906793,-91.7033818,194.3227,1,17,0.9,0.12548,2112
3203301,41.4906793,-91.7033806,194.2603,1,18,0.9,0.02787,2112
3203448,41.4906793,-91.7033806,194.2603,1,18,0.9,0.02787,2112
3203800,41.4906795,-91.7033811,194.2280,1,18,0.9,0.14046,2112
3204063,41.4906795,-91.7033807,194.2124,1,18,0.9,0.16335,2112
3204438,41.4906795,-91.7033807,194.2124,1,18,0.9,69,2112
3204668,41.4906757,-91.7033800,194.2631,1,18,0.9,69,2112
3204836,41.4906757,-91.7033800,194.2560,1,18,0.9,0.08051,2112
3205036,41.4906756,-91.7033799,194.2462,1,18,0.9,0.04756,2112
3205177,41.4906756,-91.7033799,194.2462,1,18,0.9,0.04756,2112
3205525,41.4906760,-91.7033806,194.2533,1,18,0.9,0.04756,2112
3205652,41.4906757,-91.7033803,194.2622,1,18,0.9,0.08415,2112
3205800,41.4906757,-91.7033803,194.2622,1,18,0.9,0.08415,2112
3206030,41.4906759,-91.7033808,194.2353,1,18,0.9,0.08415,2112
3206196,41.4906767,-91.7033810,194.2420,1,05,2.7,0.11762,2112
3206296,41.4906766,-91.7033809,194.2502,1,05,2.7,0.09674,2112
3206445,41.4906766,-91.7033809,194.2502,1,05,2.7,0.09674,2112
3206597,41.4906767,-91.7033809,194.2430,1,18,0.9,0.03597,2112
3206700,41.4906767,-91.7033809,194.2197,1,18,0.9,0.24933,2112
3206853,41.4906767,-91.7033809,194.2197,1,18,0.9,0.24933,2112
3207277,41.4906766,-91.7033811,194.2234,1,05,2.7,0.16580,2112
3207450,41.4906766,-91.7033811,194.2234,1,05,2.7,0.16580,2112
3207602,41.4906777,-91.7033814,194.1587,1,18,0.9,0.18097,2112
3207708,41.4906778,-91.7033813,194.1445,1,18,0.9,0.23276,2112
3207870,41.4906778,-91.7033813,194.1445,1,18,0.9,0.23276,2112
3208110,41.4906778,-91.7033817,194.1689,1,18,0.9,0.24163,2112
3208355,41.4906778,-91.7033817,194.1689,1,18,0.9,0.24163,2112
3208816,41.4906793,-91.7033785,193.8056,1,18,0.9,0.24163,2112
3208995,41.4906793,-91.7033785,193.8056,1,18,0.9,0.24163,2112
3209286,41.4906796,-91.7033773,193.6369,1,18,0.9,0.24163,2112
3209498,41.4906797,-91.7033764,193.5299,1,18,0.9,0.23378,2112
3209651,41.4906797,-91.7033764,193.5299,1,18,0.9,0.23378,2112
3209815,41.4906796,-91.7033770,193.5194,1,18,0.9,0.20680,2112
3210074,41.4906797,-91.7033773,193.5389,1,18,0.9,0.22472,2112
3210286,41.4906797,-91.7033773,193.5389,1,18,0.9,0.22472,2112
3210402,41.4906799,-91.7033777,193.6406,1,18,0.9,0.17997,2112
3210632,41.4906798,-91.7033778,193.6347,1,18,0.9,0.20672,2112
3210738,41.4906798,-91.7033778,193.6347,1,18,0.9,0.20672,2112
3211052,41.4906799,-91.7033774,193.5854,1,18,0.9,0.16841,2112
3211259,41.4906798,-91.7033775,193.5796,1,18,0.9,0.17521,2112
3211437,41.4906798,-91.7033775,193.5796,1,18,0.9,0.17521,2112
3211612,41.4906797,-91.7033787,193.7474,1,18,0.9,36,2112
3211833,41.4906797,-91.7033789,193.8068,1,18,0.9,0.04970,2112
3211958,41.4906797,-91.7033789,193.8068,1,18,0.9,0.04970,2112
3212255,41.4906796,-91.7033793,193.8662,1,18,0.9,0.06918,2112
3212408,41.4906795,-91.7033798,193.9445,1,18,0.9,0.08736,2112
3212628,41.4906796,-91.7033797,193.9287,1,18,0.9,0.09424,2112
3212717,41.4906796,-91.7033797,193.9287,1,18,0.9,0.09424,2112
3213018,41.4906796,-91.7033795,193.8667,1,18,0.9,0.09880,2112
3213102,41.4906795,-91.7033796,193.9070,1,18,0.9,0.08789,2112
3213221,41.4906795,-91.7033796,193.9070,1,18,0.9,0.08789,2112
3213432,41.4906823,-91.7033864,194.3836,1,18,0.9,0.08789,2112
3213523,41.4906823,-91.7033864,194.3836,1,18,0.9,0.08789,2112
3213815,41.4906825,-91.7033856,194.2586,1,18,0.9,0.03572,2112
3213908,41.4906826,-91.7033854,194.2472,1,18,0.9,0.06506,2112
3214057,41.4906826,-91.7033854,194.2472,1,18,0.9,0.06506,2112
3214310,41.4906820,-91.7033850,194.3691,1,05,49.2,0.07169,2112
3214462,41.4906820,-91.7033850,194.3691,1,05,49.2,0.07169,2112
3214725,41.4906823,-91.7033848,194.3600,1,18,0.9,0.04667,2112
3214847,41.4906823,-91.7033847,194.3255,1,18,0.9,0.11365,2112
3215022,41.4906823,-91.7033847,194.3255,1,18,0.9,0.11365,2112
3215079,41.4906823,-91.7033845,194.2720,1,18,0.9,0.11365,2112
3215153,41.4906823,-91.7033845,194.2720,1,18,0.9,0.11365,2112
3215299,41.4906810,-91.7033858,194.3518,1,18,0.9,0.08922,2112
3215443,41.4906810,-91.7033858,194.3518,1,18,0.9,0.08922,2112
3215885,41.4906812,-91.7033855,194.3025,1,18,0.9,0.07434,2112
3215992,41.4906812,-91.7033855,194.3025,1,18,0.9,0.07434,2112
3216210,41.4906811,-91.7033853,194.2563,1,18,0.9,0.02595,2112
3216491,41.4906812,-91.7033853,194.2127,1,18,0.9,0.06509,2112
3216657,41.4906812,-91.7033853,194.2127,1,18,0.9,0.06509,2112
3217092,41.4906815,-91.7033835,193.9359,1,18,0.9,0.09822,2112
3217208,41.4906815,-91.7033835,193.9359,1,18,0.9,0.09822,2112
3217355,41.4906815,-91.7033834,193.8851,1,05,2.7,0.08577,2112
3217511,41.4906814,-91.7033833,193.9019,1,05,2.7,0.06305,2113
3217783,41.4906814,-91.7033833,193.9019,1,05,2.7,0.06305,2113
3218032,41.4906814,-91.7033836,193.8566,1,05,2.7,0.12068,2113
3218108,41.4906814,-91.7033836,193.8566,1,05,2.7,0.12068,2113
3218455,41.4906814,-91.7033834,193.8687,1,05,2.7,0.12068,2113
3218649,41.4906814,-91.7033834,193.8687,1,05,2.7,0.12068,2113
3218895,41.4906814,-91.7033835,193.8778,1,05,2.7,0.13991,2113
3219044,41.4906814,-91.7033835,193.8778,1,05,2.7,0.13991,2113
3219297,41.4906813,-91.7033835,193.8770,1,05,2.7,0.07976,2113
3219449,41.4906813,-91.7033835,193.8770,1,05,2.7,0.07976,2113
3219700,41.4906815,-91.7033834,193.8701,1,05,2.7,0.08955,2113
3219858,41.4906815,-91.7033834,193.8701,1,05,2.7,0.08955,2113
3220001,41.4906813,-91.7033835,193.8810,1,18,0.9,0.08329,2113
3220112,41.4906815,-91.7033833,193.8963,1,16,1.0,0.07350,2113
3220275,41.4906815,-91.7033833,193.8963,1,16,1.0,0.07350,2113
3220507,41.4906760,-91.7033856,194.1863,1,05,2.7,0.09883,2113
3220668,41.4906760,-91.7033856,194.1863,1,05,2.7,0.09883,2113
3220936,41.4906759,-91.7033856,194.2056,1,05,2.7,0.10505,2113
3221221,41.4906759,-91.7033856,194.2056,1,05,2.7,0.14637,2113
3221301,41.4906759,-91.7033855,194.2059,1,05,2.7,0.14637,2112
3221494,41.4906705,-91.7033885,194.2149,1,05,2.7,0.11430,2113
3221647,41.4906705,-91.7033885,194.2149,1,05,2.7,0.11430,2113
3221799,41.4906705,-91.7033884,194.2118,1,05,2.7,0.13538,2113
3221897,41.4906705,-91.7033884,194.2245,1,05,2.7,0.12099,2113
3222050,41.4906705,-91.7033884,194.2245,1,05,2.7,0.12099,2113
3222301,41.4906705,-91.7033884,194.2424,1,05,2.7,0.13318,2113
3222459,41.4906705,-91.7033884,194.2424,1,05,2.7,0.13318,2113
3222614,41.4906706,-91.7033885,194.2267,1,05,2.7,0.11251,2113
3222703,41.4906705,-91.7033885,194.2241,1,05,2.7,0.05384,2113
3222846,41.4906705,-91.7033885,194.2241,1,05,2.7,0.05384,2113
3223112,41.4906706,-91.7033884,194.2416,1,05,2.7,0.05353,2112
3223258,41.4906706,-91.7033884,194.2416,1,05,2.7,0.05353,2112
3223508,41.4906702,-91.7033889,194.2646,1,18,0.9,0.07244,2113
3223768,41.4906702,-91.7033889,194.2646,1,18,0.9,0.07244,2113
3224097,41.4906703,-91.7033890,194.2257,1,05,2.7,0.10716,2112
3224208,41.4906703,-91.7033890,194.2257,1,05,2.7,0.10716,2112
3224350,41.4906704,-91.7033891,194.2134,1,05,2.7,0.10716,2113
3224484,41.4906704,-91.7033891,194.2134,1,05,2.7,0.10716,2113
3224668,41.4906704,-91.7033891,194.2134,1,05,2.7,0.19593,2113
3224801,41.4906703,-91.7033892,194.1848,1,18,0.9,0.10141,2113
3225073,41.4906704,-91.7033890,194.2249,1,18,0.9,0.07982,2113
3225230,41.4906704,-91.7033890,194.2249,1,18,0.9,0.07982,2113
3225450,41.4906701,-91.7033894,194.2122,1,18,0.9,0.13473,2113
3225603,41.4906701,-91.7033894,194.2122,1,18,0.9,0.13473,2113
3225853,41.4906701,-91.7033894,194.2230,1,05,2.7,0.13473,2112
3226012,41.4906701,-91.7033894,194.2230,1,05,2.7,0.13473,2112
3226112,41.4906702,-91.7033894,194.2014,1,05,2.7,0.13473,2112
3226264,41.4906702,-91.7033894,194.2014,1,05,2.7,0.13473,2112
3226407,41.4906700,-91.7033897,194.2380,1,05,2.7,0.07057,2112
3226651,41.4906699,-91.7033896,194.2256,1,05,2.7,0.12782,2113
3226824,41.4906699,-91.7033896,194.2256,1,05,2.7,0.12782,2113
3227098,41.4906700,-91.7033896,194.2773,1,05,2.7,0.05615,2112
3227212,41.4906700,-91.7033896,194.2773,1,05,2.7,0.05615,2112
3227299,41.4906644,-91.7033953,194.2217,1,06,2.6,0.05615,2112
3227437,41.4906644,-91.7033953,194.2217,1,06,2.6,0.05615,2112
3227598,41.4906644,-91.7033953,194.2268,1,06,2.6,0.05869,2112
3227701,41.4906645,-91.7033953,194.2460,1,06,2.6,0.02282,2112
3227849,41.4906645,-91.7033953,194.2460,1,06,2.6,0.02282,2112
3228001,41.4906644,-91.7033953,194.2352,1,06,2.6,0.12833,2112
3228107,41.4906645,-91.7033953,194.2210,1,06,2.6,0.04568,2112
3228253,41.4906645,-91.7033953,194.2210,1,06,2.6,0.04568,2112
3228605,41.4906638,-91.7033944,194.2605,1,06,2.6,0.19744,2112
3228708,41.4906637,-91.7033945,194.2276,1,06,2.6,0.16775,2112
3228892,41.4906637,-91.7033945,194.2276,1,06,2.6,0.16775,2112
3229094,41.4906638,-91.7033944,194.2701,1,06,2.6,0.16574,2112
3229317,41.4906638,-91.7033945,194.2323,1,06,2.6,0.07426,2112
3229484,41.4906638,-91.7033945,194.2323,1,06,2.6,0.07426,2112
3229696,41.4906631,-91.7033939,194.2410,1,05,2.7,0.04076,2113
3229844,41.4906631,-91.7033939,194.2410,1,05,2.7,0.04076,2113
3229998,41.4906630,-91.7033939,194.2407,1,18,0.9,0.10756,2113
3230101,41.4906631,-91.7033938,194.2617,1,18,0.9,0.12706,2113
3230225,41.4906631,-91.7033938,194.2617,1,18,0.9,0.12706,2113
3230484,41.4906629,-91.7033941,194.2681,1,18,0.9,0.12706,2113
3230590,41.4906629,-91.7033941,194.2681,1,18,0.9,0.12706,2113
3230791,41.4906629,-91.7033941,194.2719,1,18,0.9,0.00452,2112
3230905,41.4906629,-91.7033942,194.2722,1,18,0.9,0.1679473,2113
3231090,41.4906630,-91.7033941,194.2932,1,18,0.9,0.09722,2113
3231187,41.4906630,-91.7033941,194.2932,1,18,0.9,0.09722,2113
3232044,41.4906630,-91.7033944,194.2451,1,18,0.9,0.07315,2113
3232172,41.4906630,-91.7033944,194.2451,1,18,0.9,0.07315,2113
3232390,41.4906625,-91.7033964,194.3516,1,05,2.7,N,2113
3232580,41.4906625,-91.7033964,194.3516,1,05,2.7,N,2113
3232757,41.4906626,-91.7033966,194.3407,1,05,2.7,N,2113
3232899,41.4906626,-91.7033966,194.3407,1,05,2.7,0.16106,2113
3233251,41.4906625,-91.7033963,194.3816,1,18,0.9,0.13467,2113
3233348,41.4906625,-91.7033963,194.3816,1,18,0.9,0.13467,2113
3233480,41.4906625,-91.7033963,194.3941,1,20,0.8,0.16508,2113
3233598,41.4906625,-91.7033963,194.3941,1,20,0.8,0.06883,2113
3233702,41.4906625,-91.7033964,194.3586,1,20,0.8,0.07171,2113
3233858,41.4906625,-91.7033964,194.3586,1,20,0.8,0.07171,2113
3234105,41.4906625,-91.7033964,194.3657,1,20,0.8,0.06589,2113
3234225,41.4906626,-91.7033964,194.3562,1,20,0.8,0.11321,2113
3234314,41.4906626,-91.7033964,194.3562,1,20,0.8,0.11321,2113
3234578,41.4906626,-91.7033964,194.3835,1,20,0.8,0.11321,2113
3234732,41.4906626,-91.7033964,194.3835,1,20,0.8,0.11321,2113
3235025,41.4906627,-91.7033966,194.3223,1,20,0.8,0.11321,2113
3235289,41.4906626,-91.7033965,194.3558,1,20,0.8,0.26990,2113
3235603,41.4906626,-91.7033965,194.3558,1,20,0.8,0.22445,2113
3235775,41.4906628,-91.7033967,194.2865,1,20,0.8,0.22445,2113
3235826,41.4906628,-91.7033967,194.2865,1,20,0.8,0.22445,2113
3235897,41.4906626,-91.7033965,194.3125,1,05,2.7,0.38889,2113
3236030,41.4906626,-91.7033965,194.3125,1,05,2.7,0.38889,2113
3236244,41.4906626,-91.7033964,194.3540,1,20,0.8,0.36055,2113
3236312,41.4906626,-91.7033964,194.3540,1,20,0.8,0.36055,2113
3236644,41.4906627,-91.7033971,194.2677,1,20,0.8,0.36055,2113
3236715,41.4906627,-91.7033971,194.2677,1,20,0.8,0.36055,2113
3236982,41.4906628,-91.7033970,194.2917,1,19,0.8,0.37444,2113
3237126,41.4906628,-91.7033970,194.2917,1,19,0.8,0.37444,2113
3237216,41.4906629,-91.7033970,194.2626,1,19,0.8,0.37444,2113
3237288,41.4906630,-91.7033971,194.2619,1,19,0.8,0.37444,2113
3237486,41.4906630,-91.7033971,194.2690,1,20,0.8,0.3004.20,2113
3237580,41.4906630,-91.7033971,194.2690,1,20,0.8,0.3004.20,2113
3238018,41.4906630,-91.7033971,194.2669,1,20,0.8,0.41506,2113
3238233,41.4906629,-91.7033971,194.2475,1,20,0.8,0.31072,2113
3238392,41.4906629,-91.7033971,194.2475,1,20,0.8,0.31072,2113
3238625,41.4906630,-91.7033973,194.2360,1,20,0.8,0.31072,2113
3238711,41.4906630,-91.7033973,194.2360,1,20,0.8,0.31072,2113
3238991,41.4906630,-91.7033974,194.2120,1,20,0.8,0.31072,2113
3239062,41.4906629,-91.7033972,194.2528,1,20,0.8,0.24048,2113
3239217,41.4906629,-91.7033972,194.2528,1,20,0.8,0.12163,2113
3239301,41.4906594,-91.7034010,194.2470,1,20,0.8,0.12163,2113
3239442,41.4906594,-91.7034010,194.2470,1,20,0.8,0.12163,2113
3239702,41.4906593,-91.7034011,194.2397,1,20,0.8,0.06411,2113
3239851,41.4906593,-91.7034011,194.2397,1,20,0.8,0.06411,2113
3240251,41.4906593,-91.7034011,194.2397,1,20,0.8,0.19081,2113
3240494,41.4906576,-91.7034103,194.2462,1,20,0.8,0.19081,2113
3240640,41.4906576,-91.7034103,194.2462,1,20,0.8,0.19081,2113
3240727,41.4906576,-91.7034104,194.2460,1,20,0.8,0.19081,2113
3240911,41.4906576,-91.7034104,194.2460,1,20,0.8,0.19081,2113
3241314,41.4906576,-91.7034107,194.1862,1,19,0.8,0.21943,2113
3241422,41.4906569,-91.7034094,194.3371,1,20,0.8,0.21943,2113
3241546,41.4906569,-91.7034092,194.3577,1,20,0.8,0.23569,2113
3241691,41.4906569,-91.7034092,194.3577,1,20,0.8,0.23569,2113
3241979,41.4906570,-91.7034094,194.3378,1,20,0.8,T,2113
3242074,41.4906570,-91.7034094,194.3378,1,20,0.8,T,2113
3242501,41.4906569,-91.7034094,194.3284,1,19,0.8,0.14924,2113
3242646,41.4906569,-91.7034094,194.3284,1,19,0.8,0.14924,2113
3242823,41.4906572,-91.7034098,194.2532,1,20,0.8,0.17054,2113
3242992,41.4906572,-91.7034098,194.2532,1,20,0.8,0.05629,2113
3243114,41.4906570,-91.7034094,194.3247,1,20,0.8,0.05629,2113
3243187,41.4906567,-91.7034093,194.3580,1,20,0.8,0.05629,2113
3243364,41.4906567,-91.7034093,194.3580,1,20,0.8,0.05428,2113
3243443,41.4906568,-91.7034093,194.3624,1,20,0.8,0.05428,2113
3243819,41.4906569,-91.7034095,194.3385,1,20,0.8,0.05070,2113
3243955,41.4906569,-91.7034095,194.3385,1,20,0.8,0.05070,2113
3244380,41.4906571,-91.7034095,194.3183,1,20,0.8,0.04775,2113
3244565,41.4906571,-91.7034095,194.3183,1,20,0.8,0.04775,2113
3244882,41.4906571,-91.7034095,194.3183,1,20,0.8,0.04775,2113
3245100,41.4906571,-91.7034095,194.3183,1,20,0.8,0.07528,2113
3245279,41.4906572,-91.7034096,194.3245,1,06,2.1,0.07528,2113
3245426,41.4906572,-91.7034096,194.3245,1,06,2.1,0.07528,2113
3245501,41.4906572,-91.7034096,194.3245,1,06,2.1,0.07528,2113
3245707,41.4906571,-91.7034097,194.3027,1,06,2.1,0.07528,2113
3245875,41.4906571,-91.7034097,194.3027,1,06,2.1,0.07528,2113
3245965,41.4906572,-91.7034097,194.3105,1,06,2.1,0.07528,2113
3246108,41.4906572,-91.7034096,194.3149,1,06,2.1,0.09530,2113
3246268,41.4906572,-91.7034096,194.3149,1,06,2.1,0.09530,2113
3246508,41.4906572,-91.7034099,194.2760,1,05,3.3,0.14543,2113
3246670,41.4906572,-91.7034099,194.2760,1,05,3.3,0.14543,2113
3246809,41.4906572,-91.7034095,194.3340,1,06,2.1,0.21594,2113
3246911,41.4906570,-91.7034097,194.3173,1,06,2.1,0.18120,2113
3247187,41.4906570,-91.7034097,194.3173,1,06,2.1,0.18120,2113
3247436,41.4906570,-91.7034096,194.3143,1,06,2.1,0.18750,2113
3247498,41.4906570,-91.7034096,194.3143,1,06,2.1,0.18750,2113
3247682,41.4906571,-91.7034096,194.3030,1,06,2.1,0.18750,2113
3247834,41.4906571,-91.7034096,194.3030,1,06,2.1,0.18750,2113
3247883,41.4906571,-91.7034098,194.3111,1,06,2.1,0.18750,2113
3247997,41.4906571,-91.7034098,194.3111,1,06,2.1,0.18750,2113
3248227,41.4906572,-91.7034095,194.3359,1,06,2.1,0.18750,2113
3248304,41.4906572,-91.7034095,194.3359,1,06,2.1,0.18750,2113
3248489,41.4906571,-91.7034096,194.3213,1,06,2.1,0.1724332,2113
3248639,41.4906571,-91.7034096,194.3213,1,06,2.1,0.1724332,2113
3248708,41.4906570,-91.7034097,194.2978,1,06,2.1,0.1724332,2113
3248893,41.4906570,-91.7034097,194.2978,1,06,2.1,0.1724332,2113
3249094,41.4906571,-91.7034096,194.3188,1,06,2.1,0.1724332,2113
3249249,41.4906571,-91.7034096,194.3188,1,06,2.1,0.1724332,2113
3249362,41.4906571,-91.7034096,194.3188,1,06,2.1,0.15828,2113
3249627,41.4906571,-91.7034096,194.3264,1,06,2.1,0.10808,2113
3249785,41.4906571,-91.7034096,194.3264,1,06,2.1,0.10808,2113
3250002,41.4906571,-91.7034096,194.3264,1,06,2.1,0.09420,2113
3250054,41.4906572,-91.7034096,194.3095,1,06,2.1,0.09420,2113
3250235,41.4906571,-91.7034097,194.3097,1,06,2.1,0.10755,2113
3250436,41.4906571,-91.7034098,194.3158,1,06,2.1,0.10755,2113
3250507,41.4906571,-91.7034098,194.3158,1,06,2.1,0.10755,2113
3250818,41.4906570,-91.7034098,194.3295,1,06,2.1,0.10755,2113
3250976,41.4906570,-91.7034098,194.3295,1,06,2.1,0.10755,2113
3251161,41.4906570,-91.7034098,194.3295,1,06,2.1,0.10755,2113
3251286,41.4906570,-91.7034098,194.3295,1,06,2.1,0.10755,2113
3251523,41.4906570,-91.7034098,194.3295,1,06,2.1,0.12171,2113
3251613,41.4906571,-91.7034101,194.3047,1,06,2.1,0.05810,2113
3251710,41.4906572,-91.7034101,194.3183,1,06,2.1,0.10811,2113
3251873,41.4906572,-91.7034101,194.3183,1,06,2.1,0.10811,2113
3252005,41.4906570,-91.7034099,194.3380,1,06,2.1,0.06301,2113
3252354,41.4906570,-91.7034101,194.3050,1,06,2.1,0.07849,2113
3252476,41.4906570,-91.7034101,194.3050,1,06,2.1,0.07849,2113
3252694,41.4906571,-91.7034103,194.3296,1,06,2.1,0.04479,2113
3252843,41.4906571,-91.7034103,194.3296,1,06,2.1,0.04479,2113
3253179,41.4906571,-91.7034102,194.3338,1,06,2.1,0.09369,2113
3253307,41.4906571,-91.7034102,194.3338,1,06,2.1,0.09369,2113
3253765,41.4906569,-91.7034103,43941694,1,06,2.1,0.09369,2113
3253951,41.4906570,-91.7034102,194.3629,1,06,2.1,0.20021,2113
3254047,41.4906570,-91.7034103,194.3360,1,06,2.1,0.20021,2113
3254198,41.4906570,-91.7034103,194.3360,1,06,2.1,0.20021,2113
3254393,41.4906570,-91.7034103,194.3360,1,06,2.1,0.20021,2113
3254483,41.4906570,-91.7034106,194.3520,1,06,2.1,0.20021,2113
3254603,41.4906567,-91.7034106,194.3426,1,06,2.1,0.20581,2113
3254909,41.4906569,-91.7034105,194.3619,1,06,2.1,0.12478,2113
3255072,41.4906569,-91.7034105,194.3619,1,06,2.1,0.12478,2113
3255212,41.4906540,-91.7034134,194.5914,1,06,2.1,0.18169,2113
3255452,41.4906538,-91.7034134,194.6050,1,06,2.1,0.23747,2113
3255627,41.4906538,-91.7034134,194.6050,1,06,2.1,0.23747,2113
3255713,41.4906539,-91.7034133,194.6150,1,06,2.1,0.24040,2113
3255867,41.4906539,-91.7034133,194.6150,1,06,2.1,0.24040,2113
3255998,41.4906538,-91.7034134,194.5961,1,06,2.1,0.27022,2113
3256105,41.4906539,-91.7034134,194.6075,1,06,2.1,0.25088,2113
3256233,41.4906539,-91.7034134,194.6075,1,06,2.1,0.25088,2113
3256500,41.4906539,-91.7034133,194.6201,1,06,2.1,0.30955,2113
3256656,41.4906539,-91.7034133,194.6201,1,06,2.1,0.30955,2113
3257042,41.4906539,-91.7034134,194.6133,1,06,2.1,0.28004,2113
3257220,41.4906539,-91.7034134,194.6133,1,06,2.1,0.28004,2113
3257298,41.4906539,-91.7034134,194.6133,1,06,2.1,0.28004,2113
3257512,41.4906538,-91.7034145,194.6381,1,06,2.1,0.28004,2113
3257681,41.4906538,-91.7034145,194.6381,1,06,2.1,0.28004,2113
3257905,41.4906538,-91.7034145,194.6381,1,06,2.1,0.28004,2113
3258117,41.4906538,-91.7034145,194.6381,1,06,2.1,0.28004,2113
3258519,41.4906540,-91.7034145,194.6820,1,06,2.1,0.28004,2113
3258684,41.4906540,-91.7034145,194.6820,1,06,2.1,0.28004,2113
3258788,41.4906540,-91.7034145,194.6820,1,06,2.1,0.28004,2113
3258987,41.4906540,-91.7034154,194.7046,1,06,2.1,0.16275,2113
3259096,41.4906540,-91.7034154,194.7046,1,06,2.1,0.12371,2113
3259241,41.4906541,-91.7034154,194.6975,1,06,2.1,0.12371,2113
3259341,41.4906541,-91.7034154,194.6967,1,06,2.1,0.09607,2113
3259399,41.4906541,-91.7034154,194.6967,1,06,2.1,0.09607,2113
3259461,41.4906541,-91.7034157,194.6988,1,06,2.1,0.09607,2113
3259602,41.4906541,-91.7034157,194.6988,1,06,2.1,0.08825,2113
3259840,41.4906539,-91.7034156,194.6904,1,06,2.1,0.08831,2113
3259956,41.4906539,-91.7034156,194.6904,1,06,2.1,0.08831,2113
3260222,41.4906539,-91.7034156,194.6904,1,06,2.1,0.08831,2113
3260439,41.4906542,-91.7034157,194.6839,1,06,2.1,0.01409,2113
3260520,41.4906542,-91.7034157,194.6839,1,06,2.1,0.01409,2113
3260863,41.4906541,-91.7034157,194.6953,1,06,2.1,0.01409,2113
3261180,41.4906541,-91.7034157,194.6953,1,06,2.1,0.01409,2113
3261297,41.4906539,-91.7034159,194.7061,1,06,2.1,0.02322,2113
3261432,41.4906539,-91.7034159,194.7061,1,06,2.1,0.02322,2113
3261647,41.4906543,-91.7034159,194.6980,1,06,2.1,0.06404,2113
3261808,41.4906543,-91.7034159,194.6980,1,06,2.1,0.06404,2113
3262003,41.4906541,-91.7034161,194.6664,1,06,2.1,0.06404,2113
3262103,41.4906541,-91.7034160,194.6683,1,06,2.1,0.04725,2113
3262222,41.4906541,-91.7034160,194.6683,1,06,2.1,0.04725,2113
3262442,41.4906541,-91.7034161,194.6836,1,06,2.1,0.04725,2113
3262593,41.4906541,-91.7034161,194.6836,1,06,2.1,0.04725,2113
3262797,41.4906541,-91.7034161,194.6836,1,06,2.1,0.04725,2113
3262915,41.4906540,-91.7034161,194.7142,1,06,2.1,0.04725,2113
3263042,41.4906541,-91.7034162,194.6631,1,06,2.1,0.065542,2113
3263123,41.4906541,-91.7034162,194.6631,1,06,2.1,0.22443,2113
3263363,41.4906541,-91.7034162,194.6666,1,06,2.1,0.22443,2113
3263478,41.4906541,-91.7034162,194.6666,1,06,2.1,0.22443,2113
3263828,41.4906540,-91.7034162,194.7119,1,06,2.1,0.26426,2113
3263969,41.4906540,-91.7034162,194.7119,1,06,2.1,0.26426,2113
3264441,41.4906540,-91.7034163,194.7040,1,06,2.1,0.24336,2113
3264597,41.4906540,-91.7034163,194.7040,1,06,2.1,0.24336,2113
3264775,41.4906540,-91.7034163,194.7040,1,06,2.1,0.24336,2113
3264900,41.4906540,-91.7034164,194.6749,1,06,2.1,0.24821,2113
3265046,41.4906540,-91.7034164,194.6749,1,06,2.1,0.24821,2113
3265303,41.4906540,-91.7034164,194.7479,1,06,2.1,0.26479,2113
3265458,41.4906540,-91.7034164,194.7479,1,06,2.1,0.26479,2113
3265602,41.4906540,-91.7034165,194.7355,1,06,2.1,0.16268,2113
3265706,41.4906539,-91.7034163,194.7489,1,06,2.1,0.27115,2113
3265865,41.4906539,-91.7034163,194.7489,1,06,2.1,0.27115,2113
3266003,41.4906542,-91.7034163,194.7838,1,06,2.1,0.15313,2113
3266254,41.4906539,-91.7034164,194.7634,1,06,2.1,0.21600,2113
3266430,41.4906539,-91.7034164,194.7634,1,06,2.1,0.21600,2113
3266630,41.4906540,-91.7034162,194.8089,1,06,2.1,0.21600,2113
3267015,41.4906539,-91.7034164,194.7748,1,07,2.1,0.21600,2113
3267209,41.4906539,-91.7034164,194.7748,1,07,2.1,0.21600,2113
3267494,41.4906538,-91.7034165,194.7958,1,07,2.1,69,2113
3267643,41.4906538,-91.7034165,194.7958,1,07,2.1,69,2113
3267807,41.4906537,-91.7034163,194.8448,1,07,2.1,0.13297,2113
3267899,41.4906539,-91.7034163,194.8411,1,07,2.1,0.15248,2113
3268054,41.4906539,-91.7034163,194.8411,1,07,2.1,0.15248,2113
3268482,41.4906538,-91.7034163,194.8654,1,07,2.1,0.22230,2113
3268569,41.4906538,-91.7034163,194.8654,1,07,2.1,0.22230,2113
3268913,41.4906538,-91.7034164,194.8475,1,07,2.1,0.08741,2113
3269047,41.4906538,-91.7034164,194.8475,1,07,2.1,0.08741,2113
3269300,41.4906538,-91.7034164,194.8475,1,07,2.1,0.06736,2113
3269476,41.4906538,-91.7034165,194.8230,1,07,2.1,0.06736,2113
3269587,41.4906538,-91.7034162,194.8741,1,07,2.1,0.13126,2113
3269681,41.4906538,-91.7034162,194.8741,1,07,2.1,0.13126,2113
3269800,41.4906539,-91.7034162,194.8476,1,07,2.1,0.04853,2113
3270009,41.4906539,-91.7034162,194.8476,1,07,2.1,0.04853,2113
3270159,41.4906538,-91.7034163,194.8522,1,07,2.1,0.06875,2113
3270268,41.4906538,-91.7034163,194.8522,1,07,2.1,0.06875,2113
3270495,41.4906537,-91.7034162,194.9112,1,07,2.1,0.09739,2113
3270630,41.4906537,-91.7034162,194.9112,1,07,2.1,0.09739,2113
3270809,41.4906536,-91.7034163,194.8806,1,07,2.1,0.17120,2113
3270901,41.4906537,-91.7034163,194.8787,1,07,2.1,0.15078,2113
3271039,41.4906537,-91.7034163,194.8787,1,07,2.1,0.15078,2113
3271302,41.4906534,-91.7034163,194.9130,1,07,2.1,0.22125,2113
3271442,41.4906534,-91.7034163,194.9130,1,07,2.1,0.22125,2113
3271607,41.4906534,-91.7034165,194.8774,1,07,2.1,0.11267,2113
3271705,41.4906534,-91.7034164,194.9072,1,07,2.1,0.07394,2113
3271855,41.4906534,-91.7034164,194.9072,1,07,2.1,0.07394,2113
3272116,41.4906532,-91.7034165,194.8773,1,07,2.1,0.08081,2113
3272239,41.4906532,-91.7034165,194.8773,1,07,2.1,0.08081,2113
3272499,41.4906532,-91.7034165,194.8582,1,07,2.1,0.08081,2113
3272731,41.4906532,-91.7034165,194.8582,1,07,2.1,0.08081,2113
3272897,41.4906534,-91.7034164,194.8961,1,07,2.1,0.05285,2113
3273041,41.4906532,-91.7034166,194.8590,1,07,2.1,0.0328616,2113
3273219,41.4906533,-91.7034165,194.8549,1,07,2.1,0.0328616,2113
3273365,41.4906533,-91.7034165,194.8549,1,07,2.1,0.0328616,2113
3273497,41.4906504,-91.7034180,195.3338,1,07,2.1,0.02276,2112
3273637,41.4906504,-91.7034180,195.3338,1,07,2.1,0.02276,2112
3273809,41.4906505,-91.7034179,195.3664,1,07,2.1,0.05792,2112
3273903,41.4906503,-91.7034180,195.3352,1,07,2.1,0.07395,2113
3274046,41.4906503,-91.7034180,195.3352,1,07,2.1,0.07395,2113
3274307,41.4906473,-91.7034185,195.3734,1,07,2.1,0.06016,2112
3274457,41.4906473,-91.7034185,195.3734,1,07,2.1,0.06016,2112
3274708,41.4906473,-91.7034185,195.3963,1,07,2.1,0.06127,2112
3274892,41.4906473,-91.7034185,195.3963,1,07,2.1,0.06127,2112
3275116,41.4906472,-91.7034186,195.3789,1,07,2.1,0.05744,2112
3275248,41.4906472,-91.7034186,195.3789,1,07,2.1,0.05744,2112
3275726,41.4906443,-91.7034185,195.4062,1,07,2.1,0.12454,2112
3275851,41.4906443,-91.7034186,195.4030,1,07,2.1,0.11680,2112
3276073,41.4906443,-91.7034186,195.4030,1,07,2.1,0.11680,2112
3276171,41.4906443,-91.7034186,195.4030,1,07,2.1,0.11680,2112
3276282,41.4906442,-91.7034185,195.4041,1,06,2.6,0.11680,2112
3276500,41.4906410,-91.7034182,195.4159,1,07,2.4,0.11960,2112
3276645,41.4906410,-91.7034182,195.4159,1,07,2.4,0.11960,2112
3277076,41.4906409,-91.7034182,195.4150,1,07,2.4,0.07128,2112
3277245,41.4906409,-91.7034182,195.4150,1,07,2.4,0.07128,2112
3277404,41.4906378,-91.7034181,195.4040,1,06,2.6,0.12783,2112
3277507,41.4906379,-91.7034181,195.4069,1,06,2.6,0.06604,2112
3277660,41.4906379,-91.7034181,195.4069,1,06,2.6,0.06604,2112
3278037,41.4906380,-91.7034180,195.4122,1,06,2.6,0.04486,2112
3278132,41.4906380,-91.7034180,195.4122,1,06,2.6,0.04486,2112
3278408,41.4906344,-91.7034174,195.4658,1,06,2.6,0.09481,2112
3278512,41.4906346,-91.7034175,195.4412,1,06,2.6,0.03309,2112
3278787,41.4906346,-91.7034175,195.4412,1,06,2.6,0.03309,2112
3279097,41.4906343,-91.7034175,195.4235,1,06,2.6,0.06696,2112
3279218,41.4906343,-91.7034175,195.4235,1,06,2.6,0.06696,2112
3279474,41.4906313,-91.7034167,195.4698,1,06,2.6,0.06696,2112
3279554,41.4906313,-91.7034167,195.4698,1,06,2.6,0.06696,2112
3279701,41.4906312,-91.7034169,195.4361,1,06,2.6,0.02562,2112
3279855,41.4906312,-91.7034169,195.4361,1,06,2.6,0.02562,2112
3280286,41.4906313,-91.7034168,195.4478,1,06,2.6,0.13653,2112
3280433,41.4906313,-91.7034168,195.4478,1,06,2.6,0.13653,2112
3280705,41.4906278,-91.7034160,195.4079,1,07,2.1,0.02565,2112
3280893,41.4906278,-91.7034160,195.4079,1,07,2.1,0.02565,2112
3281143,41.4906279,-91.7034160,195.4194,1,07,2.1,0.04440,2112
3281269,41.4906279,-91.7034160,195.4194,1,07,2.1,0.04440,2112
3281509,41.4906250,-91.7034149,195.3875,1,07,2.1,0.04241,2112
3281673,41.4906250,-91.7034149,195.3875,1,07,2.1,0.04241,2112
3281827,41.4906252,-91.7034149,195.4002,1,07,2.1,0.03489,2112
3282034,41.4906252,-91.7034149,195.3758,1,07,2.1,0.01470,2112
3282231,41.4906252,-91.7034149,195.3758,1,07,2.1,0.01470,2112
3282498,41.4906225,-91.7034138,195.4081,1,06,3.6,0.02044,2112
3282649,41.4906225,-91.7034138,195.4081,1,06,3.6,0.02044,2112
3282797,41.4906227,-91.7034137,195.3810,1,06,3.6,0.02349,2112
3282901,41.4906227,-91.7034139,195.4198,1,06,3.6,0.02944,2112
3283040,41.4906227,-91.7034139,195.4198,1,06,3.6,0.02944,2112
3283287,41.4906225,-91.7034140,195.3796,1,06,3.6,0.04161,2112
3283442,41.4906225,-91.7034140,195.3796,1,06,3.6,0.04161,2112
3283599,41.4906204,-91.7034127,195.4581,1,06,3.6,0.01587,2112
3283708,41.4906203,-91.7034129,195.4649,1,06,3.6,0.01791,2112
3283852,41.4906203,-91.7034129,195.4649,1,06,3.6,0.01791,2112
3284003,41.4906202,-91.7034130,195.5098,1,06,3.6,0.04494,2112
3284244,41.4906201,-91.7034128,195.4439,1,06,3.6,0.06843,2112
3284395,41.4906201,-91.7034128,195.4439,1,06,3.6,0.06843,2112
3284638,41.4906201,-91.7034128,195.4439,1,06,3.6,0.06843,2112
3284832,41.4906176,-91.7034122,195.6266,1,06,3.6,0.06843,2112
3285033,41.4906177,-91.7034125,195.6446,1,05,50.9,0.06843,2112
3285099,41.4906177,-91.7034125,195.6446,1,05,50.9,0.06843,2112
3285257,41.4906179,-91.7034116,195.4811,1,05,50.9,0.06843,2112
3285403,41.4906179,-91.7034116,195.4811367,1,05,50.9,0.06843,2112
3285697,41.4906157,-91.7034110,195.6664,1,05,50.9,0.086435.,2113
3285848,41.4906157,-91.7034110,195.6664,1,05,50.9,0.086435.,2113
3286016,41.4906154,-91.7034126,195.9254,1,05,50.9,T,2113
3286123,41.4906153,-91.7034128,195.9549,1,05,50.9,0.10875,2113
3286269,41.4906153,-91.7034128,195.9549,1,05,50.9,0.10875,2113
3286419,41.4906152,-91.7034119,195.8611,1,05,50.9,0.05859,2113
3286505,41.4906153,-91.7034119,195.8420,1,05,50.9,0.14986,2113
3286653,41.4906153,-91.7034119,195.8420,1,05,50.9,0.14986,2113
3286907,41.4906152,-91.7034123,195.9157,1,05,50.9,T,2113
3287063,41.4906152,-91.7034123,195.9157,1,05,50.9,T,2113
3287309,41.4906151,-91.7034119,195.8392,1,05,50.9,T,2113
3287580,41.4906151,-91.7034119,195.8392,1,05,50.9,T,2113
3287855,41.4906148,-91.7034133,196.0981,1,05,50.9,291.883,2113
3288013,41.4906148,-91.7034133,196.0981,1,05,50.9,291.883,2113
3288297,41.4906125,-91.7034107,196.0279,1,05,50.9,0.08859,2113
3288440,41.4906125,-91.7034107,196.0279,1,05,50.9,0.08859,2113
3288597,41.4906126,-91.7034102,195.9735,1,05,50.9,T,2113
3288701,41.4906126,-91.7034105,196.0123,1,05,50.9,0.05522,2113
3288874,41.4906126,-91.7034105,196.0123,1,05,50.9,0.05522,2113
3289000,41.4906127,-91.7034097,195.8728,1,05,51.0,T,2113
3289110,41.4906120,-91.7034126,196.3414,1,05,51.0,0.08159,2113
3289260,41.4906120,-91.7034126,196.3414,1,05,51.0,0.08159,2113
3289603,41.4906126,-91.7034094,195.8103,1,05,51.0,0.13960,2113
3289772,41.4906127,-91.7034078,195.5596,1,05,51.0,0.06676,2113
3289938,41.4906127,-91.7034078,195.5596,1,05,51.0,0.06676,2113
3290117,41.4906126,-91.7034098,195.8913,1,05,51.0,0.09108,2113
3290274,41.4906126,-91.7034098,195.8913,1,05,51.0,0.09108,2113
3290627,41.4906126,-91.7034073,195.4580,1,18,0.8,0.13567,2113
3290764,41.4906126,-91.7034073,195.4580,1,18,0.8,0.13567,2113
3290995,41.4906122,-91.7034096,195.8336,1,05,51.0,0.17145,2113
3291098,41.4906121,-91.7034096,195.8295,1,05,51.0,0.15112,2113
3291222,41.4906121,-91.7034096,195.8295,1,05,51.0,0.15112,2113
3291459,41.4906105,-91.7034062,195.7016,1,05,51.0,0.15112,2113
3291628,41.4906105,-91.7034062,195.7016,1,05,51.0,0.15112,2113
3291821,41.4906101,-91.7034077,195.9760,1,05,51.0,0.14773,2113
3292057,41.4906101,-91.7034080,196.0195,1,05,51.0,0.12823,2113
3292231,41.4906101,-91.7034080,196.0195,1,05,51.0,0.12823,2113
3292406,41.4906100,-91.7034080,195.9934,1,05,51.0,0.12823,2113
3292507,41.4906100,-91.7034080,196.0123,1,05,51.0,0.15122,2113
3292666,41.4906100,-91.7034080,196.0123,1,05,51.0,0.15122,2113
3292815,41.4906101,-91.7034078,196.0200,1,05,51.0,0.07627,2113
3292980,41.4906099,-91.7034082,196.0182,1,05,51.0,0.13839,2113
3293070,41.4906099,-91.7034082,196.0188,1,05,51.0,0.13839,2113
3293346,41.4906099,-91.7034080,196.0561,1,05,51.0,0.13839,2113
3293494,41.4906084,-91.7034064,195.8212,1,05,51.0,0.20806,2113
3293640,41.4906084,-91.7034064,195.8212,1,05,51.0,0.20806,2113
3293801,41.4906084,-91.7034066,195.8093,1,05,51.0,205.356,2113
3293959,41.4906083,-91.7034068,195.7905,1,05,51.0,0.20836,2113
3294115,41.4906083,-91.7034068,195.7905,1,05,51.0,0.20836,2113
3294302,41.4905994,-91.7034065,195.5167,1,05,51.0,0.22201,2113
3294435,41.4905994,-91.7034065,195.5167,1,05,51.0,0.22201,2113
3294705,41.4905996,-91.7034058,195.4253,1,05,51.0,0.15078,2113
3294848,41.4905996,-91.7034058,195.4253,1,05,51.0,0.15078,2113
3295006,41.4905999,-91.7034051,195.2986,1,05,51.0,0.15412,2113
3295108,41.4905999,-91.7034051,195.2858,1,05,51.0,0.13895,2113
3295248,41.4905999,-91.7034051,195.2858,1,05,51.0,0.13895,2113
3295409,41.4906000,-91.7034048,195.2584,1,05,51.0,0.14479,2113
3295512,41.4906000,-91.7034047,195.1984,1,05,51.0,0.06404,2113
3295656,41.4906000,-91.7034047,195.1984,1,05,51.0,0.06404,2113
3296028,41.4906001,-91.7034039,195.0516,1,05,51.0,0.08464,2113
3296188,41.4906001,-91.7034039,195.0516,1,05,51.0,0.08464,2113
3296449,41.4905997,-91.7034052,195.2897,1,05,51.0,0.15989,2113
3296597,41.4905997,-91.7034052,195.2897,1,05,51.0,0.15989,2113
3296869,41.4905993,-91.7034071,195.6274,1,05,51.0,0.15989,2113
3297025,41.4905993,-91.7034071,195.6274,1,05,51.0,0.15989,2113
3297232,41.4905993,-91.7034071,195.6274,1,05,51.0,0.19488,2113
3297453,41.4905989,-91.7034084,195.7895,1,05,51.0,0.06749,2113
3297613,41.4905989,-91.7034084,195.7895,1,05,51.0,0.06749,2113
3297695,41.4905989,-91.7034084,195.7895,1,05,51.0,0.06749,2113
3297934,41.4905988,-91.7034085,195.8811,1,19,0.8,0.06749,2113
3298045,41.4905988,-91.7034085,195.8811,1,19,0.8,0.06749,2113
3298301,41.4905987,-91.7034094,195.9490,1,05,51.1,0.22315,2113
3298398,41.4905987,-91.7034094,195.9490,1,05,51.1,0.22315,2113
3298556,41.4905983,-91.7034097,196.0686,1,05,51.1,0.17638,2113
3298628,41.4905984,-91.7034104,196.1363,1,05,51.1,0.1906602,2113
3298992,41.4905983,-91.7034105,196.1934,1,05,51.1,0.13313,2113
3299174,41.4905983,-91.7034105,196.1934,1,05,51.1,0.13313,2113
3299386,41.4905944,-91.7034106,195.5260,1,19,0.8,0.13313,2113
3299469,41.4905944,-91.7034106,195.5260,1,19,0.8,0.13313,2113
3299702,41.4905947,-91.7034095,195.4322,1,19,0.8,0.17284,2113
3299842,41.4905947,-91.7034095,195.4322,1,19,0.8,0.17284,2113
3300153,41.4905950,-91.7034083,195.2527,1,19,0.8,0.20847,2113
3300291,41.4905950,-91.7034083,195.2527,1,19,0.8,0.20847,2113
3300500,41.4905933,-91.7034104,195.2424,1,05,51.1,0.20847,2113
3301082,41.4905934,-91.7034105,195.1862,1,19,0.8,0.02634,2113
3301190,41.4905934,-91.7034105,195.1862,1,19,0.8,0.02634,2113
3301333,41.4905934,-91.7034100,195.1563,1,19,0.8,0.06066,2113
3301421,41.4905934,-91.7034100,195.1528,1,19,0.8,0.0880N,2113
3301508,41.4905934,-91.7034100,195.1692,1,19,0.8,0.06562,2113
3301667,41.4905934,-91.7034100,195.1692,1,19,0.8,0.06562,2113
3302003,41.4905933,-91.7034106,195.1615,1,19,0.8,0.14559,2113
3302197,41.4905934,-91.7034104,195.1801,1,19,0.8,0.17636,2113
3302344,41.4905934,-91.7034105,195.2004,1,19,0.8,0.03541,2113
3302407,41.4905934,-91.7034105,195.2004,1,19,0.8,0.03541,2113
3302495,41.4905932,-91.7034106,195.2403,1,05,51.1,0.10708,2113
3302639,41.4905932,-91.7034106,195.2403,1,05,51.1,0.10708,2113
3302804,41.4905932,-91.7034111,195.2951,1,05,51.1,0.08590,2113
3302905,41.4905930,-91.7034115,195.2958,1,05,51.1,0.16307,2113
3303052,41.4905930,-91.7034115,195.2958,1,05,51.1,0.16307,2113
3303303,41.4905916,-91.7034093,194.8746,1,05,51.1,0.05827,2113
3303453,41.4905916,-91.7034093,194.8746,1,05,51.1,0.05827,2113
3303607,41.4905917,-91.7034089,194.8130,1,05,51.1,0.13409,2113
3303706,41.4905917,-91.7034094,194.8664,1,05,51.1,0.14575,2113
3303866,41.4905917,-91.7034094,194.8664,1,05,51.1,0.14575,2113
3304005,41.4905916,-91.7034093,194.8354,1,05,51.1,0.04256,2113
3304117,41.4905916,-91.7034095,194.8514,1,05,51.1,0.06056,2113
3304281,41.4905916,-91.7034095,194.8514,1,05,51.1,0.06056,2113
3304625,41.4905921,-91.7034085,194.7219,1,05,51.1,0.06118,2113
3304762,41.4905921,-91.7034085,194.7219,1,05,51.1,0.06118,2113
3304996,41.4905921,-91.7034082,194.6156,1,05,51.1,0.03738,2113
3305127,41.4905923,-91.7034076,194.5476,1,05,51.1,0.12173,2113
3305281,41.4905923,-91.7034076,194.5476,1,05,51.1,0.12173,2113
3305447,41.4905921,-91.7034084,194.6875,1,05,51.1,0.07564,2113
3305637,41.4905921,-91.7034084,194.6875,1,05,51.1,0.12073,2113
3305819,41.4905921,-91.7034087,194.7512,1,05,51.1,0.12073,2113
3306002,41.4905919,-91.7034093,194.8807,1,05,51.1,0.09272.8,2113
3306110,41.4905919,-91.7034096,194.8790,1,05,51.1,0.14310,2113
3306249,41.4905919,-91.7034096,194.8790,1,05,51.1,0.14310,2113
3306507,41.4905920,-91.7034086,194.7107,1,07,9.1,0.13927,2113
3306647,41.4905920,-91.7034086,194.7107,1,07,9.1,0.13927,2113
3306855,41.4905922,-91.7034090,194.7698,1,07,9.1,0.55253,2113
3307115,41.4905921,-91.7034089,194.8247,1,07,9.1,0.44460,2113
3307245,41.4905921,-91.7034089,194.8247,1,07,9.1,0.44460,2113
3307445,41.4905921,-91.7034089,194.8210,1,07,9.1,0.44460,2113
3307573,41.4905921,-91.7034089,194.8210,1,07,9.1,0.44460,2113
3307797,41.4905922,-91.7034086,194.7610,1,07,9.1,0.34349,2113
3307898,41.4905922,-91.7034085,194.7400,1,07,9.1,0.34055,2113
3308033,41.4905922,-91.7034085,194.7400,1,07,9.1,0.34055,2113
3308377,41.4905921,-91.7034084,194.7061,1,07,9.1,0.37554,2113
3308436,41.4905921,-91.7034084,194.7061,1,07,9.1,0.37554,2113
3308510,41.4905921,-91.7034088,194.7743,1,07,9.1,0.37554,2113
3308648,41.4905921,-91.7034088,194.7743,1,07,9.1,0.37554,2113
3308819,41.4905922,-91.7034085,194.7231,1,07,9.1,0.39590,2113
3309004,41.4905922,-91.7034083,194.7127,1,07,9.1,0.44846,2113
3309080,41.4905922,-91.7034083,194.7127,1,07,9.1,0.44846,2113
3309400,41.4905922,-91.7034087,194.7868,1,07,9.1,0.44846,2113
3309479,41.4905922,-91.7034087,194.7868,1,07,9.1,0.44846,2113
3309862,41.4905922,-91.7034084,194.7340,1,07,9.1,0.52463,2113
3310013,41.4905922,-91.7034084,194.7340,1,07,9.1,0.52463,2113
3310508,41.4905922,-91.7034079,194.6820,1,07,9.1,0.52463,2113
3310805,41.4905922,-91.7034078,194.6386,1,07,9.1,0.55124,2113
3310875,41.4905924,-91.7034074,194.5664,1,07,9.1,0.47027,2113
3311100,41.4905923,-91.7034077,194.5650,1,07,9.1,0.41273,2113
3311213,41.4905923,-91.7034077,194.5650,1,07,9.1,0.41273,2113
3311303,41.4905925,-91.7034076,194.6002,1,07,9.1,0.41273,2113
3311444,41.4905925,-91.7034076,194.6002,1,07,9.1,0.41273,2113
3311615,41.4905925,-91.7034076,194.6100,1,07,9.1,0.67007,2113
3311706,41.4905926,-91.7034072,194.5817,1,07,9.1,0.67339,2113
3311850,41.4905926,-91.7034072,194.5817,1,07,9.1,0.67339,2113
3312109,41.4905925,-91.7034079,194.6518,1,07,9.1,0.66156,2113
3312228,41.4905925,-91.7034079,194.6518,1,07,9.1,0.66156,2113
3312486,41.4905925,-91.7034082,194.6989,1,07,9.1,0.66156,2113
3312577,41.4905925,-91.7034082,194.6989,1,07,9.1,0.66156,2113
3312784,41.4905927,-91.7034073,194.5844,1,07,9.1,0.32374,2113
3312942,41.4905927,-91.7034073,194.5844,1,07,9.1,0.32374,2113
3313242,41.4905929,-91.7034067,194.5211,1,07,9.1,0.30519,2113
3313363,41.4905928,-91.7034073,194.5425,1,07,9.1,0.31781,2113
3313499,41.4905994,-91.7034022,194.1449,1,07,9.1,0.33707,2113
3313640,41.4905994,-91.7034022,194.1449,1,07,9.1,0.33707,2113
3313822,41.4905994,-91.7034027,194.1879,1,07,9.1,0.29839,2113
3313904,41.4905992,-91.7034027,194.2184,1,07,9.1,0.31632,2113
3314048,41.4905992,-91.7034027,194.2184,1,07,9.1,0.31632,2113
3314303,41.4906003,-91.7034031,194.1324,1,07,9.1,0.21170,2113
3314452,41.4906003,-91.7034031,194.1324,1,07,9.1,0.21170,2113
3314610,41.4906004,-91.7034032,194.1580,1,07,9.1,0.29288,2113
3314709,41.4906005,-91.7034029,194.1227,1,07,9.1,0.28344,2113
3314893,41.4906005,-91.7034029,194.1227,1,07,9.1,0.28344,2113
3315114,41.4906002,-91.7034036,194.2012,1,07,9.1,0.29096,2113
3315271,41.4906002,-91.7034036,194.2012,1,07,9.1,0.29096,2113
3315410,41.4906017,-91.7034023,194.0771,1,07,9.1,0.29096,2113
3315513,41.4906015,-91.7034025,194.1063,1,07,9.1,0.31425,2113
3315789,41.4906015,-91.7034025,194.1063,1,07,9.1,0.31425,2113
3316099,41.4906017,-91.7034018,194.0023,1,07,9.1,0.29449,2113
3316221,41.4906017,-91.7034018,194.0023,1,07,9.1,0.29449,2113
3316482,41.4906035,-91.7034027,194.2058,1,07,9.1,0.29449,2113
3316577,41.4906035,-91.7034027,194.2058,1,07,9.1,0.29449,2113
3316821,41.4906033,-91.7034026,194.2167,1,05,12.4,0.33731,2113
3317015,41.4906035,-91.7034026,194.2402,1,05,12.4,0.37740,2113
3317104,41.4906035,-91.7034026,194.2402GNG,1,05,12.4,0.37740,2113
3317363,41.4906033,-91.7034029,194.2785,1,05,12.4,0.37740,2113
3317519,41.4906033,-91.7034029,194.2785,1,05,12.4,0.37740,2113
3317708,41.4906053,-91.7034009,194.0874,1,05,12.4,0.39688,2113
3317855,41.4906053,-91.7034009,194.0874,1,05,12.4,0.39688,2113
3318008,41.4906053,-91.7034011,194.1587,1,05,12.4,0.26630,2113
3318115,41.4906053,-91.7034011,194.1843,1,05,12.4,0.12595,2113
3318262,41.4906053,-91.7034011,194.1843,1,05,12.4,0.12595,2113
3318509,41.4906062,-91.7034011,194.0995,1,06,9.4,0.09059,2113
3318773,41.4906062,-91.7034011,194.0995,1,06,9.4,0.09059,2113
3318991,41.4906062,-91.7034010,194.0546,1,06,9.4,0.06931,2113
3319112,41.4906058,-91.7034018,194.2154,1,06,9.4,0.05777,2113
3319246,41.4906058,-91.7034018,194.2154,1,06,9.4,0.05777,2113
3319397,41.4906073,-91.7034009,194.0125,1,06,9.4,68,2113
3319502,41.4906076,-91.7034000,193.8569,1,06,9.4,0.12299,2113
3319640,41.4906076,-91.7034000,193.8569,1,06,9.4,0.12299,2113
3319816,41.4906075,-91.7034003,193.8696,1,06,9.4,0.14032,2113
3319903,41.4906074,-91.7034007,193.9382,1,06,9.4,0.12605,2113
3320044,41.4906074,-91.7034007,193.9382,1,06,9.4,0.12605,2113
3320204,41.4906075,-91.7034011,194.0122,1,06,9.4,0.11713,2113
3320306,41.4906072,-91.7034013,194.0136,1,06,9.4,0.11901,2113
3320453,41.4906072,-91.7034013,194.0136,1,06,9.4,0.11901,2113
3320706,41.4906073,-91.7034006,193.9494,1,06,9.4,0.11474,2113
3320865,41.4906073,-91.7034006,193.9494,1,06,9.4,0.11474,2113
3321117,41.4906074,-91.7034013,194.0120,1,06,9.4,0.18961,2113
3321387,41.4906074,-91.7034013,194.0120,1,06,9.4,0.18961,2113
3321594,41.4906075,-91.7034002,193.8333,1,06,9.4,68,2113
3321698,41.4906075,-91.7034003,193.8543,1,06,9.4,0.11884,2113
3321841,41.4906075,-91.7034003,193.8543,1,06,9.4,0.11884,2113
3322010,41.4906076,-91.7034000,193.8399,1,06,9.4,0.10164,2113
3322106,41.4906074,-91.7034010,193.9535,1,06,9.4,0.08438,2113
3322224,41.4906074,-91.7034010,193.9535,1,06,9.4,0.08438,2113
3322482,41.4906095,-91.7033991,193.5731,1,06,9.4,0.08438,2113
3322569,41.4906095,-91.7033991,193.5731,1,06,9.4,0.08438,2113
3322909,41.4906090,-91.7034013,193.9129,1,05,12.4,0.19045,2113
3323059,41.4906090,-91.7034013,193.9129,1,05,12.4,0.19045,2113
3323428,41.4906097,-91.7034008,193.5680,1,05,12.4,0.28952,2113
3323524,41.4906097,-91.7034008,193.5680,1,05,12.4,0.28952,2113
3323713,41.4906094,-91.7034011,193.6242,1,05,12.4,0.24876,2113
3323886,41.4906094,-91.7034011,193.6242,1,05,12.4,0.24876,2113
3324117,41.4906087,-91.7034032,193.9987,1,05,12.4,0.18769,2113
3324390,41.4906087,-91.7034032,193.9987,1,05,12.4,0.18769,2113
3324824,41.4906093,-91.7034014,193.6268,1,05,12.4,262.110,2113
3324912,41.4906093,-91.7034014,193.6268,1,05,12.4,262.110,2113
3325092,41.4906092,-91.7034027,193.8535,1,05,12.4,262.110,2113
3325376,41.4906092,-91.7034021,193.7793,1,05,12.4,0.08904,2113
3325585,41.4906092,-91.7034021,193.7793$GN,1,05,12.4,0.08904,2113
3325795,41.4906093,-91.7034042,26.1,1,05,.3,0.0823655,2113
3326026,41.4906096,-91.7034033,193.3960,1,05,12.3,0.07454,2113
3326270,41.4906096,-91.7034033,193.3868,1,05,12.3,0.105,2113
3326440,41.4906096,-91.7034033,193.3868,1,05,12.3,0.105,2113
3326606,41.4906098,-91.7034047,193.4058,1,06,9.4,0.12037,2113
3326820,41.4906098,-91.7034048,193.4632,1,06,9.4,0.12235,2113
3326986,41.4906098,-91.7034048,193.4632,1,06,9.4,0.12235,2113
3327180,41.4906098,-91.7034044,193.4338,1,06,9.4,0.12235,2113
3327277,41.4906104,-91.7034051,193.3149,1,06,9.4,0.09515.7,2113
3327586,41.4906105,-91.7034048,193.3031,1,05,12.3,0.08131,2113
3327853,41.4906105,-91.7034048,193.3031,1,05,12.3,0.08131,2113
3328184,41.4906104,-91.7034051,193.3211,1,05,12.3,0.04818,2113
3328259,41.4906111,-91.7034048,193.2709,1,05,12.3,0.04818,2113
3328408,41.4906112,-91.7034044,193.2192,1,05,12.3,0.11580,2113
3328502,41.4906112,-91.7034042,193.1824,1,05,12.3,0.14682,2113
3328655,41.4906112,-91.7034042,193.1824,1,05,12.3,0.14682,2113
3328807,41.4906112,-91.7034051,193.2705,1,05,12.3,0.06214,2113
3328906,41.4906113,-91.7034046,193.2683,1,05,12.3,0.17184,2113
3329075,41.4906113,-91.7034046,193.2683,1,05,12.3,0.17184,2113
3329487,41.4906121,-91.7034054,193.4349,1,06,9.4,0.07000,2113
3329613,41.4906121,-91.7034054,193.4349,1,06,9.4,0.07000,2113
3329904,41.4906121,-91.7034057,193.4724,1,06,9.4,0.13380,2113
3330125,41.4906120,-91.7034059,193.562,1,06,9.4,0.07050,2113
3330277,41.4906120,-91.7034059,193.562,1,06,9.4,0.05345,2113
3330409,41.4906120,-91.7034059,193.562,1,06,9.4,0.12532,2113
3330512,41.4906125,-91.7034047,193.3603,1,06,9.4,0.09860,2113
3330774,41.4906125,-91.7034047,193.3603,1,06,9.4,0.09860,2113
3331098,41.4906126,-91.7034046,193.3173,1,06,9.4,0.06603,2113
3331183,41.4906126,-91.7034047,193.3196,1,06,9.4,0.15322,2113
3331248,41.4906126,-91.7034047,193.3196,1,06,9.4,0.15322,2113
3331388,41.4906153,-91.7034072,193.6719,1,06,9.4,0.16082,2113
3331460,41.4906153,-91.7034072,193.6719,1,06,9.4,0.16082,2113
3331604,41.4906153,-91.7034071,193.6687,1,06,9.4,0.16082,2113
3331877,41.4906154,-91.7034069,193.6224,1,06,9.4,.3,2113
3331959,41.4906154,-91.7034069,193.6224,1,06,9.4,.3,2113
3332154,41.4906156,-91.7034068,193.6267,1,06,9.4,0.13987,2113
3332293,41.4906156,-91.7034068,193.6267,1,06,9.4,0.13987,2113
3332682,41.4906156,-91.7034068,193.6267,1,06,9.4,0.14653,2113
3332850,41.4906156,-91.7034068,193.6267,1,06,9.4,0.12593,2113
3332994,41.4906161,-91.7034066,193.5879,1,06,9.4,0.12593,2113
3333131,41.4906160,-91.7034061,193.5936,1,06,9.4,0.12593,2113
3333262,41.4906161,-91.7034065,193.5918,1,06,9.4,0.15223,2113
3333493,41.4906161,-91.7034065,193.5918,1,06,9.4,0.15223,2113
3333782,41.4906166,-91.7034068,193.6109,1,05,10.3,16.7,2113
3333869,41.4906166,-91.7034063,193.5403,1,05,10.3,0.04423,2113
3334160,41.4906165,-91.7034068,193.6078,1,05,10.3,0.08683,2113
3334296,41.4906165,-91.7034068,193.6078,1,05,10.3,0.08683,2113
3334487,41.4906165,-91.7034068,193.6078,1,05,10.3,0.07935,2113
3334662,41.4906165,-91.7034066,193.6153,1,05,4.7,0.07935,2113
3334816,41.4906165,-91.7034066,193.6153,1,05,4.7,0.07935,2113
3335052,41.4906165,-91.7034066,193.6231,1,05,4.7,0.10267,2113
3335201,41.4906165,-91.7034066,193.6231,1,05,4.7,0.10267,2113
3335405,41.4906167,-91.7034069,193.6199,1,06,3.5,0.10267,2113
3335505,41.4906167,-91.7034069,193.6151,1,06,3.5,0.14572,2113
3335656,41.4906167,-91.7034069,193.6151,1,06,3.5,0.14572,2113
3335907,41.4906167,-91.7034069,193.6083,1,06,3.5,0.14564,2113
3336068,41.4906167,-91.7034069,193.6083,1,06,3.5,0.14564,2113
3336313,41.4906168,-91.7034068,193.6233,1,07,3.1,0.15057,2113
3336585,41.4906168,-91.7034068,193.6233,1,07,3.1,0.15057,2113
3336894,41.4906170,-91.7034067,193.6017,1,07,3.1,0.11957,2113
3337038,41.4906170,-91.7034067,193.6017,1,07,3.1,0.11957,2113
3337477,41.4906170,-91.7034070,193.5945,1,07,3.1,0.10025,2113
3337560,41.4906170,-91.7034070,193.5945,1,07,3.1,0.10025,2113
3337702,41.4906169,-91.7034070,193.5846,1,07,3.1,0.09677,2113
3337850,41.4906169,-91.7034070,193.5846,1,07,3.1,0.09677,2113
3338243,41.4906171,-91.7034070,193.6177,1,06,3.2,0.05787,2113
3338413,41.4906171,-91.7034070,193.6177,1,06,3.2,0.05787,2113
3338732,41.4906171,-91.7034070,193.6177,1,06,3.2,0.05787,2113
3339010,41.4906173,-91.7034072,193.5405,1,05,4.8,0.06901,2113
3339113,41.4906171,-91.7034073,193.5509,1,05,4.8,0.04603,2113
3339286,41.4906171,-91.7034073,193.5509,1,05,4.8,0.04603,2113
3339508,41.4906174,-91.7034071,193.5626,1,05,4.8,0.08809,2113
3339668,41.4906174,-91.7034071,193.5626,1,05,4.8,0.08809,2113
3339912,41.4906174,-91.7034071,193.5501,1,05,4.8,0.07164,2113
3340196,41.4906174,-91.7034071,193.5501,1,05,4.8,0.07164,2113
3340594,41.4906231,-91.7034059,193.5590,1,06,9.4,0.09054,2113
3340822,41.4906232,-91.7034059,193.5397,1,06,9.4,0.19105,2113
3340907,41.4906232,-91.7034059,193.5397,1,06,9.4,0.19105,2113
3341082,41.4906232,-91.7034059,193.5397,1,06,9.4,0.19105,2113
3341201,41.4906232,-91.7034059,193.5397,1,06,9.4,0.13399,2113
3341454,41.4906234,-91.7034067,193.6877,1,06,9.4,0.06968,2113
3341601,41.4906234,-91.7034067,193.6877,1,06,9.4,0.06968,2113
3341843,41.4906236,-91.7034062,193.6887,1,05,10.3,0.06968,2113
3342035,41.4906236,-91.7034062,193.6887,1,05,10.3,0.13462$G,2113
3342200,41.4906235,-91.7034067,193.6956,1,06,9.4,0.13462$G,2113
3342432,41.4906235,-91.7034067,193.6956,1,06,9.4,0.13462$G,2113
3342641,41.4906235,-91.7034069,193.6984,1,05,10.3,0.13462$G,2113
3342718,41.4906253,-91.7034047,1,1,20,0.8,0.24396,2113
3342948,41.4906255,-91.7034041,193.4810,1,20,0.8,0.24396,2113
3343147,41.4906255,-91.7034041,193.4810,1,20,0.8,0.24396,2113
3343431,41.4906255,-91.7034035,193.4620,1,20,0.8,0.16469,2113
3343562,41.4906255,-91.7034035,193.4620,1,20,0.8,0.16469,2113
3344087,41.4906254,-91.7034041,193.5624,1,20,0.8,0.17645,2113
3344186,41.4906254,-91.7034041,193.5624,1,20,0.8,0.17645,2113
3344408,41.4906292,-91.7034009,193.2221,1,20,0.8,0.13801,2113
3344583,41.4906294,-91.7034004,193.1328,1,20,0.8,0.04490,2113
3344667,41.4906294,-91.7034004,193.1328,1,20,0.8,0.04490,2113
3344904,41.4906295,-91.7033993,192.9762,1,19,0.8,0.03822,2113
3345046,41.4906295,-91.7033993,192.9762,1,19,0.8,0.03822,2113
3345311,41.4906297,-91.7033998,192.9348,1,20,0.8,0.02828,2113
3345454,41.4906297,-91.7033998,192.9348,1,20,0.8,0.02828,2113
3345709,41.4906296,-91.7033997,192.9599,1,20,0.8,0.03378,2113
3345854,41.4906296,-91.7033997,192.9599,1,20,0.8,0.03378,2113
3346120,41.4906297,-91.7034000,192.9140,1,20,0.8,0.06947,2113
3346273,41.4906297,-91.7034000,192.9140,1,20,0.8,0.06947,2113
3346416,41.4906297,-91.7033999,192.9086,1,20,0.8,0.02427,2113
3346630,41.4906299,-91.7033997,192.9360,1,20,0.8,0.01243,2113
3346792,41.4906299,-91.7033997,192.9360,1,20,0.8,0.01243,2113
3347287,41.4906298,-91.7033994,192.8905,1,19,0.8,0.07294,2113
3347363,41.4906298,-91.7033994,192.8905,1,19,0.8,0.07294,2113
3347503,41.4906297,-91.7033996,193.0058,1,20,0.8,0.04392,2113
3347642,41.4906297,-91.7033996,193.0058,1,20,0.8,0.04392,2113
3347904,41.4906297,-91.7034002,193.0734,1,20,0.8,0.03849,2113
3348047,41.4906297,-91.7034002,193.0734,1,20,0.8,0.03849,2113
3348311,41.4906299,-91.7033995,193.0139,1,20,0.8,0.02506,2113
3348457,41.4906299,-91.7033995,193.0139,1,20,0.8,0.02506,2113
3348710,41.4906298,-91.7033995,193.0344,1,20,0.8,0.07201,2113
3348858,41.4906298,-91.7033995,193.0344,1,20,0.8,0.07201,2113
3349123,41.4906302,-91.7033986,192.8657,1,20,0.8,0.06493,2113
3349296,41.4906302,-91.7033986,192.8657,1,20,0.8,0.06493,2113
3349513,41.4906307,-91.7033989,192.7860,1,20,0.8,0.05076,2113
3349670,41.4906307,-91.7033989,192.7860,1,20,0.8,0.05076,2113
3350028,41.4906306,-91.7033982,192.7446,1,05,12.1,0.06326,2113
3350206,41.4906306,-91.7033982,192.7446,1,05,12.1,0.06326,2113
3350300,41.4906342,-91.7033997,193.8738,1,06,9.4,0.07153,2113
3350446,41.4906342,-91.7033997,193.8738,1,06,9.4,0.07153,2113
3350774,41.4906344,-91.7033997,193.8628,1,06,9.4,0.05368,2113
3350893,41.4906344,-91.7033997,193.8628,1,06,9.4,0.05368,2113
3351252,41.4906344,-91.7033997,193.8628,1,06,9.4,0.04036,2113
3351500,41.4906358,-91.7033986,193.8572,1,06,9.4,0.02358,2113
3351651,41.4906358,-91.7033986,193.8572,1,06,9.4,0.02358,2113
3351815,41.4906357,-91.7033987,193.8477,1,05,12.1,0.02664,2113
3352058,41.4906358,-91.7033981,193.7911,1,05,12.1,0.00549,2113
3352232,41.4906358,-91.7033981,193.7911,1,05,12.1,0.00549,2113
3352508,41.4906368,-91.7033993,194.0630,1,05,12.1,0.00549,2113
3352667,41.4906368,-91.7033993,194.0630,1,05,12.1,0.00549,2113
3352826,41.4906367,-91.7033995,194.0838,1,05,12.1,0.02504,2113
3353126,41.4906369,-91.7033995,194.0239,1,05,12.1,0.04048,2113
3353400,41.4906369,-91.7033995,194.0239,1,05,12.1,0.04048,2113
3353876,41.4906388,-91.7033967,193.7760,1,05,12.1,0.05475,2113
3353969,41.4906388,-91.7033967,193.7760,1,05,12.1,0.05475,2113
3354120,41.4906386,-91.7033971,193.9136,1,05,12.1,0.11869,2113
3354272,41.4906386,-91.7033971,193.9136,1,05,12.1,0.11869,2113
3354414,41.4906387,-91.7033972,193.9070,1,05,12.1,0.13313,2113
3354508,41.4906386,-91.7033974,193.9115,1,05,12.1,0.04778,2113
3354668,41.4906386,-91.7033974,193.9115,1,05,12.1,0.04778,2113
3354908,41.4906388,-91.7033967,193.7307,1,05,12.0,0.14842,2113
3355153,41.4906389,-91.7033964,193.7158,1,05,12.0,0.07290,2113
3355253,41.4906389,-91.7033964,193.7157333,1,05,12.0,0.07290,2113
3355557,41.4906389,-91.7033964,193.7157333,1,05,12.0,0.03888,2113
3355709,41.4906404,-91.7033952,193.7381,1,06,2.7,0.06313,2113
3355867,41.4906404,-91.7033952,193.7381,1,06,2.7,0.06313,2113
3356124,41.4906403,-91.7033950,193.7436,1,05,12.0,0.14677,2113
3356270,41.4906403,-91.7033950,193.7436,1,05,12.0,0.14677,2113
3356526,41.4906404,-91.7033954,193.8381,1,06,9.4,0.13734,2113
3356638,41.4906404,-91.7033955,193.8340,1,06,9.4,0.11645,2113
3356703,41.4906404,-91.7033955,193.8340,1,06,9.4,0.11645,2113
3356923,41.4906404,-91.7033951,193.7773,1,06,9.4,0.11645,2113
3357056,41.4906404,-91.7033951,193.7773,1,06,9.4,0.11645,2113
3357235,41.4906404,-91.7033951,193.7773,1,06,9.4,0.19664,2113
3357476,41.4906403,-91.7033957,193.8528,1,07,3.1,0.19664,2113
3357551,41.4906403,-91.7033957,193.8528,1,07,3.1,0.19664,2113
3357667,41.4906403,-91.7033956,193.8892,1,07,3.1,0.09410,2113
3357906,41.4906402,-91.7033955,193.8638,1,06,3.3,0.17197,2113
3358049,41.4906402,-91.7033955,193.8638,1,06,3.3,0.17197,2113
3358208,41.4906401,-91.7033958,193.8656,1,09,1.5,0.22860,2113
3358310,41.4906402,-91.7033958,193.8581,1,09,1.5,0.15538,2113
3358458,41.4906402,-91.7033958,193.8581,1,09,1.5,0.15538,2113
3358898,41.4906401,-91.7033959,193.8743,1,07,3.1,0.08747,2113
3359020,41.4906401,-91.7033959,193.8743,1,07,3.1,0.08747,2113
3359377,41.4906401,-91.7033958,193.8518,1,07,3.1,0.07336,2113
3359592,41.4906402,-91.7033958,193.8853,1,08,1.6,0.0745.00,2113
3359794,41.4906400,-91.7033958,193.8717,1,08,1.6,0.03776,2113
3359844,41.4906402,-91.7033959,193.9042,1,08,1.6,0.1006ST,2113
3360082,41.4906402,-91.7033958,193.8961,1,08,1.6,0.06819,2113
3360233,41.4906402,-91.7033958,193.8961,1,08,1.6,0.06819,2113
3360518,41.4906384,-91.7033940,194.4132,1,08,1.6,0.01779,2113
3360659,41.4906384,-91.7033940,194.4132,1,08,1.6,0.01779,2113
3361091,41.4906383,-91.7033939,194.4711,1,08,1.6,0.03588,2113
3361172,41.4906383,-91.7033939,194.4711,1,08,1.6,0.03588,2113
3361484,41.4906387,-91.7033935,194.4302,1,07,3.1,0.02906,2113
3361565,41.4906387,-91.7033935,194.4302,1,07,3.1,0.02906,2113
3361710,41.4906388,-91.7033935,194.3914,1,07,3.1,0.03442,2113
3361859,41.4906388,-91.7033935,194.3914,1,07,3.1,0.03442,2113
3362117,41.4906388,-91.7033934,194.3858,1,06,3.3,0.05395,2113
3362268,41.4906388,-91.7033934,194.3858,1,06,3.3,0.05395,2113
3362629,41.4906394,-91.7033932,194.4330,1,07,2.0,0.05219,2113
3362761,41.4906394,-91.7033932,194.4330,1,07,2.0,0.05219,2113
3363106,41.4906395,-91.7033931,194.4159,1,07,2.0,0.07504,2113
3363217,41.4906395,-91.7033931,194.4159,1,07,2.0,0.07504,2113
3363413,41.4906398,-91.7033924,194.4317,1,09,1.4,0.07504,2113
3363490,41.4906398,-91.7033924,194.4317,1,09,1.4,0.07504,2113
3363704,41.4906400,-91.7033924,194.4406,1,09,1.4,0.09771,2113
3363847,41.4906400,-91.7033924,194.4406,1,09,1.4,0.09771,2113
3364001,41.4906398,-91.7033926,194.4373,1,09,1.4,0.10460,2113
3364243,41.4906399,-91.7033925,194.4112,1,09,1.4,0.06660,2113
3364392,41.4906399,-91.7033925,194.4112,1,09,1.4,0.06660,2113
3364627,41.4906408,-91.7033910,194.4829,1,09,1.4,0.06660,2113
3364886,41.4906408,-91.7033910,194.4733,1,09,1.4,0.12835,2113
3364977,41.4906408,-91.7033910,194.4733,1,09,1.4,0.12835,2113
3365301,41.4906408,-91.7033911,194.4595,1,09,1.4,0.04749,2113
3365462,41.4906408,-91.7033911,194.4595,1,09,1.4,0.04749,2113
3365729,41.4906408,-91.7033910,194.4774,1,09,1.4,0.03449,2113
3365856,41.4906408,-91.7033910,194.4627,1,09,1.4,0.06369,2113
3366081,41.4906408,-91.7033910,194.4627,1,09,1.4,0.06369,2113
3366198,41.4906408,-91.7033910,194.4627,1,09,1.4,0.06369,2113
3366358,41.4906408,-91.7033909,194.4705,1,09,1.4,0.06369,2113
3366503,41.4906423,-91.7033855,194.5508,1,08,1.8,0.05789,2113
3366650,41.4906423,-91.7033855,194.5508,1,08,1.8,0.05789,2113
3366921,41.4906423,-91.7033855,194.5750,1,08,1.8,0.05866,2113
3367072,41.4906423,-91.7033855,194.5750,1,08,1.8,0.05866,2113
3367304,41.4906418,-91.7033828,194.5823,1,08,1.8,0.04689,2113
3367457,41.4906418,-91.7033828,194.5823,1,08,1.8,0.04689,2113
3367709,41.4906416,-91.7033829,194.6186,1,08,1.8,0.01568,2113
3367865,41.4906416,-91.7033829,194.6186,1,08,1.8,0.01568,2113
3368274,41.4906416,-91.7033829,194.6186,1,08,1.8,0.09017,2113
3368510,41.4906418,-91.7033829,194.6014,1,08,1.8,0.14515,2113
3368696,41.4906418,-91.7033829,194.6014,1,08,1.8,0.14515,2113
3369028,41.4906418,-91.7033828,194.6162,1,08,1.8,0.04706,2113
3369159,41.4906418,-91.7033828,194.6162,1,08,1.8,0.04706,2113
3369415,41.4906418,-91.7033827,194.6246,1,09,1.7,0.05161,2113
3369497,41.4906417,-91.7033828,194.6110,1,09,1.7,0.05758,2113
3369596,41.4906417,-91.7033828,194.6110,1,09,1.7,0.05758,2113
3369714,41.4906417,-91.7033828,194.6319,1,08,1.8,0.07282,2113
3369852,41.4906417,-91.7033828,194.6319,1,08,1.8,0.07282,2113
3370015,41.4906419,-91.7033826,194.6095,1,08,1.8,0.02890,2113
3370110,41.4906418,-91.7033827,194.6231,1,08,1.8,0.04194,2113
3370225,41.4906418,-91.7033827,194.6231,1,08,1.8,0.04194,2113
3370465,41.4906394,-91.7033787,195.1493,1,08,1.8,0.04194,2113
3370622,41.4906394,-91.7033787,195.1493,1,08,1.8,0.04194,2113
3370709,41.4906395,-91.7033787,195.1347,1,08,1.8,0.04194,2113
3370863,41.4906395,-91.7033787,195.1347,1,08,1.8,0.04194,2113
3371117,41.4906393,-91.7033788,195.1521,1,08,1.8,0.03879,2113
3371229,41.4906393,-91.7033788,195.1521,1,08,1.8,0.03879,2113
3371437,41.4906393,-91.7033787,195.1567,1,08,1.8,0.03879,2113
3371565,41.4906393,-91.7033787,195.1567,1,08,1.8,0.03879,2113
3371794,41.4906394,-91.7033787,195.1144,1,08,1.8,0.12520,2113
3371899,41.4906393,-91.7033787,195.1427,1,08,1.8,0.04615,2113
3372034,41.4906393,-91.7033787,195.1427,1,08,1.8,0.04615,2113
3372217,41.4906394,-91.7033786,195.0946,1,08,1.8,0.04453,2113
3372301,41.4906394,-91.7033785,195.1026,1,07,1.9,0.03848,2113
3372439,41.4906394,-91.7033785,195.1026,1,07,1.9,0.03848,2113
3372603,41.4906394,-91.7033786,195.1412,1,07,1.9,0.06235,2113
3372705,41.4906394,-91.7033786,195.0931,1,07,1.9,0.00869,2113
3372848,41.4906394,-91.7033786,195.0931,1,07,1.9,0.00869,2113
3373019,41.4906395,-91.7033786,195.1387,1,07,1.9,0.10448,2113
3373114,41.4906394,-91.7033787,195.1144,1,07,1.9,0.09009,2113
3373260,41.4906394,-91.7033787,195.1144,1,07,1.9,0.09009,2113
3373511,41.4906394,-91.7033784,195.0759,1,07,1.9,0.04634,2113
3373660,41.4906394,-91.7033784,195.0759,1,07,1.9,0.04634,2113
3374107,41.4906395,-91.7033786,195.0740,1,07,1.9,0.01225,2113
3374280,41.4906395,-91.7033786,195.0740,1,07,1.9,0.01225,2113
3374371,41.4906394,-91.7033786,195.1257,1,07,1.9,0.01225,2113
3374625,41.4906395,-91.7033784,195.1406,1,07,1.9,0.11480,2113
3374697,41.4906395,-91.7033784,195.1406,1,07,1.9,0.11480,2113
3375031,41.4906397,-91.7033784,195.0936,1,07,1.9,0.11480,2113
3375111,41.4906397,-91.7033784,195.0936,1,07,1.9,0.11480,2113
3375226,41.4906397,-91.7033784,195.0936,1,07,1.9,0.11480,2113
3375310,41.4906396,-91.7033785,195.0715,1,07,1.9,0.11480,2113
3375459,41.4906396,-91.7033785,195.0715,1,07,1.9,0.11480,2113
3375607,41.4906395,-91.7033786,195.0960,1,07,1.9,0.02589,2113
3375810,41.4906396,-91.7033784,195.0893,1,07,1.9,0.11629,2113
3375893,41.4906396,-91.7033784,195.0893,1,07,1.9,0.11629,2113
3376113,41.4906396,-91.7033784,195.0918,1,07,1.9,0.11629,2113
3376271,41.4906396,-91.7033784,195.0918,1,07,1.9,0.11629,2113
3376430,41.4906395,-91.7033783,195.0949,1,08,1.8,0.01608,2113
3376639,41.4906395,-91.7033783,195.0581,1,07,1.9,0.06234,2113
3376774,41.4906395,-91.7033783,195.0581,1,07,1.9,0.06234,2113
3376996,41.4906396,-91.7033783,195.0680,1,07,1.9,0.06376,2113
3377102,41.4906395,-91.7033785,195.0567,1,07,1.9,0.02934,2113
3377226,41.4906395,-91.7033785,195.0567,1,07,1.9,0.02934,2113
3377487,41.4906395,-91.7033781,195.1169,1,07,1.9,0.02934,2113
3377569,41.4906395,-91.7033781,195.1169,1,07,1.9,0.02934,2113
3377880,41.4906396,-91.7033783,195.0575,1,07,1.9,0.01711,2113
3377966,41.4906396,-91.7033783,195.0575,1,07,1.9,0.01711,2113
3378115,41.4906394,-91.7033784,195.0765,1,07,1.9,0.07259,2113
3378269,41.4906394,-91.7033784,195.0765,1,07,1.9,0.07259,2113
3378425,41.4906396,-91.7033783,195.0528,1,07,1.9,0.08750,2113
3378684,41.4906396,-91.7033782,195.0586,1,07,1.9,0.12626,2113
3378780,41.4906396,-91.7033782,195.0586,1,07,1.9,0.12626,2113
3379067,41.4906395,-91.7033783,195.0153,1,07,1.9,0.08116,2113
3379297,41.4906395,-91.7033781,195.0210,1,07,1.9,0.04541,2113
3379591,41.4906395,-91.7033781,195.0210,1,07,1.9,0.04730,2113
3379841,41.4906394,-91.7033779,195.1355,1,06,2.1,0.04730,2113
3379885,41.4906394,-91.7033779,195.1355,1,06,2.1,0.04730,2113
3380042,41.4906394,-91.7033781,195.1203,1,06,2.1,0.04730,2113
3380099,41.4906394,-91.7033781,195.1203,1,06,2.1,0.04730,2113
3380266,41.4906395,-91.7033779,195.1078,1,07,1.7,0.04730,2113
3380409,41.4906395,-91.7033779,195.1078,1,07,1.7,0.04730,2113
3380514,41.4906394,-91.7033777,195.0704,1,07,1.7,0.02830,2113
3380870,41.4906394,-91.7033777,195.0759,1,07,1.7,0.04357,2113
3381034,41.4906394,-91.7033777,195.0759,1,07,1.7,0.02622,2113
3381124,41.4906394,-91.7033779,195.0823,1,06,2.1,0.02484,2113
3381266,41.4906394,-91.7033779,195.0823,1,06,2.1,0.02484,2113
3381405,41.4906394,-91.7033777,195.1265,1,06,2.1,68,2113
3381512,41.4906394,-91.7033777,195.0988,1,06,2.1,0.04130,2113
3381657,41.4906394,-91.7033777,195.0988,1,06,2.1,0.04130,2113
3381816,41.4906393,-91.7033777,195.1049,1,06,2.1,0.01751,2113
3382031,41.4906394,-91.7033776,195.1364,1,06,2.1,0.07614,2113
3382171,41.4906394,-91.7033776,195.1364,1,06,2.1,0.07614,2113
3382498,41.4906394,-91.7033776,195.0804,1,06,2.1,0.05978,2113
3382634,41.4906394,-91.7033776,195.0804,1,06,2.1,0.05978,2113
3382847,41.4906395,-91.7033776,195.0929,1,06,2.1,0.04068,2113
3383003,41.4906395,-91.7033776,195.0929,1,06,2.1,0.04068,2113
3383182,41.4906395,-91.7033776,195.0929,1,06,2.1,0.04068,2113
3383262,41.4906401,-91.7033749,194.9166,1,07,2.0,0.03672,2113
3383413,41.4906401,-91.7033748,194.9110,1,07,2.0,0.01543,2113
3383504,41.4906401,-91.7033748,194.9058,1,07,2.0,0.01332,2113
3383647,41.4906401,-91.7033748,194.9058,1,07,2.0,0.01332,2113
3383808,41.4906402,-91.7033749,194.9168,1,07,2.0,0.05548,2113
3383906,41.4906401,-91.7033747,194.9282,1,07,2.0,0.05276,2113
3384056,41.4906401,-91.7033747,194.9282,1,07,2.0,0.05276,2113
3384217,41.4906402,-91.7033746,194.9296,1,07,2.0,0.05353,2113
3384311,41.4906401,-91.7033747,194.9095,1,07,2.0,0.08056,2113
3384583,41.4906401,-91.7033747,194.9095,1,07,2.0,0.08056,2113
3384815,41.4906401,-91.7033746,194.9112,1,07,2.0,0.04096,2113
3384896,41.4906401,-91.7033748,194.9114,1,07,2.0,0.03774,2113
3385037,41.4906401,-91.7033748,194.9114,1,07,2.0,0.03774,2113
3385212,41.4906411,-91.7033721,194.9394,1,07,2.0,0.03459,2113
3385301,41.4906411,-91.7033721,194.9232,1,07,2.0,0.00704,2113
3385442,41.4906411,-91.7033721,194.9232,1,07,2.0,0.00704,2113
3385605,41.4906410,-91.7033721,194.9069,1,07,2.0,0.03251,2113
3385703,41.4906411,-91.7033720,194.8766,1,07,2.0,0.03915,2113
3385853,41.4906411,-91.7033720,194.8766,1,07,2.0,0.03915,2113
3386134,41.4906411,-91.7033721,194.8847,1,07,2.0,0.03916,2113
3386287,41.4906411,-91.7033721,194.8847,1,07,2.0,0.03916,2113
3386508,41.4906411,-91.7033711,194.8744,1,08,1.7,0.05023,2113
3386664,41.4906411,-91.7033711,194.8744,1,08,1.7,0.05023,2113
3386910,41.4906411,-91.7033711,194.8734,1,08,1.7,0.04640,2113
3387069,41.4906411,-91.7033711,194.8734,1,08,1.7,0.04640,2113
3387610,41.4906415,-91.7033634,194.8997,1,09,1.6,0.03860,2113
3387796,41.4906415,-91.7033634,194.8997,1,09,1.6,0.03860,2113
3388077,41.4906415,-91.7033634,194.9057,1,09,1.6,0.04121,2113
3388238,41.4906415,-91.7033634,194.9057,1,09,1.6,0.04121,2113
3388399,41.4906418,-91.7033623,194.9064,1,09,1.4,0.14970,2112
3388503,41.4906417,-91.7033623,194.9186,1,09,1.4,0.06184,2113
3388655,41.4906417,-91.7033623,194.9186,1,09,1.4,0.06184,2113
3388903,41.4906418,-91.7033623,194.9616,1,09,1.4,0.12570,2112
3389056,41.4906418,-91.7033623,194.9616,1,09,1.4,0.12570,2112
3389387,41.4906416,-91.7033616,194.9896,1,09,1.4,0.07082,2112
3389552,41.4906416,-91.7033616,194.9896,1,09,1.4,0.07082,2112
3389775,41.4906415,-91.7033617,194.9983,1,09,1.4,0.07082,2112
3389908,41.4906415,-91.7033618,194.9633,1,08,1.8,0.04739,2112
3390069,41.4906415,-91.7033618,194.9633,1,08,1.8,0.04739,2112
3390393,41.4906415,-91.7033618,195.0298,1,08,1.9,0.07157,2112
3390626,41.4906414,-91.7033616,195.0061,1,08,1.9,0.17701,2112
3391016,41.4906414,-91.7033616,195.0523,1,08,1.9,0.1410184,2112
3391135,41.4906414,-91.7033616,195.0523,1,08,1.9,0.1410184,2112
3391396,41.4906414,-91.7033618,195.0173,1,09,1.4,0.09108,2112
3391518,41.4906414,-91.7033617,195.0303,1,09,1.4,0.04172,2112
3391655,41.4906414,-91.7033618,195.0303,1,09,1.4,0.04172,2112
3392036,41.4906414,-91.7033619,195.0414,1,09,1.4,0.05056,2112
3392111,41.4906414,-91.7033619,195.0414,1,09,1.4,0.05056,2112
3392215,41.4906414,-91.7033619,195.0414,1,09,1.4,0.05056,2112
3392409,41.4906410,-91.7033575,195.5229,1,08,1.7,0.05056,2112
3392480,41.4906410,-91.7033575,195.5229,1,08,1.7,0.05056,2112
3392708,41.4906410,-91.7033574,195.5624,1,08,1.7,0.10496,2112
3392853,41.4906410,-91.7033574,195.5624,1,08,1.7,0.10496,2112
3393013,41.4906411,-91.7033574,195.4858,1,08,1.7,0.13544,2112
3393114,41.4906410,-91.7033576,195.5099,1,08,1.7,0.12809,2112
3393261,41.4906410,-91.7033576,195.5099,1,08,1.7,0.12809,2112
3393601,41.4906418,-91.7033565,195.5971,1,08,1.7,0.08262,2112
3393874,41.4906418,-91.7033565,195.5971,1,08,1.7,0.08262,2112
3393987,41.4906418,-91.7033564,195.5595,1,08,1.7,0.08262,2112
3394102,41.4906418,-91.7033566,195.5578,1,08,1.7,0.05867,2112
3394211,41.4906418,-91.7033566,195.5578,1,08,1.7,0.05867,2112
3394304,41.4906422,-91.7033554,195.6015,1,08,1.7,0.05867,2112
3394444,41.4906422,-91.7033554,195.6015,1,08,1.7,0.05867,2112
3394607,41.4906422,-91.7033554,195.5893,1,08,1.7,0.08896,2112
3394716,41.4906422,-91.7033553,195.6254,1,08,1.7,0.10153,2112
3394859,41.4906422,-91.7033553,195.6254,1,08,1.7,0.10153,2112
3395109,41.4906421,-91.7033552,195.6518,1,08,1.7,0.08345,2112
3395230,41.4906421,-91.7033552,195.6518,1,08,1.7,0.08345,2112
3395489,41.4906429,-91.7033540,195.6035,1,08,1.7,0.08345,2112
3395567,41.4906429,-91.7033540,195.6035,1,08,1.7,0.08345,2112
3395711,41.4906428,-91.7033540,195.5914,1,08,1.7,0.09405,2112
3395862,41.4906428,-91.7033540,195.5914,1,08,1.7,0.09405,2112
3396009,41.4906429,-91.7033540,195.5082,1,08,1.7,0.11093,2112
3396234,41.4906429,-91.7033540,195.5415,1,08,1.7,0.11258,2112
3396365,41.4906429,-91.7033540,195.5415,1,08,1.7,0.11258,2112
3396594,41.4906441,-91.7033517,195.5858,1,09,1.6,0.17029,2112
3396702,41.4906441,-91.7033518,195.6505,1,09,1.6,0.05660,2112
3396843,41.4906441,-91.7033518,195.6505,1,09,1.6,0.05660,2112
3397014,41.4906441,-91.7033517,195.6623,1,09,1.6,0.11057,2112
3397220,41.4906442,-91.7033517,195.6121,1,09,1.6,0.16539,2112
3397376,41.4906442,-91.7033517,195.6121,1,09,1.6,0.16539,2112
3397569,41.4906453,-91.7033509,195.386$GNR,1,09,1.6,0.16539,2112
3397655,41.4906453,-91.7033509,195.3908,1,09,1.6,0.16539,2112
3397821,41.4906453,-91.7033509,195.3908,1,09,1.6,0.16539,2112
3398039,41.4906454,-91.7033508,195.3747,1,09,1.6,0.16539,2112
3398303,41.4906454,-91.7033509,195.3545,1,09,1.6,0.16539,2112
3398466,41.4906454,-91.7033509,195.3545,1,09,1.6,0.16539,2112
3398712,41.4906454,-91.7033503,195.2510,1,09,1.6,0.02131,2112
3398872,41.4906454,-91.7033503,195.2510,1,09,1.6,0.02131,2112
3399146,41.4906454,-91.7033501,195.2801,1,09,1.6,0.10567,2112
3399480,41.4906453,-91.7033501,195.2895,1,10,1.6,0.09682,2112
3399569,41.4906453,-91.7033501,195.2895,1,10,1.6,0.09682,2112
3399884,41.4906453,-91.7033503,195.2767,1,09,1.6,0.03591,2112
3399972,41.4906453,-91.7033503,195.2767,1,09,1.6,0.03591,2112
3400289,41.4906454,-91.7033502,195.2957,1,09,1.6,0.09916,2112
3400407,41.4906454,-91.7033502,195.2957,1,09,1.6,0.09916,2112
3400616,41.4906461,-91.7033478,195.6795,1,09,1.6,0.10910,2112
3400881,41.4906459,-91.7033478,195.7200,1,09,1.6,0.0951NGS,2112
3400978,41.4906459,-91.7033478,195.7200,1,09,1.6,0.0951NGS,2112
3401185,41.4906460,-91.7033479,195.7099,1,09,1.6,0.04691,2112
3401309,41.4906460,-91.7033479,195.7099,1,09,1.6,0.04691,2112
3401702,41.4906460,-91.7033477,195.7175,1,09,1.6,0.04691,2112
3401954,41.4906460,-91.7033478,195.7065,1,09,1.6,0.04691,2112
3402079,41.4906460,-91.7033478,195.7065,1,09,1.6,0.02064,2112
3402477,41.4906460,-91.7033478,195.7065,1,09,1.6,0.05857,2112
3402828,41.4906468,-91.7033455,196.0514,1,08,1.7,0.08048,2112
3402970,41.4906468,-91.7033455,196.0514,1,08,1.7,0.08048,2112
3403477,41.4906469,-91.7033450,196.1371,1,08,1.7,0.01767,2112
3403566,41.4906469,-91.7033450,196.1371,1,08,1.7,0.01767,2112
3403881,41.4906469,-91.7033449,196.2105,1,08,1.7,0.04299,2112
3404000,41.4906469,-91.7033449,196.2105,1,08,1.7,0.04299,2112
3404256,41.4906469,-91.7033449,196.1510,1,08,1.7,0.04731,2112
3404504,41.4906470,-91.7033450,196.2431,1,08,1.7,0.08036,2112
3404642,41.4906470,-91.7033450,196.2431,1,08,1.7,0.08036,2112
3404810,41.4906470,-91.7033450,196.2506,1,08,1.7,0.11500,2112
3404908,41.4906470,-91.7033449,196.2279,1,08,1.7,0.05091,2112
3405049,41.4906470,-91.7033449,196.2279,1,08,1.7,0.05091,2112
3405391,41.4906473,-91.7033462,196.2341,1,08,1.7,0.13952,2112
3405544,41.4906473,-91.7033462,196.2341,1,08,1.7,0.13952,2112
3405708,41.4906474,-91.7033463,196.2268,1,08,1.7,0.13952,2112
3405916,41.4906475,-91.7033463,196.1866,1,08,1.7,0.06456,2112
3406179,41.4906475,-91.7033463,196.1866,1,08,1.7,0.06456,2112
3406391,41.4906474,-91.7033461,196.2142,1,08,1.7,0.08217,2112
3406599,41.4906474,-91.7033461,196.2142,1,08,1.7,0.08217,2112
3406684,41.4906474,-91.7033463,196.2347,1,09,1.6,0.08217,2112
3407000,41.4906473,-91.7033463,196.2527,1,09,1.6,0.08780,2112
3407074,41.4906473,-91.7033463,196.2527,1,09,1.6,0.08780,2112
3407486,41.4906468,-91.7033484,195.9377,1,09,1.6,0.08780,2112
3407565,41.4906468,-91.7033484,195.9377,1,09,1.6,0.08780,2112
3407707,41.4906468,-91.7033484,195.9250,1,09,1.6,0.07685,2112
3407853,41.4906468,-91.7033484,195.9250,1,09,1.6,0.07685,2112
3408114,41.4906469,-91.7033482,195.9091,1,09,1.6,0.07245,2112
3408258,41.4906469,-91.7033482,195.9091,1,09,1.6,0.07245,2112
3408478,41.4906467,-91.7033486,195.8152,1,08,1.7,0.16070,2112
3408712,41.4906468,-91.7033487,195.8150,1,09,1.6,0.10901,2112
3408861,41.4906468,-91.7033487,195.8150,1,09,1.6,0.10901,2112
3409117,41.4906468,-91.7033485,195.8555,1,07,1.7,0.10222,2112
3409384,41.4906468,-91.7033485,195.8555,1,07,1.7,0.10222,2112
3409699,41.4906468,-91.7033485,195.8222,1,07,1.7,0.11133,2112
3409835,41.4906468,-91.7033485,195.8222,1,07,1.7,0.11133,2112
3410000,41.4906467,-91.7033485,195.8420,1,07,1.7,0.11636,2112
3410103,41.4906468,-91.7033485,195.8338,1,07,1.7,0.11500,2112
3410220,41.4906468,-91.7033485,195.8338,1,07,1.7,0.11500,2112
3410307,41.4906467,-91.7033484,195.8646,1,08,1.6,0.11500,2112
3410452,41.4906467,-91.7033484,195.8646,1,08,1.6,0.11500,2112
3410881,41.4906467,-91.7033485,195.8729,1,08,1.6,0.07294,2112
3410968,41.4906467,-91.7033485,195.8729,1,08,1.6,0.07294,2112
3411113,41.4906468,-91.7033485,195.8424,1,08,1.6,0.06667,2112
3411242,41.4906468,-91.7033485,195.8424,1,08,1.6,0.06667,2112
3411429,41.4906468,-91.7033485,195.8424,1,08,1.6,0.06667,2112
3411688,41.4906467,-91.7033485,195.8601,1,08,1.6,0.06771,2112
3411783,41.4906467,-91.7033485,195.8601,1,08,1.6,0.06771,2112
3411987,41.4906467,-91.7033485,195.8395,1,08,1.6,0.06351,2112
3412361,41.4906468,-91.7033485,195.8663,1,08,1.6,0.11215,2112
3412767,41.4906468,-91.7033486,195.8287,1,08,1.6,0.06581,2112
3412900,41.4906467,-91.7033484,195.8487,1,08,1.6,0.02769,2112
3413048,41.4906467,-91.7033484,195.8487,1,08,1.6,0.02769,2112
3413307,41.4906467,-91.7033485,195.8997,1,08,1.6,0.02316,2112
3413476,41.4906468,-91.7033486,195.8600,1,08,1.6,0.06511,2112
3413564,41.4906468,-91.7033486,195.8600,1,08,1.6,0.06511,2112
3413884,41.4906466,-91.7033485,195.8956,1,08,1.6,0.03757,2112
3413976,41.4906466,-91.7033485,195.8956,1,08,1.6,0.03757,2112
3414297,41.4906468,-91.7033486,195.8781,1,08,1.6,0.05822,2112
3414437,41.4906468,-91.7033486,195.8781,1,08,1.6,0.05822,2112
3414712,41.4906471,-91.7033502,196.1773,1,08,1.6,0.07734,2112
3414868,41.4906471,-91.7033502,196.1773,1,08,1.6,0.07734,2112
3415021,41.4906472,-91.7033504,196.1456,1,08,1.6,0.10048,2112
3415290,41.4906473,-91.7033503,196.1595,1,08,1.6,0.13547,2112
3415405,41.4906473,-91.7033503,196.1595,1,08,1.6,0.13547,2112
3415713,41.4906465,-91.7033513,196.7272,1,08,1.6,0.16753,2112
3415916,41.4906465,-91.7033514,196.6933,1,08,1.6,0.0791ST,2112
3416075,41.4906465,-91.7033514,196.6933,1,08,1.6,0.10661,2112
3416303,41.4906452,-91.7033522,197.1098,1,08,1.6,0.04804,2112
3416453,41.4906452,-91.7033522,197.1098,1,08,1.6,0.04804,2112
3416701,41.4906451,-91.7033524,197.1100,1,08,1.6,0.08782,2112
3416857,41.4906451,-91.7033524,197.1100,1,08,1.6,0.08782,2112
3417200,41.4906451,-91.7033522,197.1020,1,08,1.6,0.16333,2112
3417303,41.4906451,-91.7033522,197.1332,1,08,1.6,0.14092,2112
3417447,41.4906451,-91.7033522,197.1332,1,08,1.6,0.14092,2112
3417619,41.4906451,-91.7033523,197.1401,1,08,1.6,0.10814,2112
3417707,41.4906452,-91.7033523,197.1078,1,08,1.6,0.12283,2112
3417848,41.4906452,-91.7033523,197.1078,1,08,1.6,0.12283,2112
3418021,41.4906451,-91.7033522,197.1043,1,08,1.6,0.15144,2112
3418119,41.4906450,-91.7033522,197.1201,1,08,1.6,0.17172,2112
3418265,41.4906450,-91.7033522,197.1201,1,08,1.6,0.17172,2112
3418629,41.4906450,-91.7033522,197.1255,1,08,1.6,0.18218,2112
3418787,41.4906450,-91.7033522,197.1255,1,08,1.6,0.18218,2112
3418898,41.4906451,-91.7033523,197.1047,1,08,1.6,0.07891,2112
3419032,41.4906451,-91.7033523,197.1047,1,08,1.6,0.07891,2112
3419212,41.4906451,-91.7033523,197.1002,1,08,1.6,0.17648,2112
3419301,41.4906452,-91.7033523,197.0838,1,08,1.6,0.22213,2112
3419436,41.4906452,-91.7033523,197.0838,1,08,1.6,0.22213,2112
3419609,41.4906451,-91.7033523,197.1267,1,08,1.6,0.26930,2112
3419703,41.4906451,-91.7033523,197.1095,1,08,1.6,0.22461,2112
3419844,41.4906451,-91.7033523,197.1095,1,08,1.6,0.22461,2112
3420018,41.4906450,-91.7033522,197.1309,1,08,1.6,0.18592,2112
3420114,41.4906452,-91.7033523,197.0953,1,08,1.6,0.07813,2112
3420259,41.4906452,-91.7033523,197.0953,1,08,1.6,0.07813,2112
3420509,41.4906451,-91.7033524,197.1077,1,08,1.6,0.18048,2112
3420658,41.4906451,-91.7033524,197.1077,1,08,1.6,0.18048,2112
3420812,41.4906451,-91.7033523,197.0967,1,08,1.6,0.05066,2112
3421121,41.4906451,-91.7033524,197.1020,1,08,1.6,0.04966,2112
3421296,41.4906451,-91.7033524,197.1020,1,08,1.6,0.04966,2112
3421430,41.4906451,-91.7033524,197.0756,1,08,1.6,0.04966,2112
3421507,41.4906451,-91.7033525,197.0501,1,08,1.6,0.0767.45,2112
3421647,41.4906451,-91.7033525,197.0501,1,08,1.6,0.0767.45,2112
3421803,41.4906451,-91.7033524,197.0608,1,08,1.6,0.08476,2112
3421903,41.4906451,-91.7033525,197.0546,1,08,1.6,0.04039,2112
3422048,41.4906451,-91.7033525,197.0546,1,08,1.6,0.04039,2112
3422496,41.4906451,-91.7033524,197.0528,1,08,1.6,0.10648,2112
3422631,41.4906451,-91.7033524,197.0528,1,08,1.6,0.10648,2112
3422846,41.4906452,-91.7033526,197.0090,1,08,1.6,0.13323,2112
3423042,41.4906452,-91.7033526,197.0090,1,08,1.6,0.03872,2112
3423109,41.4906450,-91.7033525,197.0631,1,08,1.6,0.03872,2112
3423202,41.4906451,-91.7033524,197.0359,1,08,1.6,0.03872,2112
3423280,41.4906451,-91.7033524,197.0359,1,08,1.6,0.03872,2112
3423557,41.4906452,-91.7033526,197.0454,1,09,1.6,0.10214,2112
3423834,41.4906452,-91.7033526,197.0454,1,09,1.6,0.10214,2112
3423965,41.4906451,-91.7033524,197.0878,1,09,1.6,0.10214,2112
3424104,41.4906452,-91.7033526,197.0345,1,09,1.6,0.07641,2112
3424220,41.4906452,-91.7033526,197.0345,1,09,1.6,0.07641,2112
3424306,41.4906450,-91.7033526,197.0551,1,10,1.5,0.07641,2112
3424450,41.4906450,-91.7033526,197.0551,1,10,1.5,0.07641,2112
3424602,41.4906451,-91.7033526,197.0586,1,10,1.5,0.05201,2112
3424705,41.4906451,-91.7033526,197.0338,1,10,1.5,0.05586,2112
3424854,41.4906451,-91.7033526,197.0338,1,10,1.5,0.05586,2112
3425011,41.4906450,-91.7033526,197.0532,1,10,1.5,0.09172,2112
3425112,41.4906450,-91.7033525,197.0686,1,10,1.5,0.08345,2112
3425238,41.4906450,-91.7033525,197.0686,1,10,1.5,0.08345,2112
3425390,41.4906450,-91.7033525,197.0686,1,10,1.5,0.08345,2112
3425676,41.4906450,-91.7033526,197.0836,1,10,1.5,0.08345,2112
3425879,41.4906450,-91.7033526,197.0432,1,10,1.5,0.02988,2112
3426118,41.4906450,-91.7033526,197.0523,1,10,1.5,0.03322,2112
3426396,41.4906450,-91.7033526,197.0523,1,10,1.5,0.03322,2112
3426698,41.4906447,-91.7033525,197.1070,1,10,1.5,0.03457,2112
3426843,41.4906447,-91.7033525,197.1070,1,10,1.5,0.03457,2112
3427287,41.4906448,-91.7033526,197.1149,1,10,1.5,0.02195,2112
3427391,41.4906448,-91.7033526,197.1149,1,10,1.5,0.02195,2112
3427575,41.4906446,-91.7033526,197.1339,1,10,1.5,0.07317,2112
3427704,41.4906447,-91.7033528,197.0966,1,10,1.5,0.05301,2112
3427856,41.4906447,-91.7033528,197.0966,1,10,1.5,0.05301,2112
3428006,41.4906446,-91.7033528,197.0944,1,10,1.5,0.04155,2112
3428292,41.4906446,-91.7033526,197.1036,1,10,1.5,0.02446,2112
3428436,41.4906446,-91.7033526,197.1036,1,10,1.5,0.02446,2112
3428683,41.4906427,-91.7033562,197.3901,1,10,1.5,0.09627,2112
3428762,41.4906427,-91.7033562,197.3901,1,10,1.5,0.09627,2112
3428913,41.4906427,-91.7033562,197.3732,1,10,1.5,0.11666,2112
3429054,41.4906427,-91.7033562,197.3732,1,10,1.5,0.11666,2112
3429315,41.4906408,-91.7033569,197.6168,1,10,1.5,0.08137,2112
3429574,41.4906408,-91.7033569,197.6168,1,10,1.5,0.08137,2112
3429880,41.4906408,-91.7033569,197.6168,1,10,1.5,0.11588,2112
3430248,41.4906408,-91.7033569,197.6138,1,10,1.5,0.11998,2112
3430361,41.4906408,-91.7033569,197.6138,1,10,1.5,0.11998,2112
3430596,41.4906406,-91.7033569,197.6224,1,10,1.5,0.03491,2112
3430703,41.4906406,-91.7033570,197.6683,1,10,1.5,0.02643,2112
3430838,41.4906406,-91.7033570,197.6683,1,10,1.5,0.02643,2112
3431012,41.4906407,-91.7033570,197.6357,1,10,1.5,0.03689,2112
3431111,41.4906407,-91.7033570,197.6162,1,10,1.5,0.02231,2112
3431226,41.4906407,-91.7033570,197.6162,1,10,1.5,0.02231,2112
3431483,41.4906404,-91.7033570,197.6510,1,10,1.5,0.02231,2112
3431567,41.4906404,-91.7033570,197.6510,1,10,1.5,0.02231,2112
3431797,41.4906404,-91.7033570,197.6623,1,10,1.5,0.05022,2112
3431878,41.4906404,-91.7033570,197.6623,1,10,1.5,0.05022,2112
3432239,41.4906404,-91.7033571,197.6561,1,10,1.5,0.08734,2112
3432333,41.4906404,-91.7033571,197.6561,1,10,1.5,0.08734,2112
3432733,41.4906334,-91.7033624,198.0437,1,10,1.5,0.11806,2112
3432863,41.4906333,-91.7033623,198.0771,1,10,1.5,0.04288,2112
3432983,41.4906333,-91.7033623,198.0771,1,10,1.5,0.04288,2112
3433107,41.4906333,-91.7033623,198.1107,1,10,1.5,0.05824,2112
3433221,41.4906333,-91.7033623,198.1107,1,10,1.5,0.05824,2112
3433460,41.4906333,-91.7033624,198.0534,1,10,1.5,0.05824,2112
3433611,41.4906333,-91.7033624,198.0534,1,10,1.5,0.05824,2112
3433855,41.4906333,-91.7033623,198.0787,1,10,1.5,0.05824,2112
3434040,41.4906333,-91.7033623,198.0787,1,10,1.5,0.0855$GN,2112
3434099,41.4906333,-91.7033624,198.1087,1,10,1.5,0.0855$GN,2112
3434278,41.4906333,-91.7033623,198.0804,1,10,1.5,0.0855$GN,2112
3434427,41.4906333,-91.7033623,198.0804,1,10,1.5,0.0855$GN,2112
3434690,41.4906324,-91.7033609,198.9421,1,10,1.5,0.06725,2112
3434783,41.4906324,-91.7033609,198.9421,1,10,1.5,0.06725,2112
3435048,41.4906326,-91.7033609,198.9002,1,10,1.5,0.08679,2112
3435296,41.4906324,-91.7033609,198.9267,1,09,1.5,0.04662,2112
3435691,41.4906327,-91.7033616,199.1868,1,09,1.5,0.04360,2112
3435834,41.4906327,-91.7033616,199.1868,1,09,1.5,0.04360,2112
3435894,41.4906327,-91.7033616,199.1788,1,09,1.5,0.03890,2112
3436051,41.4906327,-91.7033616,199.1738,1,09,1.5,0.049909,2112
3436165,41.4906327,-91.7033616,199.1738,1,09,1.5,0.049909,2112
3436234,41.4906327,-91.7033616,199.1738,1,09,1.5,0.049909,2112
3436489,41.4906322,-91.7033614,199.5600,1,10,1.5,0.049909,2112
3436573,41.4906322,-91.7033614,199.5600,1,10,1.5,0.049909,2112
3436829,41.4906323,-91.7033615,199.5034,1,09,1.5,0.06938,2112
3436911,41.4906323,-91.7033615,199.5034,1,09,1.5,0.06938,2112
3437089,41.4906323,-91.7033615,199.5034,1,09,1.5,0.06938,2112
3437511,41.4906332,-91.7033627,199.4878,1,09,1.5,48,2112
3437665,41.4906332,-91.7033627,199.4878,1,09,1.5,48,2112
3437912,41.4906333,-91.7033627,199.4432,1,09,1.5,0.04819,2112
3438069,41.4906333,-91.7033627,199.4432,1,09,1.5,0.04819,2112
3438314,41.4906356,-91.7033643,199.3614,1,09,1.5,0.06237,2112
3438593,41.4906356,-91.7033643,199.3614,1,09,1.5,0.06237,2112
3439006,41.4906357,-91.7033645,199.2708,1,09,1.5,0.05125,2112
3439088,41.4906357,-91.7033645,199.2708,1,09,1.5,0.05125,2112
3439300,41.4906352,-91.7033647,199.2549,1,10,1.2,0.05125,2112
3439446,41.4906352,-91.7033647,199.2549,1,10,1.2,0.05125,2112
3439608,41.4906352,-91.7033647,199.2601,1,10,1.2,0.08901,2112
3439816,41.4906352,-91.7033646,199.2658,1,10,1.2,0.07722,2112
3439908,41.4906352,-91.7033646,199.2658,1,10,1.2,0.07722,2112
3440086,41.4906352,-91.7033646,199.2658,1,10,1.2,0.07722,2112
3440408,41.4906353,-91.7033648,199.2079,1,09,1.5,0.13277,2112
3440509,41.4906352,-91.7033646,199.2619,1,09,1.5,0.16873,2112
3440693,41.4906352,-91.7033646,199.2619,1,09,1.5,0.16873,2112
3440911,41.4906352,-91.7033647,199.2388,1,09,1.5,0.10989,2112
3441052,41.4906352,-91.7033647,199.2388,1,09,1.5,0.10989,2112
3441212,41.4906352,-91.7033645,199.2350,1,09,1.5,0.14039,2112
3441316,41.4906352,-91.7033647,199.2274,1,08,1.6,0.11774,2112
3441581,41.4906352,-91.7033647,199.2274,1,08,1.6,0.11774,2112
3441812,41.4906352,-91.7033646,199.2346,1,09,1.5,0.09833,2112
3441900,41.4906353,-91.7033647,199.1944,1,09,1.5,0.10812,2112
3441996,41.4906353,-91.7033647,199.1944,1,09,1.5,0.10812,2112
3442279,41.4906352,-91.7033646,199.2599,1,08,1.6,0.10743,2112
3442425,41.4906352,-91.7033646,199.2599,1,08,1.6,0.10743,2112
3442706,41.4906352,-91.7033647,199.2240,1,07,1.7,0.05603,2112
3442842,41.4906352,-91.7033647,199.2240,1,07,1.7,0.05603,2112
3443003,41.4906352,-91.7033646,199.1853,1,07,1.7,0.03981,2112
3443110,41.4906352,-91.7033646,199.1995,1,07,1.7,0.05868,2112
3443226,41.4906352,-91.7033646,199.1995,1,07,1.7,0.05868,2112
3443407,41.4906352,-91.7033646,199.1629,1,09,1.2,0.05868,2112
3443487,41.4906352,-91.7033646,199.1629,1,09,1.2,0.05868,2112
3443713,41.4906352,-91.7033646,199.2075,1,08,1.3,0.08332,2112
3443859,41.4906352,-91.7033646,199.2075,1,08,1.3,0.08332,2112
3444119,41.4906352,-91.7033646,199.2181,1,08,1.3,0.10058,2112
3444383,41.4906352,-91.7033646,199.2181,1,08,1.3,0.10058,2112
3444601,41.4906350,-91.7033644,199.1021,1,08,1.3,0.02899,2112
3444741,41.4906350,-91.7033645,199.0821,1,08,1.3,0.03900,2112
3444877,41.4906350,-91.7033645,199.0821,1,08,1.3,0.03900,2112
3445004,41.4906350,-91.7033645,199.1314,1,08,1.3,0.04693,2112
3445185,41.4906350,-91.7033645,199.0754,1,08,1.3,0.03669,2112
3445333,41.4906350,-91.7033645,199.0754,1,08,1.3,0.03669,2112
3445506,41.4906349,-91.7033642,199.0021,1,08,1.3,0.04377,2112
3445645,41.4906349,-91.7033642,199.0021,1,08,1.3,0.04377,2112
3445814,41.4906348,-91.7033641,199.0250,1,09,1.3,0.09536,2112
3445910,41.4906348,-91.7033642,199.0225,1,09,1.3,0.07000,2112
3446055,41.4906348,-91.7033642,199.0225,1,09,1.3,0.07000,2112
3446313,41.4906346,-91.7033636,198.9450,1,08,1.3,0.07586,2112
3446460,41.4906346,-91.7033636,198.9450,1,08,1.3,0.07586,2112
3446895,41.4906346,-91.7033637,198.9446,1,08,1.3,0.05262,2112
3447016,41.4906346,-91.7033637,198.9446,1,08,1.3,0.05262,2112
3447315,41.4906347,-91.7033638,198.8866,1,08,1.3,0.04388,2112
3447494,41.4906346,-91.7033637,198.8906,1,08,1.3,0.054906,2112
3447700,41.4906346,-91.7033637,198.9249,1,08,1.3,0.04801,2112
3447847,41.4906346,-91.7033637,198.9249,1,08,1.3,0.04801,2112
3448255,41.4906346,-91.7033638,198.9362,1,08,1.3,0.05711,2112
3448418,41.4906346,-91.7033638,198.9362,1,08,1.3,0.05711,2112
3448679,41.4906346,-91.7033638,198.9362,1,08,1.3,0.05468,2112
3448907,41.4906345,-91.7033636,198.9308,1,07,1.7,0.05488,2112
3449057,41.4906345,-91.7033636,198.9308,1,07,1.7,0.05488,2112
3449306,41.4906345,-91.7033637,198.8891,1,07,1.7,0.02771,2112
3449459,41.4906345,-91.7033637,198.8891,1,07,1.7,0.02771,2112
3449620,41.4906345,-91.7033637,198.8893,1,07,1.7,0.03142,2112
3449714,41.4906345,-91.7033637,198.8435,1,07,1.7,0.12025,2112
3449871,41.4906345,-91.7033637,198.8435,1,07,1.7,0.12025,2112
3450020,41.4906346,-91.7033638,198.8775,1,07,1.7,0.06403,2112
3450121,41.4906346,-91.7033638,198.9272,1,07,1.7,0.01564,2112
3450399,41.4906346,-91.7033638,198.9272,1,07,1.7,0.01564,2112
3450696,41.4906344,-91.7033637,198.8743,1,07,1.7,0.05691,2112
3450841,41.4906344,-91.7033637,198.8743,1,07,1.7,0.05691,2112
3451019,41.4906346,-91.7033638,198.8845,1,08,1.6,0.07274,2112
3451109,41.4906345,-91.7033638,198.9339,1,08,1.6,0.04584,2112
3451236,41.4906345,-91.7033638,198.9339,1,08,1.6,0.04584,2112
3451501,41.4906335,-91.7033630,198.4071,1,07,1.7,0.04584,2112
3451656,41.4906335,-91.7033630,198.4071,1,07,1.7,0.04584,2112
3451810,41.4906336,-91.7033630,198.4394,1,07,1.7,0.08121,2112
3451998,41.4906336,-91.7033630,198.4124,1,07,1.7,0.02779,2112
3452169,41.4906336,-91.7033630,198.4124,1,07,1.7,0.02779,2112
3452278,41.4906335,-91.7033629,198.4101,1,07,1.7,0.02779,2112
3452510,41.4906335,-91.7033619,198.2956,1,07,1.7,0.09522,2112
3452669,41.4906335,-91.7033619,198.2956,1,07,1.7,0.09522,2112
3452913,41.4906335,-91.7033619,198.3388,1,07,1.7,0.05198,2112
3453063,41.4906335,-91.7033619,198.3388,1,07,1.7,0.05198,2112
3453431,41.4906336,-91.7033617,198.2585,1,08,1.6,0.09726,2112
3453592,41.4906336,-91.7033617,198.2585,1,08,1.6,0.09726,2112
3453698,41.4906335,-91.7033619,198.3168,1,08,1.6,0.05555,2112
3453832,41.4906335,-91.7033619,198.3168,1,08,1.6,0.05555,2112
3454002,41.4906336,-91.7033619,198.3204,1,08,1.6,0.13067,2112
3454110,41.4906334,-91.7033616,198.3326,1,08,1.6,0.04962,2112
3454223,41.4906334,-91.7033616,198.3326,1,08,1.6,0.04962,2112
3454480,41.4906335,-91.7033617,198.3226,1,08,1.7,0.04962,2112
3454557,41.4906335,-91.7033617,198.3226,1,08,1.7,0.04962,2112
3454861,41.4906335,-91.7033618,198.2801,1,08,1.7,0.08204,2112
3454981,41.4906335,-91.7033618,198.2801,1,08,1.7,0.08204,2112
3455208,41.4906335,-91.7033616,198.2988,1,08,1.7,0.13418,2112
3455433,41.4906334,-91.7033618,198.3183,1,08,1.7,0.13519,2112
3455519,41.4906334,-91.7033618,198.3183,1,08,1.7,0.13519,2112
3455686,41.4906334,-91.7033618,198.3183,1,08,1.7,0.13519,2112
3455805,41.4906334,-91.7033616,198.3027,1,08,1.7,0.04549,2112
3455990,41.4906334,-91.7033616,198.3027,1,08,1.7,0.04549,2112
3456258,41.4906334,-91.7033617,198.3364,1,08,1.7,0.08032,2112
3456361,41.4906334,-91.7033617,198.3364,1,08,1.7,0.08032,2112
3456507,41.4906334,-91.7033617,198.3055,1,08,1.7,0.08032,2112
3456603,41.4906334,-91.7033617,198.3055,1,08,1.7,0.08032,2112
3456845,41.4906333,-91.7033616,198.3130,1,08,1.7,0.02738,2112
3457034,41.4906333,-91.7033616,198.3130,1,08,1.7,0.02167,2112
3457103,41.4906334,-91.7033616,198.2881,1,08,1.7,0.02167,2112
3457205,41.4906334,-91.7033616,198.2804,1,08,1.7,0.02167,2112
3457280,41.4906334,-91.7033616,198.2804,1,08,1.7,0.02167,2112
3457588,41.4906332,-91.7033614,198.2928,1,08,1.7,0.05427,2112
3457747,41.4906332,-91.7033614,198.2928,1,08,1.7,0.05427,2112
3457898,41.4906332,-91.7033614,198.3228,1,08,1.7,0.05427,2112
3458101,41.4906332,-91.7033614,198.3257,1,08,1.7,0.02952,2112
3458256,41.4906332,-91.7033614,198.3257,1,08,1.7,0.02952,2112
3458373,41.4906333,-91.7033614,198.2681,1,08,1.7,0.03727,2112
3458569,41.4906333,-91.7033614,198.2681,1,08,1.7,0.03727,2112
3458800,41.4906332,-91.7033614,198.2870,1,08,1.7,0.02845,2112
3458863,41.4906332,-91.7033614,198.2870,1,08,1.7,0.02845,2112
3459011,41.4906332,-91.7033614,198.3192,1,08,1.7,0.02845,2112
3459201,41.4906326,-91.7033607,198.3067,1,09,1.6,0.05658,2112
3459306,41.4906326,-91.7033607,198.2976,1,09,1.6,0.05739,2112
3459452,41.4906326,-91.7033607,198.2976,1,09,1.6,0.05739,2112
3459705,41.4906326,-91.7033607,198.3134,1,09,1.6,0.05280,2112
3459860,41.4906326,-91.7033607,198.3134,1,09,1.6,0.05280,2112
3460111,41.4906326,-91.7033606,198.3006,1,09,1.6,0.04060,2112
3460241,41.4906326,-91.7033606,198.3006,1,09,1.6,0.04060,2112
3460512,41.4906321,-91.7033602,198.2958,1,10,1.5,0.04060,2112
3460666,41.4906321,-91.7033602,198.2958,1,10,1.5,0.04060,2112
3460815,41.4906320,-91.7033602,198.3131,1,10,1.5,0.00668,2112
3460915,41.4906320,-91.7033600,198.3344,1,10,1.5,0.02837,2112
3461076,41.4906320,-91.7033600,198.3344,1,10,1.5,0.02837,2112
3461346,41.4906286,-91.7033567,198.3527,1,10,1.5,0.02883,2112
3461620,41.4906287,-91.7033567,198.3536,1,10,1.5,0.00825,2112
3461875,41.4906286,-91.7033567,198.3434,1,10,1.5,0.00189GN,2112
3461967,41.4906286,-91.7033567,198.3434,1,10,1.5,0.00189GN,2112
3462286,41.4906286,-91.7033566,198.3755,1,10,1.5,0.01670,2112
3462377,41.4906286,-91.7033566,198.3755,1,10,1.5,0.01670,2112
3462692,41.4906289,-91.7033578,198.3308,1,10,1.5,0.10746,2112
3462791,41.4906289,-91.7033578,198.3308,1,10,1.5,0.10746,2112
3462912,41.4906288,-91.7033578,198.3677,1,10,1.5,0.05290,2112
3463258,41.4906288,-91.7033576,198.3669,1,09,2.1,0.11041,2112
3463432,41.4906288,-91.7033576,198.3669,1,09,2.1,0.11041,2112
3463538,41.4906288,-91.7033578,198.3485,1,11,1.2,0.11041,2112
3463629,41.4906288,-91.7033578,198.3474,1,11,1.2,0.11041,2112
3463895,41.4906288,-91.7033576,198.3637,1,11,1.2,0.09008,2112
3464046,41.4906288,-91.7033576,198.3637,1,11,1.2,0.09008,2112
3464290,41.4906288,-91.7033576,198.3637,1,11,1.2,0.03910,2112
3464586,41.4906287,-91.7033579,198.2982,1,10,1.5,0.03910,2112
3464753,41.4906287,-91.7033579,198.2982,1,10,1.5,0.03910,2112
3464908,41.4906288,-91.7033578,198.3520,1,10,1.5,0.03910,2112
3465041,41.4906288,-91.7033578,198.3520,1,10,1.5,0.03910,2112
3465197,41.4906287,-91.7033579,198.3235,1,10,1.5,0.03580,2112
3465305,41.4906288,-91.7033580,198.3191,1,10,1.5,0.04008,2112
3465439,41.4906288,-91.7033580,198.3191,1,10,1.5,0.04008,2112
3465614,41.4906287,-91.7033581,198.3236,1,10,1.5,0.07711,2112
3465704,41.4906287,-91.7033580,198.3159,1,10,1.5,0.09343,2112
3465845,41.4906287,-91.7033580,198.3159,1,10,1.5,0.09343,2112
3466019,41.4906287,-91.7033580,198.3231,1,10,1.5,0.06442,2112
3466116,41.4906287,-91.7033580,198.3390,1,10,1.5,0.04494,2112
3466259,41.4906287,-91.7033580,198.3390,1,10,1.5,0.04494,2112
3466408,41.4906286,-91.7033581,198.3445,1,10,1.5,67,2112
3466511,41.4906285,-91.7033579,198.3524,1,10,1.5,0.07825,2112
3466661,41.4906285,-91.7033579,198.3524,1,10,1.5,0.07825,2112
3466935,41.4906287,-91.7033582,198.3005,1,10,1.5,0.12172,2112
3467055,41.4906286,-91.7033581,198.3104,1,10,1.5,0.03080,2112
3467273,41.4906286,-91.7033581,198.3104,1,10,1.5,0.03080,2112
3467353,41.4906286,-91.7033580,198.3471,1,10,1.5,0.03080,2112
3467410,41.4906286,-91.7033582,198.3072,1,10,1.5,0.03080,2112
3467503,41.4906286,-91.7033582,198.3105,1,10,1.5,0.01925,2112
3467644,41.4906286,-91.7033582,198.3105,1,10,1.5,0.01925,2112
3467821,41.4906285,-91.7033581,198.3319,1,10,1.5,0.03408,2112
3467906,41.4906285,-91.7033583,198.3239,1,10,1.5,0.01333,2112
3468051,41.4906285,-91.7033583,198.3239,1,10,1.5,0.01333,2112
3468206,41.4906284,-91.7033583,198.3486,1,10,1.5,0.00518,2112
3468309,41.4906284,-91.7033583,198.3173,1,10,1.5,0.03468,2112
3468456,41.4906284,-91.7033583,198.3173,1,10,1.5,0.03468,2112
3468609,41.4906284,-91.7033584,198.3322,1,10,1.5,0.02116,2112
3468712,41.4906284,-91.7033584,198.3464,1,10,1.5,0.03569,2112
3468865,41.4906284,-91.7033584,198.3464,1,10,1.5,0.03569,2112
3469237,41.4906284,-91.7033583,198.3525,1,10,1.5,0.03330,2112
3469371,41.4906284,-91.7033583,198.3525,1,10,1.5,0.03330,2112
3469598,41.4906283,-91.7033585,198.3492,1,10,1.5,0.01183,2112
3469701,41.4906283,-91.7033585,198.3430,1,10,1.5,0.02382,2112
3469848,41.4906283,-91.7033585,198.3430,1,10,1.5,0.02382,2112
3470110,41.4906284,-91.7033585,198.3109,1,10,1.5,0.01520,2112
3470228,41.4906284,-91.7033585,198.3109,1,10,1.5,0.01520,2112
3470488,41.4906282,-91.7033586,198.3387,1,10,1.5,0.01520,2112
3470575,41.4906282,-91.7033586,198.3387,1,10,1.5,0.01520,2112
3470893,41.4906282,-91.7033587,198.3460,1,10,1.5,0.04031,2112
3471020,41.4906282,-91.7033587,198.3460,1,10,1.5,0.04031,2112
3471238,41.4906282,-91.7033587,198.3391,1,10,1.5,0.04139,2112
3471406,41.4906282,-91.7033587,198.3391,1,10,1.5,0.04139,2112
3471535,41.4906220,-91.7033657,198.7629,1,10,1.5,0.04139,2112
3471632,41.4906220,-91.7033659,198.7373,1,10,1.5,0.04139,2112
3471801,41.4906219,-91.7033658,198.7925,1,10,1.5,0.14838,2112
3472017,41.4906219,-91.7033658,198.7925,1,10,1.5,0.14838,2112
3472247,41.4906219,-91.7033658,198.7925,1,10,1.5,0.14838,2112
3472389,41.4906219,-91.7033658,198.7925,1,10,1.5,0.14838,2112
3472463,41.4906215,-91.7033646,198.9831,1,10,1.5,0.14838,2112
3472641,41.4906216,-91.7033646,198.9634,1,10,1.5,0.14838,2112
3472804,41.4906216,-91.7033646,198.9756,1,10,1.5,0.08769,2112
3472995,41.4906216,-91.7033647,198.9539,1,10,1.5,0.16312,2112
3473084,41.4906216,-91.7033647,198.9539,1,10,1.5,0.16312,2112
3473308,41.4906210,-91.7033652,198.9327,1,10,1.5,0.16312,2112
3473463,41.4906210,-91.7033652,198.9327,1,10,1.5,0.16312,2112
3473615,41.4906211,-91.7033651,198.9220,1,09,2.1,0.06828,2112
3473714,41.4906211,-91.7033653,198.9041,1,09,2.1,0.03231,2112
3473873,41.4906211,-91.7033653,198.9041,1,09,2.1,0.03231,2112
3474027,41.4906211,-91.7033652,198.9261,1,09,2.1,0.09080,2112
3474248,41.4906212,-91.7033653,198.8902,1,09,2.1,0.13625,2112
3474428,41.4906212,-91.7033653,198.8902,1,09,2.1,0.13625,2112
3474702,41.4906212,-91.7033653,198.8902,1,09,2.1,0.13625,2112
3474982,41.4906206,-91.7033667,198.8007,1,08,2.2,0.13625,2112
3475049,41.4906206,-91.7033667,198.7960,1,08,2.2,0.03450,2112
3475216,41.4906205,-91.7033667,198.7809,1,08,2.2,0.10578,2112
3475277,41.4906205,-91.7033667,198.7809,1,08,2.2,0.10578,2112
3475506,41.4906205,-91.7033667,198.7998,1,08,2.2,0.11022,2112
3475642,41.4906205,-91.7033667,198.7998,1,08,2.2,0.11022,2112
3475812,41.4906203,-91.7033666,198.7962,1,07,2.2,0.04503,2112
3475908,41.4906205,-91.7033667,198.8080,1,07,2.2,0.12829,2112
3476051,41.4906205,-91.7033667,198.8080,1,07,2.2,0.12829,2112
3476311,41.4906204,-91.7033667,198.7773,1,07,2.2,0.10036,2112
3476456,41.4906204,-91.7033667,198.7773,1,07,2.2,0.10036,2112
3476711,41.4906204,-91.7033666,198.7859,1,07,2.2,0.03206,2112
3476858,41.4906204,-91.7033666,198.7859,1,07,2.2,0.03206,2112
3477235,41.4906204,-91.7033666,198.7848,1,06,2.5,0.09912,2112
3477398,41.4906204,-91.7033666,198.7848,1,06,2.5,0.09912,2112
3477632,41.4906203,-91.7033668,198.7868,1,06,2.5,0.06784,2112
3477793,41.4906203,-91.7033668,198.7868,1,06,2.5,0.06784,2112
3477900,41.4906202,-91.7033667,198.7934,1,06,2.5,0.06470,2112
3478036,41.4906202,-91.7033667,198.7934,1,06,2.5,0.06470,2112
3478304,41.4906200,-91.7033666,198.8102,1,07,2.5,0.13202,2112
3478441,41.4906200,-91.7033666,198.8102,1,07,2.5,0.13202,2112
3478609,41.4906201,-91.7033667,198.8094,1,08,2.1,0.01004,2112
3478707,41.4906201,-91.7033668,198.7950,1,08,2.1,0.08076,2112
3478850,41.4906201,-91.7033668,198.7950,1,08,2.1,0.08076,2112
3479021,41.4906201,-91.7033667,198.7926,1,07,2.5,0.01902,2112
3479211,41.4906201,-91.7033667,198.7796,1,07,2.5,0.06876,2112
3479338,41.4906201,-91.7033667,198.7796,1,07,2.5,0.06876,2112
3479579,41.4906198,-91.7033667,198.8220429,1,07,2.5,0.06876,2112
3479714,41.4906198,-91.7033668,198.8151,1,07,2.5,0.18027,2112
3479868,41.4906198,-91.7033668,198.8151,1,07,2.5,0.18027,2112
3480012,41.4906198,-91.7033668,198.8238,1,08,1.9,0.21245,2112
3480238,41.4906198,-91.7033668,198.8092,1,08,1.9,0.19512,2112
3480373,41.4906198,-91.7033668,198.8092,1,08,1.9,0.19512,2112
3480595,41.4906177,-91.7033686,199.1225,1,08,1.9,0.21807,2112
3480703,41.4906177,-91.7033686,199.1307,1,07,2.5,0.17524,2112
3480846,41.4906177,-91.7033686,199.1307,1,07,2.5,0.17524,2112
3481120,41.4906178,-91.7033686,199.1142,1,08,1.9,0.07715,2112
3481264,41.4906178,-91.7033686,199.1142,1,08,1.9,0.07715,2112
3481503,41.4906158,-91.7033686,199.2818,1,08,1.9,0.05228,2112
3481653,41.4906158,-91.7033686,199.2818,1,08,1.9,0.05228,2112
3481803,41.4906159,-91.7033686,199.2647,1,08,1.9,0.01233,2112
3481907,41.4906158,-91.7033686,199.2788,1,08,1.9,0.03570,2112
3482061,41.4906158,-91.7033686,199.2788,1,08,1.9,0.03570,2112
3482488,41.4906152,-91.7033687,199.2358,1,08,1.9,0.08478,2112
3482585,41.4906152,-91.7033687,199.2358,1,08,1.9,0.08478,2112
3482721,41.4906151,-91.7033686,199.2449,1,08,1.9,0.06729,2112
3482823,41.4906152,-91.7033687,199.2231,1,08,1.9,0.31496,2112
3483119,41.4906152,-91.7033686,199.2355,1,08,1.9,0.23277,2112
3483302,41.4906152,-91.7033686,199.2355,1,08,1.9,0.23277,2112
3483440,41.4906152,-91.7033686,199.2291,1,07,2.0,0.23277,2112
3483567,41.4906152,-91.7033686,199.2291,1,07,2.0,0.16535,2112
3483638,41.4906102,-91.7033685,198.9486,1,07,2.0,0.16535,2112
3483777,41.4906102,-91.7033685,198.9486,1,07,2.0,0.16004,2112
3483904,41.4906103,-91.7033686,198.9386,1,07,2.0,0.20519,2112
3484053,41.4906103,-91.7033686,198.9386,1,07,2.0,0.20519,2112
3484217,41.4906109,-91.7033694,198.6532,1,11,1.1,0.06731,2112
3484308,41.4906108,-91.7033695,198.6459,1,11,1.1,0.09570,2112
3484460,41.4906108,-91.7033695,198.6459,1,11,1.1,0.09570,2112
3484887,41.4906110,-91.7033697,198.6123,1,08,1.9,0.10124,2112
3484982,41.4906110,-91.7033697,198.6123,1,08,1.9,0.10124,2112
3485133,41.4906110,-91.7033699,198.5938,1,08,1.9,0.14626,2112
3485287,41.4906110,-91.7033699,198.5938,1,08,1.9,0.14626,2112
3485507,41.4906110,-91.7033699,198.5938,1,08,1.9,0.14626,2112
3485873,41.4906101,-91.7033699,198.7784,1,07,2.0,0.14626,2112
3485985,41.4906101,-91.7033699,198.7784,1,07,2.0,0.14626,2112
3486226,41.4906099,-91.7033697,198.8215,1,07,2.0,0.19449,2112
3486381,41.4906100,-91.7033699,198.7896,1,07,2.0,0.17710,2112
3486503,41.4906102,-91.7033704,199.3422,1,07,2.0,0.17718,2112
3486600,41.4906102,-91.7033704,199.3422,1,07,2.0,0.17718,2112
3486934,41.4906101,-91.7033703,199.3271,1,07,2.0,0.07567,2112
3487159,41.4906101,-91.7033703,199.3271,1,07,2.0,0.07567,2112
3487423,41.4906116,-91.7033704,C,1,08,2.0,0.05527,2112
3487510,41.4906117,-91.7033706,199.7184,1,08,2.0,0.05527,2112
3487646,41.4906117,-91.7033706,199.7184,1,08,2.0,0.05527,2112
3487820,41.4906117,-91.7033707,199.7204,1,08,2.0,0.08923,2112
3487910,41.4906117,-91.7033705,199.7029,1,08,2.0,0.04651,2112
3488051,41.4906117,-91.7033705,199.7029,1,08,2.0,0.04651,2112
3488449,41.4906134,-91.7033709,200.0386,1,07,2.0,0.05190,2112
3488532,41.4906134,-91.7033709,200.0386,1,07,2.0,0.05190,2112
3488805,41.4906135,-91.7033711,200.0173,1,07,2.0,0.05190,2112
3489056,41.4906134,-91.7033711,200.0074,1,07,2.0,0.01147,2112
3489101,41.4906134,-91.7033711,200.0074,1,07,2.0,0.01147,2112
3489220,41.4906134,-91.7033711,200.0326,1,07,2.0,0.01147,2112
3489282,41.4906134,-91.7033711,200.0326,1,07,2.0,0.01147,2112
3489505,41.4906151,-91.7033717,199.7963,1,07,2.0,0.07129,2112
3489640,41.4906151,-91.7033717,199.7963,1,07,2.0,0.07129,2112
3489814,41.4906150,-91.7033716,199.8150,1,07,2.0,0.08072,2112
3490041,41.4906151,-91.7033716,199.8145,1,07,2.0,0.15500,2112
3490120,41.4906151,-91.7033716,199.8145,1,07,2.0,0.15500,2112
3490469,41.4906152,-91.7033720,200.0767,1,08,1.9,0.15500,2112
3490618,41.4906152,-91.7033720,200.0767,1,08,1.9,0.15500,2112
3490865,41.4906153,-91.7033723,200.0585,1,08,1.9,0.15500,2112
3491116,41.4906152,-91.7033720,200.0829,1,08,1.9,3.6,2112
3491264,41.4906152,-91.7033720,200.0829,1,08,1.9,3.6,2112
3491518,41.4906161,-91.7033717,200.2369,1,08,1.9,3.6,2112
3491787,41.4906161,-91.7033717,200.2369,1,08,1.9,3.6,2112
3492102,41.4906159,-91.7033713,200.2871,1,08,1.9,0.23767,2112
3492214,41.4906159,-91.7033713,200.2871,1,08,1.9,0.23767,2112
3492305,41.4906170,-91.7033711,200.2820,1,09,1.9,0.23767,2112
3492445,41.4906170,-91.7033711,200.2820,1,09,1.9,0.23767,2112
3492620,41.4906170,-91.7033710,200.3122,1,08,2.3,0.09908,2112
3492727,41.4906170,-91.7033710,200.3174,1,08,2.3,0.07723,2112
3492893,41.4906170,-91.7033710,200.3174,1,08,2.3,0.07723,2112
3493200,41.4906169,-91.7033708,200.3259,1,08,2.3,0.27006,2112
3493380,41.4906170,-91.7033710,200.3190,1,08,2.3,0.19803,2112
3493605,41.4906176,-91.7033713,200.1925,1,08,2.3,0.34229,2112
3493712,41.4906175,-91.7033710,200.2185,1,08,2.3,0.37758,2112
3493865,41.4906175,-91.7033710,200.2185,1,08,2.3,0.37758,2112
3494116,41.4906176,-91.7033712,200.1947,1,08,2.3,0.35817,2112
3494269,41.4906176,-91.7033712,200.1947,1,08,2.3,0.35817,2112
3494626,41.4906191,-91.7033726,200.0755,1,08,2.3,0.32597,2112
3494834,41.4906191,-91.7033726,200.0755,1,08,2.3,0.32597,2112
3495125,41.4906190,-91.7033726,200.1234,1,08,2.3,0.13221,2112
3495267,41.4906190,-91.7033726,200.1234,1,08,2.3,0.13221,2112
3495404,41.4906197,-91.7033740,199.8792,1,08,2.3,0.08603,2112
3495505,41.4906198,-91.7033741,199.8573,1,08,2.3,0.07285,2112
3495651,41.4906198,-91.7033741,199.8573,1,08,2.3,0.07285,2112
3496083,41.4906196,-91.7033739,199.9025,1,08,2.3,0.06927,2112
3496172,41.4906196,-91.7033739,199.9025,1,08,2.3,0.06927,2112
3496488,41.4906206,-91.7033745,199.9351,1,08,2.3,0.10484,2112
3496579,41.4906206,-91.7033745,199.9351,1,08,2.3,0.10484,2112
3496925,41.4906207,-91.7033746,199.9136,1,08,2.3,0.13452,2112
3497050,41.4906207,-91.7033746,199.9136,1,08,2.3,0.13452,2112
3497408,41.4906208,-91.7033745,199.9709,1,07,2.5,0.06623,2112
3497514,41.4906208,-91.7033745,199.9683,1,07,2.5,0.06042,2112
3497671,41.4906208,-91.7033745,199.9683,1,07,2.5,0.06042,2112
3497823,41.4906209,-91.7033744,199.9839,1,07,2.5,0.04886,2112
3498118,41.4906209,-91.7033744,199.9781,1,07,2.5,0.05634,2112
3498303,41.4906209,-91.7033744,199.9781,1,07,2.5,0.05634,2112
3498444,41.4906209,-91.7033745,199.9787,1,07,2.5,0.05634,2112
3498648,41.4906208,-91.7033733,199.9879,1,09,1.6,0.06494,2112
3498793,41.4906208,-91.7033745,199.9879,1,09,1.6,0.06494,2112
3499053,41.4906208,-91.7033745,199.9879,1,09,1.6,0.06494,2112
3499106,41.4906209,-91.7033745,199.9514,1,09,1.6,0.06494,2112
3499260,41.4906210,-91.7033746,199.9665,1,08,2.3,0.1151NGS,2112
3499396,41.4906210,-91.7033746,199.9665,1,08,2.3,0.1151NGS,2112
3499498,41.4906200,-91.7033728,200.0640,1,08,2.3,0.1151NGS,2112
3499681,41.4906200,-91.7033728,200.0640,1,08,2.3,0.1151NGS,2112
3499792,41.4906201,-91.7033730,200.0683,1,07,2.5,0.1151NGS,2112
3499869,41.4906201,-91.7033730,200.0683,1,07,2.5,0.1151NGS,2112
3500039,41.4906202,-91.7033731,200.0415,1,07,2.5,0.12907,2112
3500125,41.4906202,-91.7033731,200.0504,1,07,2.5,0.12063,2112
3500269,41.4906202,-91.7033731,200.0504,1,07,2.5,0.12063,2112
3500810,41.4906205,-91.7033730,200.0775,1,08,1.6,0.12063,2112
3501075,41.4906205,-91.7033730,200.0775,1,08,1.6,1.$GNVTG,2112
3501299,41.4906210,-91.7033734,199.9920,1,07,2.5,1.$GNVTG,2112
3501397,41.4906210,-91.7033734,199.9920,1,07,2.5,1.$GNVTG,2112
3501544,41.4906210,-91.7033734,199.9920,1,07,2.5,0.15021,2112
3501610,41.4906210,-91.7033733,199.9962,1,07,2.5,0.15021,2112
3501705,41.4906211,-91.7033734,199.9830,1,07,2.5,0.12168,2112
3501853,41.4906211,-91.7033734,199.9830,1,07,2.5,0.12168,2112
3502003,41.4906209,-91.7033733,199.9746,1,07,2.5,0.07179,2112
3502113,41.4906212,-91.7033734,199.9585,1,07,2.5,0.03953,2112
3502231,41.4906212,-91.7033734,199.9585,1,07,2.5,0.03953,2112
3502317,41.4906223,-91.7033734,199.9748,1,08,1.6,0.03953,2112
3502462,41.4906223,-91.7033734,199.9748,1,08,1.6,0.03953,2112
3502611,41.4906223,-91.7033734,199.9945,1,08,1.6,0.09099,2112
3502714,41.4906223,-91.7033734,199.9907,1,08,1.6,0.07480,2112
3502902,41.4906223,-91.7033734,199.9907,1,08,1.6,0.07480,2112
3503241,41.4906223,-91.7033735,200.0005,1,08,1.6,0.08336,2112
3503367,41.4906223,-91.7033735,200.0005,1,08,1.6,0.08336,2112
3503806,41.4906223,-91.7033735,199.9676,1,08,1.6,0.06900,2112
3503878,41.4906223,-91.7033735,199.9676,1,08,1.6,0.06900,2112
3504108,41.4906223,-91.7033734,199.9945,1,08,1.6,0.09800,2112
3504222,41.4906223,-91.7033734,199.9945,1,08,1.6,0.09800,2112
3504309,41.4906222,-91.7033736,199.9824,1,08,1.6,0.09800,2112
3504449,41.4906222,-91.7033736,199.9824,1,08,1.6,0.09800,2112
3504621,41.4906223,-91.7033734,199.9680,1,08,1.6,0.21906,2112
3504709,41.4906223,-91.7033734,199.9803,1,08,1.6,0.18087,2112
3504884,41.4906223,-91.7033734,199.9803,1,08,1.6,0.18087,2112
3505028,41.4906223,-91.7033734,200.0033,1,08,1.6,0.17470,2112
3505196,41.4906223,-91.7033734,199.9814,1,08,1.6,0.18686,2112
3505361,41.4906223,-91.7033734,199.9814,1,08,1.6,0.18686,2112
3505495,41.4906222,-91.7033734,200.0001,1,09,1.6,0.18686,2112
3505719,41.4906223,-91.7033735,199.9899,1,09,1.6,0.19281GS,2112
3505978,41.4906223,-91.7033735,199.9899,1,09,1.6,0.19281GS,2112
3506198,41.4906223,-91.7033738,200.0547,1,09,1.6,0.13906,2112
3506452,41.4906223,-91.7033738,200.0721,1,09,1.6,0.15285,2112
3506550,41.4906223,-91.7033738,200.0721,1,09,1.6,0.15285,2112
3506894,41.4906223,-91.7033737,200.0614,1,08,1.6,0.07132,2112
3507020,41.4906223,-91.7033737,200.0614,1,08,1.6,0.07132,2112
3507185,41.4906223,-91.7033737,200.0627,1,08,1.6,0.20478,2112
3507343,41.4906223,-91.7033737,200.0627,1,08,1.6,0.20478,2112
3507479,41.4906223,-91.7033741,200.1111,1,08,1.6,0.20478,2112
3507710,41.4906222,-91.7033739,200.1544,1,08,1.6,0.18373,2112
3507871,41.4906222,-91.7033739,200.1544,1,08,1.6,0.18373,2112
3508021,41.4906223,-91.7033741,200.1113,1,07,2.5,0.23741,2112
3508140,41.4906222,-91.7033740,200.1266,1,07,2.5,0.20791,2112
3508300,41.4906222,-91.7033740,200.1266,1,07,2.5,0.20791,2112
3508515,41.4906222,-91.7033739,200.1293,1,08,1.6,NVTG,2112
3508678,41.4906222,-91.7033739,200.1293,1,08,1.6,NVTG,2112
3508989,41.4906222,-91.7033742,200.1082,1,08,1.6,0.24027,2112
3509123,41.4906224,-91.7033743,200.0948,1,07,2.5,0.24045,2112
3509264,41.4906224,-91.7033743,200.0948,1,07,2.5,0.24045,2112
3509504,41.4906222,-91.7033742,200.1379,1,07,2.5,0.24045,2112
3509655,41.4906222,-91.7033742,200.1379,1,07,2.5,0.24045,2112
3510091,41.4906223,-91.7033742,200.1493,1,07,2.5,0.25423,2112
3510184,41.4906223,-91.7033742,200.1493,1,07,2.5,0.25423,2112
3510390,41.4906222,-91.7033742,200.1461,1,08,1.6,0.24095,2112
3510462,41.4906221,-91.7033742,200.1750,1,08,1.6,0.2464ST,2112
3510710,41.4906221,-91.7033742,200.1631,1,08,1.6,0.24527,2112
3510881,41.4906221,-91.7033742,200.1631,1,08,1.6,0.24527,2112
3511019,41.4906222,-91.7033742,200.1741,1,08,1.6,0.22869,2112
3511117,41.4906222,-91.7033743,200.1690,1,08,1.6,0.16805,2112
3511261,41.4906222,-91.7033743,200.1690,1,08,1.6,0.16805,2112
3511516,41.4906219,-91.7033741,200.1978,1,08,1.6,0.14147,2112
3511664,41.4906219,-91.7033741,200.1978,1,08,1.6,0.14147,2112
3511942,41.4906219,-91.7033741,200.2036,1,08,1.6,0.00385,2112
3512067,41.4906220,-91.7033742,200.1907,1,08,1.6,0.06082,2112
3512396,41.4906192,-91.7033741,200.4721,1,08,1.6,0.07159,2112
3512504,41.4906192,-91.7033741,200.4734,1,08,1.6,0.02241,2112
3512641,41.4906192,-91.7033741,200.4734,1,08,1.6,0.02241,2112
3512809,41.4906193,-91.7033741,200.4653,1,08,1.6,0.07918,2112
3512911,41.4906193,-91.7033742,200.4681,1,08,1.6,0.04309,2112
3513053,41.4906193,-91.7033742,200.4681,1,08,1.6,0.04309,2112
3513206,41.4906201,-91.7033732,200.7635,1,08,1.6,0.06791,2112
3513311,41.4906201,-91.7033732,200.7792,1,08,1.6,0.04892,2112
3513456,41.4906201,-91.7033732,200.7792,1,08,1.6,0.04892,2112
3513622,41.4906202,-91.7033733,200.7316,1,08,1.6,0.17185,2112
3513714,41.4906201,-91.7033732,200.7509,1,08,1.6,0.10244,2112
3513868,41.4906201,-91.7033732,200.7509,1,08,1.6,0.10244,2112
3514016,41.4906201,-91.7033732,200.7705,1,08,1.6,0.09147,2112
3514275,41.4906201,-91.7033733,200.7416,1,08,1.6,0.18628,2112
3514559,41.4906201,-91.7033733,200.7416,1,08,1.6,0.18628,2112
3514700,41.4906201,-91.7033732,200.7516,1,08,1.6,0.14947,2112
3514850,41.4906201,-91.7033732,200.7516,1,08,1.6,0.14947,2112
3515003,41.4906202,-91.7033732,200.7458,1,08,1.6,0.09866,2112
3515110,41.4906202,-91.7033734,200.7270,1,08,1.6,0.09722,2112
3515231,41.4906202,-91.7033734,200.7270,1,08,1.6,0.09722,2112
3515484,41.4906202,-91.7033732,200.7614,1,08,1.6,0.09722,2112
3515567,41.4906202,-91.7033732,200.7614,1,08,1.6,0.09722,2112
3515887,41.4906202,-91.7033732,200.7523,1,08,1.6,0.11120,2112
3515975,41.4906202,-91.7033732,200.7523,1,08,1.6,0.11120,2112
3516280,41.4906203,-91.7033733,200.7424,1,08,1.6,0.11669,2112
3516447,41.4906203,-91.7033733,200.7424,1,08,1.6,0.11669,2112
3516714,41.4906204,-91.7033733,200.7695,1,08,1.6,0.12218,2112
3516874,41.4906204,-91.7033733,200.7695,1,08,1.6,0.12218,2112
3517120,41.4906203,-91.7033733,200.7468,1,08,1.6,0.16006,2112
3517282,41.4906203,-91.7033733,200.7468,1,08,1.6,0.16006,2112
3517631,41.4906204,-91.7033734,200.7523,1,08,1.6,0.17619,2112
3517770,41.4906204,-91.7033734,200.7523,1,08,1.6,0.17619,2112
3517996,41.4906203,-91.7033732,200.7682,1,08,1.6,0.26009,2112
3518129,41.4906202,-91.7033732,200.7580,1,08,1.6,0.20551,2112
3518275,41.4906202,-91.7033732,200.7580,1,08,1.6,0.20551,2112
3518402,41.4906204,-91.7033733,200.7309,1,08,1.6,0.31020,2112
3518505,41.4906203,-91.7033732,200.7629,1,08,1.6,0.28851,2112
3518656,41.4906203,-91.7033732,200.7629,1,08,1.6,0.28851,2112
3519084,41.4906204,-91.7033732,200.7291,1,08,1.6,0.33766,2112
3519254,41.4906204,-91.7033732,200.7291,1,08,1.6,0.33766,2112
3519510,41.4906206,-91.7033732,200.7004,1,09,1.5,0.22272,2112
3519666,41.4906206,-91.7033732,200.7004,1,09,1.5,0.22272,2112
3520044,41.4906205,-91.7033732,200.7088,1,09,1.5,0.25573,2112
3520200,41.4906205,-91.7033732,200.7088,1,09,1.5,0.25573,2112
3520720,41.4906206,-91.7033731,200.7050,1,09,1.5,0.18507,2112
3520921,41.4906206,-91.7033731,200.7050,1,09,1.5,0.18507,2112
3521241,41.4906206,-91.7033730,200.6928,1,09,1.5,0.25226,2112
3521386,41.4906206,-91.7033730,200.6928,1,09,1.5,0.25226,2112
3521613,41.4906214,-91.7033724,200.6001,1,09,1.5,0.15022,2112
3521703,41.4906214,-91.7033725,200.5796,1,09,1.5,0.18006,2112
3521856,41.4906214,-91.7033725,200.5796,1,09,1.5,0.18006,2112
3522016,41.4906213,-91.7033725,200.5983,1,09,1.5,0.15801,2112
3522113,41.4906213,-91.7033724,200.6115,1,09,1.5,0.17499,2112
3522244,41.4906213,-91.7033724,200.6115,1,09,1.5,0.17499,2112
3522475,41.4906213,-91.7033724,200.6115,1,09,1.5,0.17499,2112
3522710,41.4906215,-91.7033723,200.5671,1,09,1.5,0.23414,2112
3522885,41.4906215,-91.7033723,200.5671,1,09,1.5,0.23414,2112
3523026,41.4906215,-91.7033724,200.5771,1,09,1.5,0.21935,2112
3523116,41.4906216,-91.7033724,200.5126,1,09,1.5,0.16321,2112
3523266,41.4906216,-91.7033724,200.5126,1,09,1.5,0.16321,2112
3523414,41.4906273,-91.7033677,200.3428,1,09,1.5,0.20167,2112
3523520,41.4906273,-91.7033677,200.3584,1,09,1.5,0.24279,2112
3523787,41.4906273,-91.7033677,200.3584,1,09,1.5,0.24279,2112
3524103,41.4906273,-91.7033677,200.3641,1,09,1.5,0.19083,2112
3524211,41.4906273,-91.7033677,200.3641,1,09,1.5,0.19083,2112
3524387,41.4906273,-91.7033677,200.3433,1,09,1.5,0.19083,2112
3524531,41.4906273,-91.7033677,200.3433,1,09,1.5,0.19083,2112
3524694,41.4906272,-91.7033676,200.3550,1,09,1.5,0.19083,2112
3524971,41.4906273,-91.7033676,200.3281,1,09,1.5,0.02534,2112
3525079,41.4906273,-91.7033676,200.3281,1,09,1.5,0.02534,2112
3525315,41.4906273,-91.7033675,200.3294,1,09,1.5,0.15059,2112
3525458,41.4906273,-91.7033675,200.3294,1,09,1.5,0.15059,2112
3525616,41.4906274,-91.7033676,200.3020,1,08,1.6,0.13702,2112
3525712,41.4906274,-91.7033677,200.3158,1,08,1.6,0.09392,2112
3525864,41.4906274,-91.7033677,200.3158,1,08,1.6,0.09392,2112
3526018,41.4906274,-91.7033676,200.3274,1,09,1.5,0.17710,2112
3526119,41.4906273,-91.7033677,200.3227,1,09,1.5,0.12427,2112
3526270,41.4906273,-91.7033677,200.3227,1,09,1.5,0.12427,2112
3526530,41.4906273,-91.7033674,200.3274,1,07,2.1,0.05816,2112
3526651,41.4906274,-91.7033677,200.2876,1,07,2.1,0.10890,2112
3526883,41.4906274,-91.7033677,200.2876,1,07,2.1,0.10890,2112
3526945,41.4906274,-91.7033677,200.2876,1,07,2.1,0.10890,2112
3527106,41.4906274,-91.7033675,200.2864,1,07,2.1,0.10890,2112
3527258,41.4906274,-91.7033676,200.2957,1,08,2.0,0.10890,2112
3527398,41.4906274,-91.7033676,200.2957,1,08,2.0,0.05262,2112
3527500,41.4906274,-91.7033676,200.2957,1,08,2.0,0.05262,2112
3527576,41.4906272,-91.7033674,200.3025,1,08,2.0,0.05262,2112
3527701,41.4906272,-91.7033674,200.3025,1,08,2.0,0.05680,2112
3527913,41.4906272,-91.7033674,200.3217,1,08,2.0,0.11579,2112
3528079,41.4906272,-91.7033674,200.3217,1,08,2.0,0.11579,2112
3528203,41.4906272,-91.7033673,200.3399,1,08,2.0,0.11579,2112
3528302,41.4906272,-91.7033673,200.3399,1,08,2.0,0.11579,2112
3528447,41.4906273,-91.7033675,200.3096,1,07,2.1,0.11579,2112
3528709,41.4906273,-91.7033675,200.3096,1,07,2.1,0.08185,2112
3529129,41.4906273,-91.7033674,200.3116,1,08,2.0,0.08185,2112
3529253,41.4906274,-91.7033676,200.3034,1,08,2.0,0.09154,2112
3529452,41.4906274,-91.7033676,200.3034,1,08,2.0,0.09154,2112
3529557,41.4906274,-91.7033676,200.3034,1,08,2.0,0.09154,2112
3529689,41.4906273,-91.7033675,200.3056,1,08,2.0,0.09154,2112
3529903,41.4906273,-91.7033675,200.2492,1,08,2.0,0.18868,2112
3530051,41.4906273,-91.7033675,200.2492,1,08,2.0,0.18868,2112
3530308,41.4906274,-91.7033675,200.2664,1,08,2.0,0.17202,2112
3530464,41.4906274,-91.7033675,200.2664,1,08,2.0,0.17202,2112
3530708,41.4906275,-91.7033677,200.2301,1,08,2.0,0.17370,2112
3530872,41.4906275,-91.7033677,200.2301,1,08,2.0,0.17370,2112
3531008,41.4906275,-91.7033675,200.2617,1,08,2.0,0.18075,2112
3531118,41.4906275,-91.7033675,200.2380,1,08,2.0,0.26878,2112
3531263,41.4906275,-91.7033675,200.2380,1,08,2.0,0.26878,2112
3531516,41.4906274,-91.7033675,200.2393,1,07,2.0,0.32920,2112
3531677,41.4906274,-91.7033675,200.2393,1,07,2.0,0.32920,2112
3531941,41.4906276,-91.7033678,200.1724,1,06,2.3,0.38550,2112
3532096,41.4906276,-91.7033678,200.1724,1,06,2.3,0.23544,2112
3532231,41.4906276,-91.7033670,200.1916,1,05,2.5,0.23544,2112
3532301,41.4906276,-91.7033670,200.1916,1,05,2.5,0.23544,2112
3532549,41.4906184,-91.7033616,201.9979,1,21,0.8,0.23544,2112
3532698,41.4906184,-91.7033616,201.9979,1,21,0.8,0.23544,2112
3533112,41.4906183,-91.7033616,202.0616,1,21,0.8,0.13599,2112
3533245,41.4906183,-91.7033616,202.0616,1,21,0.8,0.13599,2112
3533512,41.4906183,-91.7033616,202.0616,1,21,0.8,0.13599,2112
3533781,41.4906168,-91.7033607,202.2557,1,21,0.8,0.07284,2112
3533927,41.4906168,-91.7033607,202.2557,1,21,0.8,0.07284,2112
3534303,41.4906168,-91.7033607,202.2375,1,21,0.8,0.22660,2112
3534457,41.4906168,-91.7033607,202.2375,1,21,0.8,0.22660,2112
3534622,41.4906150,-91.7033573,202.6057,1,21,0.8,0.04639,2112
3534713,41.4906150,-91.7033574,202.6512,1,21,0.8,0.07304,2112
3534866,41.4906150,-91.7033574,202.6512,1,21,0.8,0.07304,2112
3535238,41.4906152,-91.7033576,202.6262,1,21,0.8,0.06575,2112
3535392,41.4906152,-91.7033576,202.6262,1,21,0.8,0.06575,2112
3535665,41.4906152,-91.7033575,202.5511,1,20,0.8,0.06575,2113
3535902,41.4906151,-91.7033575,202.4236,1,20,0.8,0.09506,2113
3536036,41.4906151,-91.7033575,202.4236,1,20,0.8,0.09506,2113
3536306,41.4906150,-91.7033574,202.2817,1,20,0.8,0.08130,2113
3536443,41.4906150,-91.7033574,202.2817,1,20,0.8,0.08130,2113
3536707,41.4906151,-91.7033577,202.0950,1,20,0.8,0.23025,2113
3536848,41.4906151,-91.7033577,202.0950,1,20,0.8,0.23025,2113
3537118,41.4906152,-91.7033576,201.9528,1,20,0.8,0.24776,2113
3537263,41.4906152,-91.7033576,201.9528,1,20,0.8,0.24776,2113
3537513,41.4906144,-91.7033570,202.0986,1,20,0.8,0.08359,2113
3537659,41.4906144,-91.7033570,202.0986,1,20,0.8,0.08359,2113
3537915,41.4906145,-91.7033572,202.0779,1,20,0.8,0.01024,2113
3538063,41.4906145,-91.7033572,202.0779,1,20,0.8,0.01024,2113
3538498,41.4906144,-91.7033572,202.1109,1,20,0.8,0.12546,2113
3538781,41.4906144,-91.7033572,202.1109,1,20,0.8,0.12546,2113
3539016,41.4906144,-91.7033571,202.1753,1,20,0.8,0.01767,2113
3539111,41.4906144,-91.7033571,202.1753,1,20,0.8,0.01767,2113
3539244,41.4906144,-91.7033571,202.1753,1,20,0.8,0.01767,2113
3539490,41.4906142,-91.7033571,202.2655,1,20,0.8,0.01767,2113
3539593,41.4906142,-91.7033571,202.2655,1,20,0.8,0.01767,2113
3539804,41.4906141,-91.7033569,202.3081,1,20,0.8,0.12370,2113
3539884,41.4906140,-91.7033568,202.3402,1,20,0.8,0.16379,2113
3540113,41.4906140,-91.7033567,202.3871,1,20,0.8,0.10616,2113
3540235,41.4906140,-91.7033567,202.3871,1,20,0.8,0.10616,2113
3540494,41.4906140,-91.7033567,202.4193,1,20,0.8,0.10616,2113
3540607,41.4906140,-91.7033567,202.4193,1,20,0.8,0.10616,2113
3540834,41.4906139,-91.7033566,202.4747,1,20,0.8,0.09873,2113
3541232,41.4906137,-91.7033565,202.5269,1,20,0.8,0.08568,2113
3541328,41.4906137,-91.7033565,202.5269,1,20,0.8,0.08568,2113
3541518,41.4906140,-91.7033565,202.6642,1,20,0.8,0.06404,2113
3541790,41.4906140,-91.7033565,202.6642,1,20,0.8,0.06404,2113
3541998,41.4906139,-91.7033564,202.8045,1,20,0.8,0.07574,2113
3542106,41.4906140,-91.7033566,202.8329,1,20,0.8,0.10830,2113
3542226,41.4906140,-91.7033566,202.8329,1,20,0.8,0.10830,2113
3542474,41.4906140,-91.7033565,202.8835,1,20,0.8,0.10830,2113
3542583,41.4906140,-91.7033565,202.8835,1,20,0.8,0.10830,2113
3542835,41.4906141,-91.7033567,202.9493,1,20,0.8,0.04815,2113
3542919,41.4906140,-91.7033565,202.9501,1,19,0.8,0.03042,2113
3543075,41.4906140,-91.7033565,202.9501,1,19,0.8,0.03042,2113
3543313,41.4906142,-91.7033566,203.0119,1,20,0.8,0.05849,2113
3543468,41.4906142,-91.7033566,203.0119,1,20,0.8,0.05849,2113
3543715,41.4906140,-91.7033565,203.1077,1,20,0.8,0.02134,2113
3543875,41.4906140,-91.7033565,203.1077,1,20,0.8,0.02134,2113
3544119,41.4906141,-91.7033566,203.1495,1,20,0.8,0.04637,2113
3544280,41.4906141,-91.7033566,203.1495,1,20,0.8,0.04637,2113
3544432,41.4906141,-91.7033565,203.1833,1,20,0.8,0.11963,2113
3544646,41.4906141,-91.7033565,203.1917,1,20,0.8,0.03660,2113
3544823,41.4906141,-91.7033565,203.1917,1,20,0.8,0.03660,2113
3545018,41.4906139,-91.7033565,203.2258,1,19,0.8,3.82,2113
3545200,41.4906141,-91.7033567,203.2274,1,19,0.8,0.03711,2113
3545345,41.4906141,-91.7033567,203.2274,1,19,0.8,0.03711,2113
3545606,41.4906142,-91.7033569,203.2244,1,19,0.8,0.26878,2113
3545684,41.4906140,-91.7033568,203.2278,1,19,0.8,0.2293N,2113
3545909,41.4906139,-91.7033571,203.1666,1,19,0.8,0.34620,2113
3546067,41.4906139,-91.7033571,203.1666,1,19,0.8,0.34620,2113
3546312,41.4906137,-91.7033574,203.0110,1,20,0.8,0.35290,2113
3546466,41.4906137,-91.7033574,203.0110,1,20,0.8,0.35290,2113
3546714,41.4906138,-91.7033575,202.8555,1,20,0.8,0.38562,2113
3546926,41.4906138,-91.7033575,202.8555,1,20,0.8,0.38562,2113
3547316,41.4906137,-91.7033577,202.6112,1,20,0.8,0.45030,2113
3547456,41.4906137,-91.7033577,202.6112,1,20,0.8,0.45030,2113
3547715,41.4906136,-91.7033574,202.4572,1,20,0.8,0.32630,2113
3547982,41.4906136,-91.7033574,202.4572,1,20,0.8,0.32630,2113
3548302,41.4906140,-91.7033570,202.3635,1,20,0.8,0.14195,2113
3548399,41.4906140,-91.7033570,202.3635,1,20,0.8,0.14195,2113
3548607,41.4906139,-91.7033570,202.3381,1,20,0.8,0.08376,2113
3548702,41.4906139,-91.7033570,202.3463,1,20,0.8,0.14711,2113
3548856,41.4906139,-91.7033570,202.3463,1,20,0.8,0.14711,2113
3549113,41.4906140,-91.7033574,202.3890,1,20,0.8,0.05360,2113
3549225,41.4906140,-91.7033574,202.3890,1,20,0.8,0.05360,2113
3549394,41.4906139,-91.7033579,202.4393,1,20,0.8,0.05360,2113
3549485,41.4906139,-91.7033579,202.4393,1,20,0.8,0.05360,2113
3549710,41.4906140,-91.7033579,202.4335,1,20,0.8,0.12825,2113
3549854,41.4906140,-91.7033579,202.4335,1,20,0.8,0.12825,2113
3550150,41.4906140,-91.7033580,202.4239,1,20,0.8,0.04364,2113
3550294,41.4906140,-91.7033580,202.4239,1,20,0.8,0.04364,2113
3550428,41.4906162,-91.7033616,202.8046,1,20,0.8,0.04951,2113
3550519,41.4906163,-91.7033617,202.8074,1,20,0.8,0.04858,2113
3550782,41.4906163,-91.7033617,202.8074,1,20,0.8,0.04858,2113
3551107,41.4906162,-91.7033616,202.8228,1,18,0.8,0.09026,2113
3551213,41.4906162,-91.7033616,202.8228,1,18,0.8,0.09026,2113
3551303,41.4906163,-91.7033620,202.8349,1,20,0.8,0.09026,2113
3551437,41.4906163,-91.7033620,202.8349,1,20,0.8,0.09026,2113
3551706,41.4906163,-91.7033624,202.8273,1,20,0.8,0.05444,2113
3551848,41.4906163,-91.7033624,202.8273,1,20,0.8,0.05444,2113
3552113,41.4906160,-91.7033626,202.8151,1,18,0.8,0.07361,2113
3552229,41.4906160,-91.7033626,202.8151,1,18,0.8,0.07361,2113
3552488,41.4906162,-91.7033632,202.8232,1,20,0.8,0.07361,2113
3552597,41.4906162,-91.7033632,202.8232,1,20,0.8,0.07361,2113
3552811,41.4906160,-91.7033636,202.7965,1,20,0.8,0.11810,2113
3552920,41.4906159,-91.7033638,202.7776,1,20,0.8,0.09371,2113
3553111,41.4906162,-91.7033639,202.7738,1,19,0.8,0.09586,2113
3553213,41.4906162,-91.7033639,202.7738,1,19,0.8,0.09586,2113
3553616,41.4906188,-91.7033728,202.7299,1,20,0.8,0.05346,2113
3553844,41.4906188,-91.7033728,202.7299,1,20,0.8,0.05346,2113
3554018,41.4906188,-91.7033728,202.7299,1,20,0.8,0.05346,2113
3554104,41.4906189,-91.7033721,202.9539,1,20,0.8,0.05346,2113
3554222,41.4906189,-91.7033721,202.9539,1,20,0.8,0.05346,2113
3554309,41.4906180,-91.7033734,202.9116,1,20,0.8,0.05346,2113
3554455,41.4906180,-91.7033734,202.9116,1,20,0.8,0.05346,2113
3554623,41.4906179,-91.7033735,202.9223,1,20,0.8,0.06694,2113
3554707,41.4906179,-91.7033734,202.9341,1,20,0.8,0.18479,2113
3554856,41.4906179,-91.7033734,202.9341,1,20,0.8,0.18479,2113
3555210,41.4906182,-91.7033743,202.8885,1,20,0.8,0.01240,2113
3555312,41.4906181,-91.7033743,202.8714,1,20,0.8,0.07812,2113
3555463,41.4906181,-91.7033743,202.8714,1,20,0.8,0.07812,2113
3555899,41.4906181,-91.7033744,202.8012,1,20,0.8,0.13529,2113
3556067,41.4906181,-91.7033744,202.8012,1,20,0.8,0.13529,2113
3556317,41.4906180,-91.7033733,202.7228,1,20,0.8,0.17224,2113
3556472,41.4906180,-91.7033733,202.7228,1,20,0.8,0.17224,2113
3557010,41.4906180,-91.7033733,202.5389,1,20,0.8,0.35991,2113
3557179,41.4906180,-91.7033733,202.5389,1,20,0.8,0.35991,2113
3557318,41.4906188,-91.7033756,202.3329,1,20,0.8,0.35991,2113
3557463,41.4906188,-91.7033756,202.3329,1,20,0.8,0.35991,2113
3557885,41.4906186,-91.7033765,202.2301,1,20,0.8,0.34942,2113
3557993,41.4906186,-91.7033765,202.2301,1,20,0.8,0.34942,2113
3558343,41.4906184,-91.7033768,202.1856,1,20,0.8,0.38218,2113
3558646,41.4906193,-91.7033749,202.0052,1,20,0.8,0.21128,2113
3558787,41.4906193,-91.7033749,202.0052,1,20,0.8,0.21128,2113
3559067,41.4906194,-91.7033751,201.9738,1,19,0.8,0.21128,2113
3559315,41.4906187,-91.7033724,202.0220,1,20,0.8,0.1087N,2113
3559471,41.4906187,-91.7033724,202.0220,1,20,0.8,0.1087N,2113
3559714,41.4906187,-91.7033725,202.0590,1,20,0.8,0.01379,2113
3559885,41.4906187,-91.7033725,202.0590,1,20,0.8,0.01379,2113
3560248,41.4906185,-91.7033727,202.1298,1,20,0.8,0.05466,2113
3560341,41.4906185,-91.7033727,202.1298,1,20,0.8,0.05466,2113
3560539,41.4906186,-91.7033723,202.1738,1,20,0.8,0.05466,2113
3560648,41.4906186,-91.7033724,202.2066,1,20,0.8,0.13544,2113
3560797,41.4906186,-91.7033724,202.2066,1,20,0.8,0.13544,2113
3560953,41.4906188,-91.7033717,202.2300,1,19,0.8,0.13544,2113
3561087,41.4906188,-91.7033717,202.2300,1,19,0.8,0.13544,2113
3561201,41.4906187,-91.7033710,202.5034,1,20,0.8,0.24132,2113
3561309,41.4906190,-91.7033711,202.5708,1,20,0.8,0.24059,2113
3561443,41.4906190,-91.7033711,202.5708,1,20,0.8,0.24059,2113
3561709,41.4906190,-91.7033704,202.8570,1,20,0.8,0.23157,2113
3561849,41.4906190,-91.7033704,202.8570,1,20,0.8,0.23157,2113
3562224,41.4906192,-91.7033695,203.1409,1,20,0.8,0.20175,2113
3562320,41.4906192,-91.7033695,203.1409,1,20,0.8,0.20175,2113
3562670,41.4906192,-91.7033695,203.1409,1,20,0.8,0.20175,2113
3563090,41.4906195,-91.7033683,203.6573,1,19,0.8,0.12671,2113
3563249,41.4906195,-91.7033683,203.6573,1,19,0.8,0.12671,2113
3563519,41.4906191,-91.7033676,203.9090,1,19,0.8,0.05402,2113
3563782,41.4906191,-91.7033676,203.9090,1,19,0.8,0.05402,2113
3564017,41.4906198,-91.7033667,203.9526,1,20,0.8,0.07103,2113
3564108,41.4906196,-91.7033668,203.9686,1,20,0.8,0.11008,2113
3564217,41.4906196,-91.7033668,203.9686,1,20,0.8,0.11008,2113
3564306,41.4906197,-91.7033666,204.0004,1,20,0.8,0.11008,2113
3564444,41.4906197,-91.7033666,204.0004,1,20,0.8,0.11008,2113
3564705,41.4906199,-91.7033663,204.0891,1,20,0.8,0.18580,2113
3564866,41.4906199,-91.7033663,204.0891,1,20,0.8,0.18580,2113
3565024,41.4906203,-91.7033663,204.1722,1,20,0.8,0.24029,2113
3565117,41.4906205,-91.7033662,204.1978,1,19,0.8,0.27164,2113
3565261,41.4906205,-91.7033662,204.1978,1,19,0.8,0.27164,2113
3565512,41.4906151,-91.7033604,204.9098,1,21,0.8,0.35162,2113
3565658,41.4906151,-91.7033604,204.9098,1,21,0.8,0.35162,2113
3566092,41.4906163,-91.7033603,204.7882,1,21,0.8,0.48500,2113
3566258,41.4906163,-91.7033603,204.7882,1,21,0.8,0.48500,2113
3566575,41.4906186,-91.7033618,204.6291,1,21,0.8,0.76132,2113
3566813,41.4906186,-91.7033618,204.6291,1,21,0.8,0.76132,2113
3567034,41.4906186,-91.7033618,204.6291,1,21,0.8,A,2113
3567109,41.4906203,-91.7033629,204.3850,1,21,0.8,A,2113
3567220,41.4906203,-91.7033629,204.3850,1,21,0.8,A,2113
3567307,41.4906209,-91.7033611,204.1342,1,21,0.8,A,2113
3567449,41.4906209,-91.7033611,204.1342,1,21,0.8,A,2113
3567705,41.4906220,-91.7033622,203.9193,1,21,0.8,0.79244,2113
3567856,41.4906220,-91.7033622,203.9193,1,21,0.8,0.79244,2113
3568288,41.4906223,-91.7033637,203.7224,1,21,0.8,0.68889,2113
3568402,41.4906223,-91.7033637,203.7224,1,21,0.8,0.68889,2113
3568630,41.4906218,-91.7033644,203.6116,1,21,0.8,0.65996,2113
3568897,41.4906215,-91.7033656,203.4924,1,21,0.8,0.6290243,2113
3569090,41.4906215,-91.7033656,203.4924,1,21,0.8,0.6290243,2113
3569287,41.4906214,-91.7033668,203.2906,1,21,0.8,0.43769,2113
3569420,41.4906214,-91.7033668,203.2906,1,21,0.8,0.38777,2113
3569609,41.4906210,-91.7033678,203.1857,1,21,0.8,0.36763,2113
3569846,41.4906210,-91.7033678,203.1857,1,21,0.8,0.36763,2113
3570019,41.4906210,-91.7033678,203.1857,1,21,0.8,0.36763,2113
3570213,41.4906208,-91.7033695,203.0038,1,21,0.8,0.36763,2113
3570306,41.4906208,-91.7033695,203.0038,1,21,0.8,0.36763,2113
3570716,41.4906241,-91.7033617,202.3247,1,21,0.8,0.09846,2113
3570993,41.4906241,-91.7033618,202.2834,1,21,0.8,0.14415,2113
3571176,41.4906241,-91.7033618,202.2834,1,21,0.8,0.14415,2113
3571357,41.4906241,-91.7033619,202.2505,1,21,0.8,0.11945,2113
3571509,41.4906241,-91.7033619,202.2505,1,21,0.8,0.3056058,2113
3571799,41.4906237,-91.7033617,202.3027,1,21,0.8,0.3056058,2113
3571995,41.4906237,-91.7033617,202.3027,1,21,0.8,0.3056058,2113
3572187,41.4906239,-91.7033610,202.3238,1,21,0.8,0.14564,2113
3572428,41.4906220,-91.7033623,202.4399,1,21,0.8,0.2914919,2113
3572691,41.4906218,-91.7033626,202.4449,1,21,0.8,0.33907,2113
3572825,41.4906218,-91.7033626,202.4449,1,21,0.8,0.33907,2113
3573092,41.4906215,-91.7033635,202.4706,1,19,0.8,0.41306,2113
3573557,41.4906215,-91.7033635,202.4706,1,19,0.8,0.35120.6,2113
3573695,41.4906208,-91.7033622,202.702796,1,21,0.8,0.41098,2113
3573900,41.4906207,-91.7033625,202.8134,1,21,0.8,0.41098,2113
3574034,41.4906207,-91.7033625,202.8134,1,21,0.8,0.41098,2113
3574122,41.4906207,-91.7033625,202.8134,1,21,0.8,0.41098,2113
3574414,41.4906207,-91.7033626,202.8889,1,21,0.8,0.41098,2113
3574575,41.4906207,-91.7033626,202.8889,1,21,0.8,0.41098,2113
3574633,41.4906198,-91.7033619,202.8199,1,21,0.8,0.25253,2113
3574876,41.4906199,-91.7033620,202.8758,1,20,0.8,0.23949,2113
3574971,41.4906199,-91.7033620,202.8758,1,20,0.8,0.23949,2113
3575260,41.4906197,-91.7033628,202.9420,1,20,0.8,0.16699,2113
3575351,41.4906197,-91.7033628,202.9420,1,20,0.8,0.16699,2113
3575462,41.4906196,-91.7033631,202.8656,1,21,0.8,0.16699,2113
3575651,41.4906197,-91.7033628,202.9377,1,21,0.8,0.05681,2113
3575917,41.4906200,-91.7033622,202.8587,1,21,0.8,0.12265,2113
3576066,41.4906200,-91.7033622,202.8587,1,21,0.8,0.12265,2113
3576544,41.4906201,-91.7033606,203.0995,1,21,0.8,0.15823,2113
3576702,41.4906204,-91.7033601,203.1270,1,21,0.8,0.15771,2113
3576847,41.4906204,-91.7033601,203.1270,1,21,0.8,0.15771,2113
3577110,41.4906203,-91.7033604,202.9804,1,19,0.8,0.26852,2113
3577224,41.4906203,-91.7033604,202.9804,1,19,0.8,0.26852,2113
3577444,41.4906213,-91.7033617,202.7478,1,21,0.8,0.26852,2113
3577601,41.4906213,-91.7033617,202.7478,1,21,0.8,0.26852,2113
3577709,41.4906215,-91.7033614,202.6656,1,21,0.8,0.26852,2113
3577861,41.4906215,-91.7033614,202.6656,1,21,0.8,0.26852,2113
3578026,41.4906215,-91.7033613,202.5803,1,21,0.8,0.30939,2113
3578136,41.4906214,-91.7033611,202.5516,1,21,0.8,0.36767,2113
3578283,41.4906214,-91.7033611,202.5516,1,21,0.8,0.36767,2113
3578431,41.4906221,-91.7033610,202.4564,1,21,0.8,0.22929,2113
3578601,41.4906221,-91.7033608,202.4181,1,21,0.8,0.28345,2113
3578713,41.4906221,-91.7033608,202.4181,1,21,0.8,0.28345,2113
3579033,41.4906221,-91.7033608,202.4181,1,21,0.8,0.28345,2113
3579412,41.4906226,-91.7033589,202.1057,1,21,0.8,0.37713,2113
3579565,41.4906226,-91.7033589,202.1057,1,21,0.8,0.37713,2113
3579788,41.4906226,-91.7033601,201.7280,1,20,0.8,0.59245,2113
3579892,41.4906226,-91.7033601,201.7280,1,20,0.8,0.59245,2113
3580035,41.4906226,-91.7033601,201.7280,1,20,0.8,0.59245,2113
3580119,41.4906224,-91.7033616,201.4775,1,20,0.8,0.59245,2113
3580264,41.4906224,-91.7033616,201.4775,1,20,0.8,0.59245,2113
3580506,41.4906222,-91.7033620,201.1872,1,20,0.8,0.55541,2113
3580657,41.4906222,-91.7033620,201.1872,1,20,0.8,0.55541,2113
3580829,41.4906222,-91.7033625,201.0361,1,20,0.8,0.40669,2113
3581043,41.4906222,-91.7033617,200.9955,1,20,0.8,0.30165,2113
3581131,41.4906222,-91.7033626,200.9955,1,20,0.8,0.30165,2113
3581444,41.4906223,-91.7033626,200.9141,1,20,0.8,0.30165,2113
3581609,41.4906223,-91.7033626,200.9141,1,20,0.8,0.30165,2113
3581826,41.4906222,-91.7033627,200.8351,1,20,0.8,0.33235,2113
3582018,41.4906222,-91.7033633,200.7014,1,20,0.8,0.28202,2113
3582234,41.4906223,-91.7033633,200.6559,1,20,0.8,0.28202,2113
3582373,41.4906223,-91.7033632,200.6510,1,20,0.8,0.24117,2113
3582437,41.4906223,-91.7033632,200.6510,1,20,0.8,0.24117,2113
3582692,41.4906247,-91.7033648,200.8582,1,20,0.8,0.08666,2113
3582794,41.4906247,-91.7033648,200.8582,1,20,0.8,0.08666,2113
3583044,41.4906245,-91.7033657,200.8708,1,20,0.8,0.06715,2113
3583234,41.4906242,-91.7033664,200.8958,1,20,0.8,0.09114,2113
3583309,41.4906242,-91.7033664,200.8958,1,20,0.8,0.09114,2113
3583518,41.4906261,-91.7033653,202.7499,1,20,0.8,0.20149,2113
3583672,41.4906261,-91.7033653,202.7499,1,20,0.8,0.20149,2113
3583911,41.4906258,-91.7033650,202.9098,1,20,0.8,0.28560,2113
3584069,41.4906258,-91.7033650,202.9098,1,20,0.8,0.28560,2113
3584431,41.4906259,-91.7033654,203.2340,1,20,0.8,0.46549,2113
3584696,41.4906256,-91.7033654,203.3115,1,20,0.8,0.43149,2113
3584910,41.4906256,-91.7033654,203.3115,1,20,0.8,0.43149,2113
3585124,41.4906261,-91.7033632,203.8398,1,20,0.8,0.47403,2113
3585407,41.4906261,-91.7033632,203.8398,1,20,0.8,0.47403,2113
3585601,41.4906261,-91.7033633,204.1251,1,20,0.8,0.46703,2113
3585715,41.4906263,-91.7033634,204.1763,1,20,0.8,0.47595,2113
3585858,41.4906263,-91.7033634,204.1763,1,20,0.8,0.47595,2113
3586111,41.4906262,-91.7033632,204.3531,1,20,0.8,0.46216,2113
3586222,41.4906262,-91.7033632,204.3531,1,20,0.8,0.46216,2113
3586307,41.4906262,-91.7033634,204.4752,1,20,0.8,0.46216,2113
3586444,41.4906262,-91.7033634,204.4752,1,20,0.8,0.46216,2113
3586710,41.4906260,-91.7033643,204.7387,1,20,0.8,0.46378,2113
3586875,41.4906260,-91.7033643,204.7387,1,20,0.8,0.46378,2113
3587070,41.4906260,-91.7033644,204.8933,1,19,0.8,0.29596,2113
3587428,41.4906260,-91.7033642,205.0102,1,20,0.8,0.23889,2113
3587532,41.4906260,-91.7033642,205.0102,1,20,0.8,0.23889,2113
3587822,41.4906259,-91.7033639,205.1519,1,20,0.8,0.18847,2113
3587918,41.4906259,-91.7033639,205.1654,1,20,0.8,0.16691,2113
3588068,41.4906259,-91.7033639,205.1654,1,20,0.8,0.16691,2113
3588521,41.4906215,-91.7033649,204.9042,1,20,0.8,0.17503,2113
3588692,41.4906215,-91.7033649,204.9042,1,20,0.8,0.17503,2113
3588802,41.4906210,-91.7033661,204.8185,1,20,0.8,0.14290,2113
3588906,41.4906210,-91.7033666,204.7811,1,20,0.8,0.18166,2113
3589042,41.4906210,-91.7033666,204.7811,1,20,0.8,0.18166,2113
3589386,41.4906209,-91.7033676,204.2877,1,20,0.8,0.23757,2113
3589469,41.4906209,-91.7033676,204.2877,1,20,0.8,0.23757,2113
3589710,41.4906213,-91.7033660,204.0772,1,20,0.8,0.40545,2113
3589851,41.4906213,-91.7033660,204.0772,1,20,0.8,0.40545,2113
3590115,41.4906217,-91.7033646,203.8536,1,20,0.8,0.36673,2113
3590235,41.4906217,-91.7033646,203.8536,1,20,0.8,0.36673,2113
3590492,41.4906219,-91.7033643,203.7408,1,20,0.8,0.36673,2113
3590593,41.4906219,-91.7033643,203.7408,1,20,0.8,0.36673,2113
3590806,41.4906220,-91.7033639,203.5638,1,20,0.8,0.44612,2113
3590888,41.4906222,-91.7033635,203.4464,1,20,0.8,0.46239,2113
3591002,41.4906222,-91.7033635,203.4464,1,20,0.8,0.44139,2113
3591239,41.4906224,-91.7033631,203.2616,1,20,0.8,0.46655,2113
3591376,41.4906224,-91.7033631,203.2616,1,20,0.8,0.46655,2113
3591611,41.4906226,-91.7033627,202.9220,1,20,0.8,0.42482,2113
3591706,41.4906226,-91.7033627,202.8636,1,19,0.8,0.35240,2113
3591850,41.4906226,-91.7033627,202.8636,1,19,0.8,0.35240,2113
3592013,41.4906228,-91.7033627,202.7062,1,19,0.8,0.34939,2113
3592199,41.4906228,-91.7033627,202.6543,1,19,0.8,0.35605,2113
3592354,41.4906228,-91.7033627,202.6543,1,19,0.8,0.35605,2113
3592502,41.4906228,-91.7033624,202.7062,1,20,0.8,0.35605,2113
3592806,41.4906228,-91.7033623,202.5487,1,20,0.8,0.33368,2113
3592982,41.4906228,-91.7033623,202.5487,1,20,0.8,0.33368,2113
3593282,41.4906229,-91.7033616,202.5960,1,20,0.8,0.29690,2113
3593413,41.4906231,-91.7033607,202.5822,1,21,0.7,0.24799,2113
3593530,41.4906232,-91.7033607,202.5389,1,21,0.7,0.23628,2113
3593688,41.4906232,-91.7033607,202.5389,1,21,0.7,0.23628,2113
3593920,41.4906231,-91.7033606,202.4630,1,21,0.7,0.20681,2113
3594195,41.4906231,-91.7033606,202.4630,1,21,0.7,0.20681,2113
3594501,41.4906338,-91.7033575,203.3118,1,21,0.7,0.19923,2113
3594646,41.4906338,-91.7033575,203.3118,1,21,0.7,0.19923,2113
3594926,41.4906337,-91.7033576,203.2163,1,21,0.7,0.19816,2113
3595075,41.4906337,-91.7033576,203.2163,1,21,0.7,0.19816,2113
3595473,41.4906356,-91.7033566,203.4658,1,21,0.7,0.14329,2113
3595705,41.4906356,-91.7033569,203.4031,1,21,0.7,0.11457,2113
3595862,41.4906356,-91.7033569,203.4031,1,21,0.7,0.11457,2113
3596313,41.4906356,-91.7033571,203.3896,1,21,0.7,0.07332,2113
3596471,41.4906356,-91.7033571,203.3896,1,21,0.7,0.07332,2113
3596714,41.4906354,-91.7033575,203.4022,1,21,0.7,0.11174,2113
3596877,41.4906354,-91.7033575,203.4022,1,21,0.7,0.11174,2113
3597120,41.4906353,-91.7033578,203.4177,1,20,0.7,0.09991,2113
3597284,41.4906353,-91.7033578,203.4177,1,20,0.7,0.09991,2113
3597518,41.4906353,-91.7033578,203.4051,1,21,0.7,0.04563,2113
3597682,41.4906353,-91.7033578,203.4051,1,21,0.7,0.04563,2113
3598034,41.4906354,-91.7033578,203.3601,1,21,0.7,0.02177,2113
3598216,41.4906354,-91.7033578,203.3601,1,21,0.7,0.02177,2113
3598501,41.4906354,-91.7033579,203.2347,1,21,0.7,0.13690,2113
3598654,41.4906354,-91.7033579,203.2347,1,21,0.7,0.13690,2113
3599111,41.4906353,-91.7033581,203.1422,1,20,0.7,0.13149,2113
3599219,41.4906353,-91.7033581,203.1422,1,20,0.7,0.13149,2113
3599312,41.4906352,-91.7033581,203.1440,1,21,0.7,0.13149,2113
3599450,41.4906352,-91.7033581,203.1440,1,21,0.7,0.13149,2113
3599709,41.4906351,-91.7033585,203.1636,1,21,0.7,0.14099,2113
3599853,41.4906351,-91.7033585,203.1636,1,21,0.7,0.14099,2113
3600119,41.4906349,-91.7033587,203.1733,1,21,0.7,0.11342,2113
3600261,41.4906349,-91.7033587,203.1733,1,21,0.7,0.11342,2113
3600642,41.4906350,-91.7033590,203.1965,1,21,0.7,0.06685,2113
3600924,41.4906348,-91.7033592,203.2416,1,21,0.7,0.10967,2113
3601085,41.4906348,-91.7033592,203.2416,1,21,0.7,0.10967,2113
3601232,41.4906369,-91.7033528,203.6104,1,21,0.7,0.01622,2113
3601436,41.4906370,-91.7033528,203.6049,1,21,0.7,0.03473,2113
3601595,41.4906370,-91.7033528,203.6049,1,21,0.7,0.03473,2113
3601802,41.4906371,-91.7033527,203.5453,1,21,0.7,M,2113
3601995,41.4906370,-91.7033527,203.5334,1,21,0.7,0.06326,2113
3602091,41.4906370,-91.7033527,203.5334,1,21,0.7,0.06326,2113
3602420,41.4906392,-91.7033499,203.6794,1,21,0.7,0.03848,2113
3602507,41.4906392,-91.7033498,203.6693,1,21,0.7,0.05209,2113
3602647,41.4906392,-91.7033498,203.6693,1,21,0.7,0.05209,2113
3603048,41.4906393,-91.7033497,203.5963,1,21,0.7,0.15746,2113
3603144,41.4906393,-91.7033497,203.5963,1,21,0.7,0.15746,2113
3603415,41.4906418,-91.7033494,203.5367,1,21,0.7,0.21781,2113
3603654,41.4906420,-91.7033494,203.4865,1,21,0.7,0.22986,2113
3603792,41.4906420,-91.7033494,203.4865,1,21,0.7,0.22986,2113
3604045,41.4906420,-91.7033493,203.3085,1,21,0.7,0.22986,2113
3604306,41.4906420,-91.7033493,203.1324,1,21,0.7,0.24815,2113
3604466,41.4906420,-91.7033493,203.1324,1,21,0.7,0.24815,2113
3604734,41.4906457,-91.7033496,202.8274,1,21,0.7,0.34395,2113
3604864,41.4906458,-91.7033496,202.7693,1,21,0.7,0.35176,2113
3605003,41.4906458,-91.7033496,202.7693,1,21,0.7,0.35176,2113
3605458,41.4906481,-91.7033489,202.3571,1,20,0.8,0.38373,2113
3605601,41.4906481,-91.7033489,202.3571,1,20,0.8,0.38373,2113
3605867,41.4906484,-91.7033488,202.1720,1,20,0.8,0.38373,2113
3606110,41.4906482,-91.7033484,202.0479,1,20,0.8,0.17041,2113
3606226,41.4906482,-91.7033484,202.0479,1,20,0.8,0.17041,2113
3606316,41.4906588,-91.7033490,201.8936,1,21,0.7,0.17041,2113
3606464,41.4906588,-91.7033490,201.8936,1,21,0.7,0.17041,2113
3606733,41.4906587,-91.7033491,201.7750,1,21,0.7,0.06268,2113
3607105,41.4906587,-91.7033493,201.7196,1,21,0.7,0.03890,2113
3607218,41.4906587,-91.7033493,201.7196,1,21,0.7,0.03890,2113
3607445,41.4906587,-91.7033495,201.6631,1,21,0.7,0.08248,2113
3607648,41.4906587,-91.7033495,201.6535,1,21,0.7,0.0295859,2113
3607766,41.4906587,-91.7033495,201.6535,1,21,0.7,0.0295859,2113
3608132,41.4906587,-91.7033495,201.6535,1,21,0.7,0.0295859,2113
3608278,41.4906588,-91.7033491,201.6121,1,21,0.7,0.08261,2113
3608505,41.4906588,-91.7033492,201.5164,1,21,0.7,0.05616,2113
3608651,41.4906588,-91.7033492,201.5164,1,21,0.7,0.05616,2113
3609089,41.4906589,-91.7033492,201.3410,1,21,0.7,0.25505,2113
3609253,41.4906589,-91.7033492,201.3410,1,21,0.7,0.25505,2113
3609414,41.4906590,-91.7033494,201.0451,1,22,0.7,0.48419,2113
3609510,41.4906589,-91.7033492,200.9978,1,21,0.7,0.39808,2113
3609664,41.4906589,-91.7033492,200.9978,1,21,0.7,0.39808,2113
3610018,41.4906589,-91.7033488,200.8002,1,20,0.8,0.31175,2113
3610175,41.4906590,-91.7033490,200.7416,1,21,0.7,0.40088,2113
3610306,41.4906590,-91.7033490,200.7416,1,21,0.7,0.40088,2113
3610715,41.4906649,-91.7033481,200.4372,1,22,0.7,0.34183,2113
3610884,41.4906649,-91.7033481,200.4372,1,22,0.7,0.34183,2113
3611275,41.4906650,-91.7033478,200.2255,1,22,0.7,0.36038,2113
3611420,41.4906650,-91.7033478,200.2255,1,22,0.7,0.36038,2113
3611795,41.4906664,-91.7033490,199.9952,1,22,0.7,0.34677,2113
3612062,41.4906663,-91.7033485,199.8632,1,21,0.7,0.3247263,2113
3612231,41.4906663,-91.7033485,199.8632,1,21,0.7,0.3247263,2113
3612345,41.4906663,-91.7033485,199.8632,1,21,0.7,0.3247263,2113
3612492,41.4906665,-91.7033489,199.8083,1,21,0.7,0.3247263,2113
3612699,41.4906665,-91.7033489,199.8083,1,21,0.7,0.3247263,2113
3613015,41.4906665,-91.7033489,199.8083,1,21,0.7,0.3247263,2113
3613309,41.4906675,-91.7033480,199.3327,1,22,0.7,0.18798,2113
3613488,41.4906675,-91.7033480,199.3327,1,22,0.7,0.18798,2113
3613550,41.4906682,-91.7033486,199.3740,1,22,0.7,0.18798,2113
3613620,41.4906682,-91.7033486,199.2532,1,21,0.7,0.18798,2113
3613713,41.4906683,-91.7033487,199.2044,1,21,0.7,0.18971,2113
3613857,41.4906683,-91.7033487,199.2044,1,21,0.7,0.18971,2113
3614124,41.4906684,-91.7033481,199.0263,1,21,0.7,0.26333,2113
3614243,41.4906684,-91.7033481,199.0263,1,21,0.7,0.26333,2113
3614498,41.4906692,-91.7033477,199.1002,1,22,0.7,0.26333,2113
3614772,41.4906692,-91.7033477,199.1002,1,22,0.7,0.26333,2113
3615080,41.4906694,-91.7033474,198.9667,1,21,0.7,0.13895,2113
3615225,41.4906694,-91.7033474,198.9667,1,21,0.7,0.13895,2113
3615395,41.4906697,-91.7033469,198.8203,1,23,0.7,0.17725,2113
3615492,41.4906697,-91.7033469,198.8203,1,23,0.7,0.17725,2113
3615633,41.4906697,-91.7033469,198.8203,1,23,0.7,0.17725,2113
3615709,41.4906698,-91.7033470,198.7294,1,22,0.7,0.17725,2113
3615851,41.4906698,-91.7033470,198.7294,1,22,0.7,0.17725,2113
3616116,41.4906698,-91.7033470,198.7158,1,22,0.7,0.18781,2113
3616230,41.4906698,-91.7033470,198.7158,1,22,0.7,0.18781,2113
3616473,41.4906701,-91.7033475,198.7568,1,22,0.7,0.18781,2113
3616630,41.4906701,-91.7033475,198.7568,1,22,0.7,0.18781,2113
3616915,41.4906701,-91.7033476,198.7896,1,22,0.7,0.23028,2113
3617059,41.4906701,-91.7033476,198.7896,1,22,0.7,0.23028,2113
3617497,41.4906700,-91.7033470,198.9925,1,22,0.7,0.07128,2113
3617661,41.4906700,-91.7033470,198.9925,1,22,0.7,0.07128,2113
3617940,41.4906700,-91.7033469,199.0378,1,22,0.7,0.11616,2113
3618054,41.4906700,-91.7033472,199.0448,1,22,0.7,0.09696,2113
3618207,41.4906700,-91.7033472,199.0448,1,22,0.7,0.09696,2113
3618306,41.4906701,-91.7033471,199.0792,1,22,0.7,0.09696,2113
3618446,41.4906701,-91.7033471,199.0792,1,22,0.7,0.09696,2113
3618707,41.4906705,-91.7033464,199.4068,1,22,0.7,0.10959,2113
3618855,41.4906705,-91.7033464,199.4068,1,22,0.7,0.10959,2113
3619115,41.4906705,-91.7033462,199.3480,1,21,0.8,0.16343,2113
3619234,41.4906705,-91.7033462,199.3480,1,21,0.8,0.16343,2113
3619489,41.4906705,-91.7033463,199.5219,1,22,0.7,0.16343,2113
3619598,41.4906705,-91.7033463,199.5219,1,22,0.7,0.16343,2113
3619833,41.4906706,-91.7033463,199.4208,1,22,0.7,0.12231,2113
3620092,41.4906706,-91.7033459,199.2768,1,22,0.7,0.08005,2113
3620258,41.4906706,-91.7033459,199.2768,1,22,0.7,0.08005,2113
3620430,41.4906699,-91.7033465,199.3755,1,22,0.7,0.10905,2113
3620522,41.4906699,-91.7033465,199.3481,1,22,0.7,0.14929,2113
3620795,41.4906699,-91.7033465,199.3481,1,22,0.7,0.14929,2113
3621012,41.4906700,-91.7033467,199.2930,1,22,0.7,0.10212,2113
3621107,41.4906699,-91.7033466,199.2910,1,22,0.7,0.09719,2113
3621227,41.4906699,-91.7033466,199.2910,1,22,0.7,0.09719,2113
3621412,41.4906700,-91.7033469,199.5303,1,22,0.7,0.09719,2113
3621524,41.4906700,-91.7033469,199.5303,1,22,0.7,0.09719,2113
3621909,41.4906700,-91.7033471,199.4758,1,22,0.7,0.10932,2113
3622062,41.4906700,-91.7033471,199.4758,1,22,0.7,0.10932,2113
3622323,41.4906689,-91.7033487,199.8949,1,22,0.7,0.13466,2113
3622559,41.4906688,-91.7033488,199.9108,1,21,0.8,0.09325,2113
3622749,41.4906688,-91.7033488,199.9108,1,21,0.8,0.09325,2113
3623012,41.4906686,-91.7033485,200.1447,1,22,0.7,0.14599,2113
3623117,41.4906686,-91.7033486,200.1881,1,22,0.7,0.17395,2113
3623247,41.4906686,-91.7033486,200.1881,1,22,0.7,0.17395,2113
3623520,41.4906666,-91.7033493,200.4506,1,22,0.7,0.17395,2113
3623677,41.4906666,-91.7033493,200.4506,1,22,0.7,0.17395,2113
3624037,41.4906666,-91.7033492,200.4949,1,22,0.7,0.11575,2113
3624208,41.4906666,-91.7033492,200.4949,1,22,0.7,0.11575,2113
3624506,41.4906645,-91.7033497,200.7908,1,22,0.7,0.17064,2113
3624651,41.4906645,-91.7033497,200.7908,1,22,0.7,0.17064,2113
3624979,41.4906644,-91.7033495,200.8548,1,22,0.7,0.07558,2113
3625103,41.4906644,-91.7033495,200.8548,1,22,0.7,0.07558,2113
3625279,41.4906644,-91.7033495,200.8548,1,22,0.7,N,2113
3625512,41.4906629,-91.7033502,201.2432,1,21,0.8,0.04013,2113
3625689,41.4906629,-91.7033502,201.2432,1,21,0.8,0.04013,2113
3625956,41.4906630,-91.7033502,201.3085,1,19,0.8,0.11403,2113
3626100,41.4906630,-91.7033502,201.3085,1,19,0.8,0.11403,2113
3626317,41.4906626,-91.7033508,201.5067,1,22,0.7,0.09679,2113
3626455,41.4906626,-91.7033508,201.5067,1,22,0.7,0.09679,2113
3626719,41.4906625,-91.7033512,201.5025,1,22,0.7,0.13087,2113
3626864,41.4906625,-91.7033512,201.5025,1,22,0.7,0.13087,2113
3627251,41.4906626,-91.7033507,201.4921,1,22,0.7,0.11429,2113
3627440,41.4906626,-91.7033507,201.4921,1,22,0.7,0.11429,2113
3627626,41.4906623,-91.7033512,201.6952,1,22,0.7,0.11429,2113
3627685,41.4906623,-91.7033512,201.6952,1,22,0.7,0.11429,2113
3627908,41.4906622,-91.7033510,201.7310,1,22,0.7,0.13766,2113
3628040,41.4906622,-91.7033510,201.7310,1,22,0.7,0.13766,2113
3628310,41.4906610,-91.7033507,202.0076,1,22,0.7,0.18088,2113
3628446,41.4906610,-91.7033507,202.0076,1,22,0.7,0.18088,2113
3628711,41.4906612,-91.7033509,201.9554,1,22,0.7,0.13792,2114
3628857,41.4906612,-91.7033509,201.9554,1,22,0.7,0.13792,2114
3629254,41.4906611,-91.7033510,201.9255,1,22,0.7,0.12561,2113
3629516,41.4906595,-91.7033508,202.2475,1,22,0.7,T,2114
3629659,41.4906595,-91.7033508,202.2475,1,22,0.7,T,2114
3629914,41.4906596,-91.7033510,202.1942,1,21,0.8,0.11143,2114
3630057,41.4906596,-91.7033510,202.1942,1,21,0.8,0.11143,2114
3630493,41.4906589,-91.7033507,202.2843,1,22,0.7,0.02876,2113
3630656,41.4906589,-91.7033507,202.2843,1,22,0.7,0.02876,2114
3630949,41.4906588,-91.7033506,202.2250,1,22,0.7,0.07884,2114
3631178,41.4906589,-91.7033508,202.1763,1,22,0.7,0.07575,2113
3631503,41.4906577,-91.7033504,202.2770,1,22,0.7,330.475,2113
3631638,41.4906577,-91.7033504,202.2770,1,22,0.7,330.475,2113
3631904,41.4906578,-91.7033504,202.1033,1,22,0.7,0.10318,2113
3632045,41.4906578,-91.7033504,202.1033,1,22,0.7,0.10318,2113
3632490,41.4906577,-91.7033501,201.9012,1,22,0.7,0.16889,2113
3632603,41.4906577,-91.7033501,201.9012,1,22,0.7,0.16889,2113
3632837,41.4906579,-91.7033500,201.7775,1,22,0.7,0.18169,2113
3633147,41.4906580,-91.7033501,201.6891,1,22,0.7,0.1764237,2113
3633315,41.4906580,-91.7033501,201.6891,1,22,0.7,0.1764237,2113
3633695,41.4906572,-91.7033529,202.9128,1,22,0.7,0.27162,2113
3633816,41.4906572,-91.7033529,202.9128,1,22,0.7,0.27162,2113
3634054,41.4906572,-91.7033527,202.7794,1,22,0.7,0.26544,2113
3634334,41.4906571,-91.7033526,202.7060,1,22,0.7,0.1929167,2113
3634518,41.4906571,-91.7033526,202.7060,1,22,0.7,0.1929167,2113
3634825,41.4906572,-91.7033536,202.9268,1,22,0.7,0.1929167,2113
3635104,41.4906573,-91.7033532,202.8577,1,21,0.8,0.14297,2113
3635252,41.4906573,-91.7033532,202.8577,1,21,0.8,0.14297,2113
3635431,41.4906572,-91.7033535,202.8492,1,20,0.8,0.17281,2113
3635505,41.4906572,-91.7033535,202.8492,1,20,0.8,0.17281,2114
3635759,41.4906575,-91.7033539,203.0897,1,22,0.7,0.17281,2113
3635929,41.4906575,-91.7033539,203.0897,1,22,0.7,0.17281,2113
3636484,41.4906572,-91.7033538,203.1407,1,22,0.7,0.06033,2113
3636601,41.4906572,-91.7033538,203.1407,1,22,0.7,0.06033,2113
3636840,41.4906571,-91.7033540,203.3470,1,22,0.7,0.09572,2113
3636979,41.4906571,-91.7033540,203.3470,1,22,0.7,0.0215081,2113
3637122,41.4906571,-91.7033539,203.3463,1,22,0.7,0.10105,2113
3637250,41.4906571,-91.7033539,203.3463,1,22,0.7,0.10105,2113
3637537,41.4906571,-91.7033539,203.3463,1,22,0.7,0.10105,2113
3637612,41.4906563,-91.7033536,203.2338,1,05,2.3,0.10105,2113
3637838,41.4906562,-91.7033537,203.2296,1,05,2.3,0.01934,2113
3638037,41.4906563,-91.7033538,203.1909,1,05,2.3,0.01934,2113
3638305,41.4906563,-91.7033538,203.1909,1,05,2.3,0.08114,2113
3638642,41.4906542,-91.7033548,203.2198,1,21,0.8,0.04941,2113
3638822,41.4906542,-91.7033548,203.2198,1,21,0.8,0.04941,2113
3639110,41.4906542,-91.7033548,203.2198,1,21,0.8,0.03102,2113
3639245,41.4906542,-91.7033548,203.2198,1,21,0.8,0.02096,2113
3639490,41.4906527,-91.7033536,203.2870,1,22,0.7,0.02096,2113
3639584,41.4906527,-91.7033536,203.2870,1,22,0.7,0.02096,2113
3639712,41.4906526,-91.7033533,203.3419,1,22,0.7,0.04740,2113
3639869,41.4906526,-91.7033533,203.3419,1,22,0.7,0.04740,2113
3640410,41.4906510,-91.7033520,203.3949,1,22,0.7,0.03837,2113
3640509,41.4906510,-91.7033520,203.3949,1,22,0.7,0.03837,2113
3641123,41.4906507,-91.7033527,203.3428,1,21,0.8,0.15801,2113
3641388,41.4906505,-91.7033526,203.3961,1,21,0.8,0.15917,2113
3641606,41.4906508,-91.7033529,203.3564,1,05,2.0,0.15774,2113
3641874,41.4906509,-91.7033530,203.3556,1,22,0.7,0.13771,2113
3642069,41.4906507,-91.7033534,M,1,22,0..83,0.1626904,2113
3642244,41.4906507,-91.7033534,203.3261,1,22,0.7,0.1626904,2113
3642305,41.4906507,-91.7033534,203.3190,1,22,0.7,0.15192,2113
3642529,41.4906507,-91.7033543,203.2332,1,22,0.7,0.15192,2113
3642674,41.4906507,-91.7033543,203.2332,1,22,0.7,0.15192,2113
3642805,41.4906507,-91.7033543,203.2198,1,22,0.7,0.15127,2113
3642910,41.4906505,-91.7033546,203.1948,1,22,0.7,0.16967,2113
3643049,41.4906505,-91.7033546,203.1948,1,22,0.7,0.16967,2113
3643316,41.4906509,-91.7033535,203.4485,1,22,0.7,0.13037,2113
3643459,41.4906509,-91.7033535,203.4485,1,22,0.7,0.13037,2113
3643715,41.4906507,-91.7033536,203.4367,1,22,0.7,0.11915,2113
3643867,41.4906507,-91.7033536,203.4367,1,22,0.7,0.11915,2113
3644234,41.4906509,-91.7033534,203.4577,1,22,0.7,0.06206,2113
3644397,41.4906509,-91.7033534,203.4577,1,22,0.7,0.06206,2113
3644647,41.4906504,-91.7033547,203.4570,1,22,0.7,0.13262,2113
3644801,41.4906504,-91.7033547,203.4570,1,22,0.7,0.13262,2113
3645178,41.4906504,-91.7033547,203.4570,1,22,0.7,0.13262,2113
3645385,41.4906502,-91.7033551,203.4305,1,22,0.7,0.13262,2113
3645455,41.4906502,-91.7033551,203.4305,1,22,0.7,0.13262,2113
3645589,41.4906502,-91.7033551,203.4305,1,22,0.7,0.12785,2113
3645659,41.4906495,-91.7033554,203.5180,1,22,0.7,0.12785,2113
3645777,41.4906496,-91.7033552,203.5414,1,22,0.7,0.06893,2113
3645910,41.4906494,-91.7033553,203.5531,1,22,0.7,0.03072,2113
3646055,41.4906494,-91.7033553,203.5531,1,22,0.7,0.03072,2113
3646441,41.4906495,-91.7033553,203.5321,1,05,2.1,0.06968,2113
3646525,41.4906495,-91.7033553,203.5321,1,05,2.1,0.06968,2113
3646895,41.4906496,-91.7033553,203.5392,1,22,0.7,0.06968,2113
3647083,41.4906496,-91.7033553,203.5392,1,22,0.7,0.06968,2113
3647171,41.4906496,-91.7033553,203.5392,1,22,0.7,0.15215,2113
3647316,41.4906494,-91.7033553,203.5644,1,22,0.7,0.06761,2113
3647469,41.4906494,-91.7033553,203.5644,1,22,0.7,0.06761,2113
3647719,41.4906494,-91.7033554,203.5569,1,22,0.7,0.13642,2113
3647995,41.4906494,-91.7033554,203.5569,1,22,0.7,0.13642,2113
3648203,41.4906494,-91.7033553,203.5647,1,22,0.7,0.13967,2113
3648303,41.4906495,-91.7033553,203.5770,1,22,0.7,0.10332,2113
3648448,41.4906495,-91.7033553,203.5770,1,22,0.7,0.10332,2113
3648707,41.4906495,-91.7033552,203.5693,1,22,0.7,0.14785,2113
3648862,41.4906495,-91.7033552,203.5693,1,22,0.7,0.14785,2113
3649116,41.4906494,-91.7033553,203.5691,1,22,0.7,0.11377,2113
3649241,41.4906494,-91.7033553,203.5691,1,22,0.7,0.11377,2113
3649413,41.4906494,-91.7033553,203.5691,1,22,0.7,0.11377,2113
3649492,41.4906495,-91.7033553,203.5882,1,22,0.7,0.11377,2113
3649612,41.4906496,-91.7033553,203.5745,1,22,0.7,0.09640,2113
3649697,41.4906496,-91.7033553,203.5745,1,22,0.7,0.09640,2113
3649977,41.4906495,-91.7033553,203.5988,1,22,0.7,0.07902,2113
3650149,41.4906495,-91.7033553,203.5988,1,22,0.7,0.07902,2113
3650367,41.4906495,-91.7033553,203.5988,1,22,0.7,0.07902,2113
3650522,41.4906445,-91.7033589,203.8142,1,22,0.7,0.05614,2113
3650799,41.4906445,-91.7033589,203.8142,1,22,0.7,0.05614,2113
3651302,41.4906442,-91.7033596,204.1155,1,05,2.1,0.05517,2113
3651448,41.4906442,-91.7033596,204.1155,1,05,2.1,0.05517,2113
3651608,41.4906440,-91.7033598,204.1077,1,22,0.7,0.01350,2113
3651707,41.4906439,-91.7033600,204.1054,1,22,0.7,0.08413,2113
3651862,41.4906439,-91.7033600,204.1054,1,22,0.7,0.08413,2113
3652116,41.4906443,-91.7033593,204.1610,1,22,0.7,0.04958,2113
3652246,41.4906443,-91.7033593,204.1610,1,22,0.7,0.04958,2113
3652497,41.4906443,-91.7033593,204.1610,1,22,0.7,0.04958,2113
3652698,41.4906438,-91.7033603,204.0786,1,21,0.7,0.12380,2113
3652906,41.4906438,-91.7033603,204.0786,1,21,0.7,0.12380,2113
3653081,41.4906438,-91.7033603,204.0786,1,21,0.7,0.12380,2113
3653465,41.4906423,-91.7033627,204.4235,1,21,0.7,0.12380,2113
3653570,41.4906423,-91.7033627,204.4235,1,21,0.7,0.12380,2113
3653902,41.4906426,-91.7033622,204.4824,1,21,0.7,0.11447,2113
3654065,41.4906426,-91.7033622,204.4824,1,21,0.7,0.11447,2113
3654418,41.4906409,-91.7033644,204.5130,1,21,0.7,0.08409,2113
3654577,41.4906408,-91.7033643,204.5360,1,21,0.7,0.06202,2113
3654625,41.4906408,-91.7033643,204.5360,1,21,0.7,0.06202,2113
3654708,41.4906410,-91.7033636,204.5934,1,20,0.8,0.03545,2113
3654843,41.4906410,-91.7033636,204.5934,1,20,0.8,0.03545,2113
3655113,41.4906410,-91.7033632,204.6409,1,21,0.7,0.04124,2113
3655229,41.4906410,-91.7033632,204.6409,1,21,0.7,0.04124,2113
3655348,41.4906396,-91.7033651,204.6525,1,21,0.7,0.04124,2113
3655441,41.4906396,-91.7033651,204.6525,1,21,0.7,0.04124,2113
3655696,41.4906397,-91.7033648,204.6835,1,21,0.7,0.04124,2113
3655799,41.4906397,-91.7033648,204.6835,1,21,0.7,0.04124,2113
3656117,41.4906400,-91.7033644,204.7069,1,21,0.7,0.03157,2113
3656194,41.4906398,-91.7033643,204.7279,1,21,0.7,0.0254868,2113
3656265,41.4906398,-91.7033640,204.7572,1,21,0.7,0.06199,2113
3656533,41.4906400,-91.7033636,204.8277,1,21,0.7,0.07877,2113
3656730,41.4906400,-91.7033636,204.8277,1,21,0.7,0.07877,2113
3657243,41.4906403,-91.7033625,204.9360,1,20,0.8,0.12167,2113
3657376,41.4906403,-91.7033625,204.9360,1,20,0.8,0.12167,2113
3657604,41.4906404,-91.7033621,204.9746,1,20,0.8,0.18790,2113
3657708,41.4906405,-91.7033620,204.9780,1,20,0.8,0.10838,2113
3657850,41.4906405,-91.7033620,204.9780,1,20,0.8,0.10838,2113
3658113,41.4906405,-91.7033617,205.0058,1,20,0.8,0.09915,2113
3658228,41.4906405,-91.7033617,205.0058,1,20,0.8,0.09915,2113
3658370,41.4906405,-91.7033614,205.0589,1,21,0.7,0.09915,2113
3658495,41.4906405,-91.7033614,205.0589,1,21,0.7,0.09915,2113
3658661,41.4906405,-91.7033614,205.0589,1,21,0.7,4129.4384,2113
3658867,41.4906405,-91.7033614,205.0589,1,21,0.7,4129.4384,2113
3659044,41.4906406,-91.7033617,205.0110,1,21,0.7,4129.4384,2113
3659301,41.4906407,-91.7033613,205.0484,1,21,0.7,4129.4384,2113
3659461,41.4906407,-91.7033613,205.0484,1,21,0.7,4129.4384,2113
3659715,41.4906406,-91.7033613,205.0506,1,05,2.1,0.25963,2113
3659872,41.4906406,-91.7033613,205.0506,1,05,2.1,0.25963,2113
3660305,41.4906407,-91.7033612,205.0462,1,05,2.1,0.03448,2113
3660483,41.4906407,-91.7033612,205.0462,1,05,2.1,0.03448,2113
3660682,41.4906406,-91.7033613,205.0497,1,05,2.1,0.03448,2113
3661087,41.4906406,-91.7033613,205.0497,1,05,2.1,0.04272,2113
3661202,41.4906406,-91.7033614,205.0396,1,05,2.1,0.06577,2113
3661274,41.4906406,-91.7033615,205.0697,1,06,1.9,0.04394,2114
3661405,41.4906406,-91.7033615,205.0697,1,06,1.9,0.06596,2114
3661511,41.4906408,-91.7033616,205.0238,1,06,1.9,0.00975,2113
3661665,41.4906408,-91.7033616,205.0238,1,06,1.9,0.00975,2113
3662053,41.4906406,-91.7033616,205.0675,1,05,2.1,0.03443,2113
3662224,41.4906406,-91.7033616,205.0675,1,05,2.1,0.03443,2113
3662492,41.4906406,-91.7033616,205.0675,1,05,2.1,0.03443,2113
3662813,41.4906408,-91.7033620,205.0479,1,05,2.0,0.05584,2114
3662967,41.4906408,-91.7033620,205.0291,1,05,2.0,0.04030,2114
3663059,41.4906408,-91.7033620,205.0291,1,05,2.0,0.04030,2114
3663334,41.4906408,-91.7033621,205.0369,1,05,2.0,0.07483,2114
3663584,41.4906408,-91.7033620,205.0350,1,05,2.0,0.10450,2114
3663777,41.4906408,-91.7033620,205.0350,1,05,2.0,0.10450,2114
3663894,41.4906406,-91.7033626,204.9832,1,21,0.7,0.10450,2113
3664043,41.4906406,-91.7033626,204.9832,1,21,0.7,0.10450,2114
3664241,41.4906403,-91.7033636,204.8955,1,21,0.7,0.10450,2114
3664395,41.4906403,-91.7033636,204.8955,1,21,0.7,0.10450,2114
3664488,41.4906403,-91.7033636,204.8955,1,21,0.7,0.10450,2114
3664644,41.4906403,-91.7033636,204.8955,1,21,0.7,0.10450,2114
3664915,41.4906421,-91.7033697,205.0656,1,21,0.7,0.13578,2114
3665073,41.4906421,-91.7033697,205.0656,1,21,0.7,0.13578,2114
3665315,41.4906423,-91.7033707,205.0842,1,21,0.7,0.13151,2114
3665478,41.4906423,-91.7033707,205.0842,1,21,0.7,0.13151,2114
3665716,41.4906423,-91.7033706,205.1031,1,21,0.7,0.17386,2114
3665890,41.4906423,-91.7033706,205.1031,1,21,0.7,0.17386,2114
3666125,41.4906422,-91.7033708,205.0797,1,21,0.7,0.07282,2114
3666271,41.4906422,-91.7033708,205.0797,1,21,0.7,0.07282,2114
3666636,41.4906431,-91.7033718,204.9856,1,21,0.7,0.14711,2114
3666800,41.4906431,-91.7033718,204.9856,1,21,0.7,0.14711,2114
3667111,41.4906432,-91.7033715,205.0253,1,21,0.7,0.13930,2114
3667224,41.4906432,-91.7033715,205.0253,1,21,0.7,0.13930,2114
3667456,41.4906437,-91.7033730,205.0320,1,21,0.7,0.13930,2113
3667590,41.4906437,-91.7033730,205.0320,1,21,0.7,0.13930,2114
3667843,41.4906438,-91.7033729,205.0442,1,20,0.8,0.13930,2114
3668092,41.4906439,-91.7033725,205.0897,1,20,0.8,0.26740,2114
3668238,41.4906439,-91.7033725,205.0897,1,20,0.8,0.26740,2114
3668454,41.4906456,-91.7033735,205.0311,1,21,0.7,0.22230,2114
3668614,41.4906456,-91.7033735,205.0311,1,21,0.7,0.22230,2114
3668832,41.4906457,-91.7033731,205.0725,1,21,0.7,0.22230,2114
3668998,41.4906457,-91.7033731,205.0725,1,21,0.7,0.22230,2114
3669266,41.4906459,-91.7033727,205.1179,1,19,0.8,0.22230,2114
3669610,41.4906458,-91.7033726,205.1357,1,21,0.7,0.10223,2113
3669714,41.4906458,-91.7033726,205.1357,1,21,0.7,0.10223,2113
3670093,41.4906458,-91.7033726,205.1357,1,21,0.7,0.10223,2113
3670298,41.4906460,-91.7033719,205.2235,1,19,0.8,0.14881,2113
3670475,41.4906460,-91.7033719,205.2235,1,19,0.8,0.17392,2114
3670610,41.4906460,-91.7033719,205.2235,1,19,0.8,0.17392,2114
3671055,41.4906461,-91.7033719,205.2149,1,21,0.7,0.1126647,2114
3671212,41.4906461,-91.7033719,205.2149,1,21,0.7,0.1126647,2114
3671409,41.4906427,-91.7033772,205.1141,1,21,0.7,0.1126647,2114
3671621,41.4906429,-91.7033771,205.0945,1,21,0.7,0.03525,2114
3671726,41.4906429,-91.7033771,205.0945,1,21,0.7,0.03525,2114
3672031,41.4906430,-91.7033765,205.1597,1,19,0.8,0.10079,2113
3672118,41.4906430,-91.7033766,205.1427,1,19,0.8,0.07298,2113
3672243,41.4906430,-91.7033766,205.1427,1,19,0.8,0.07298,2113
3672387,41.4906426,-91.7033780,205.1119,1,05,2.0,0.07298,2114
3672547,41.4906426,-91.7033780,205.1119,1,05,2.0,0.07298,2114
3672949,41.4906425,-91.7033780,205.1236,1,05,2.0,0.05192,2114
3673107,41.4906425,-91.7033780,205.1236,1,05,2.0,0.05192,2114
3673311,41.4906425,-91.7033779,205.1220,1,05,2.0,0.05192,2114
3673533,41.4906417,-91.7033788,205.0471,1,05,2.0,0.11877,2113
3673747,41.4906415,-91.7033793,205.0004,1,21,0.7,0.05518,2114
3673893,41.4906415,-91.7033793,205.0004,1,21,0.7,0.05518,2113
3674112,41.4906416,-91.7033786,205.0863,1,21,0.7,0.08866,2113
3674233,41.4906416,-91.7033786,205.0863,1,21,0.7,0.08866,2113
3674488,41.4906409,-91.7033796,204.9747,1,21,0.7,0.08866,2113
3674595,41.4906409,-91.7033796,204.9747,1,21,0.7,0.08866,2113
3674813,41.4906408,-91.7033797,204.9695,1,21,0.7,0.12859,2113
3674921,41.4906407,-91.7033799,204.9553,1,21,0.7,0.10447,2113
3675118,41.4906408,-91.7033794,204.9915,1,21,0.7,0.12226,2113
3675223,41.4906408,-91.7033794,204.9915,1,21,0.7,0.12226,2113
3675433,41.4906407,-91.7033797,204.9816,1,21,0.7,0.12544,2113
3675695,41.4906407,-91.7033797,204.9717,1,21,0.7,0.13684,2113
3675819,41.4906407,-91.7033797,204.9717,1,21,0.7,0.13684,2113
3676048,41.4906409,-91.7033797,204.9533,1,21,0.7,0.12644,2113
3676392,41.4906409,-91.7033798,204.9703,1,21,0.7,0.1498669,2113
3676551,41.4906409,-91.7033796,204.9703,1,21,0.7,0.1498669,2113
3676855,41.4906409,-91.7033796,204.9703,1,21,0.7,0.17766,2113
3677093,41.4906397,-91.7033796,204.9460,1,21,0.7,0.13549,2113
3677346,41.4906397,-91.7033796,204.9460,1,21,0.7,0.19287,2113
3677687,41.4906396,-91.7033800,204.8786,1,21,0.7,0.18647,2113
3677813,41.4906396,-91.7033800,204.8786,1,21,0.7,0.18647,2114
3678048,41.4906395,-91.7033802,204.8669,1,21,0.7,0.17882,2113
3678416,41.4906396,-91.7033798,204.8988,1,21,0.7,0.1742546,2113
3678622,41.4906396,-91.7033798,204.8988,1,21,0.7,0.1742546,2113
3678859,41.4906385,-91.7033805,204.8999,1,21,0.7,0.09474,2113
3679051,41.4906385,-91.7033805,204.8999,1,21,0.7,0.1001377,2113
3679320,41.4906385,-91.7033806,204.9247,1,21,0.7,0.1001377,2113
3679483,41.4906385,-91.7033806,204.9247,1,21,0.7,0.1001377,2113
3679717,41.4906386,-91.7033803,204.9709,1,21,0.7,0.03711,2113
3679886,41.4906386,-91.7033803,204.9709,1,21,0.7,0.03711,2113
3680245,41.4906383,-91.7033808,204.9390,1,21,0.7,0.02101,2113
3680404,41.4906383,-91.7033808,204.9390,1,21,0.7,0.02101,2113
3680507,41.4906385,-91.7033791,205.0454,1,21,0.7,0.02101,2113
3680636,41.4906385,-91.7033791,205.0454,1,21,0.7,0.02101,2113
3680906,41.4906384,-91.7033792,205.0337,1,21,0.7,0.01004,2113
3681038,41.4906384,-91.7033792,205.0337,1,21,0.7,0.01004,2113
3681309,41.4906378,-91.7033782,205.0892,1,21,0.7,0.05463,2113
3681443,41.4906378,-91.7033782,205.0892,1,21,0.7,0.05463,2113
3681712,41.4906378,-91.7033783,205.0472,1,21,0.7,0.03301,2113
3681860,41.4906378,-91.7033783,205.0472,1,21,0.7,0.03301,2113
3682121,41.4906378,-91.7033781,205.0639,1,19,0.8,0.10807,2113
3682262,41.4906378,-91.7033781,205.0639,1,19,0.8,0.10807,2113
3682515,41.4906367,-91.7033763,205.1482,1,21,0.7,0.19324,2113
3682658,41.4906367,-91.7033763,205.1482,1,21,0.7,0.19324,2113
3683092,41.4906369,-91.7033762,205.1369,1,21,0.7,0.09887,2113
3683249,41.4906369,-91.7033762,205.1369,1,21,0.7,0.09887,2113
3683445,41.4906370,-91.7033741,205.1655,1,20,0.8,0.12286,2113
3683575,41.4906370,-91.7033741,205.1655,1,20,0.8,0.12286,2113
3683811,41.4906369,-91.7033742,205.1667,1,21,0.7,0.18244,2113
3684017,41.4906370,-91.7033741,205.1642,1,21,0.7,0.03429,2113
3684112,41.4906370,-91.7033741,205.1642,1,21,0.7,0.03429,2113
3684245,41.4906370,-91.7033741,205.1642,1,21,0.7,0.03429,2113
3684488,41.4906372,-91.7033739,205.1777,1,21,0.7,0.03429,2113
3684584,41.4906372,-91.7033739,205.1777,1,21,0.7,0.03429,2113
3684720,41.4906372,-91.7033737,205.1908,1,21,0.7,0.11230,2113
3685030,41.4906371,-91.7033739,205.1736,1,21,0.7,0.10672,2113
3685172,41.4906371,-91.7033739,205.1736,1,21,0.7,0.10672,2113
3685510,41.4906369,-91.7033742,205.1596,1,21,0.7,0.10672,2113
3685660,41.4906369,-91.7033742,205.1596,1,21,0.7,0.10672,2113
3685823,41.4906369,-91.7033743,205.1313,1,20,0.7,0.00613,2113
3686009,41.4906371,-91.7033741,205.1339,1,20,0.7,0.10061,2113
3686110,41.4906371,-91.7033741,205.1339,1,20,0.7,0.10061,2113
3686370,41.4906371,-91.7033741,205.1339,1,20,0.7,0.10061,2113
3686626,41.4906371,-91.7033738,205.1819,1,21,0.7,0.10061,2113
3686698,41.4906371,-91.7033738,205.1819,1,21,0.7,0.10061,2113
3686910,41.4906371,-91.7033738,205.1819,1,21,0.7,0.12807,2113
3687131,41.4906369,-91.7033739,205.1739,1,21,0.7,0.12807,2113
3687303,41.4906369,-91.7033739,205.1739,1,21,0.7,0.12807,2113
3687594,41.4906370,-91.7033701,205.0574,1,21,0.7,0.01819,2113
3687695,41.4906370,-91.7033701,205.0574,1,21,0.7,0.01819,2113
3687850,41.4906370,-91.7033701,205.0574,1,21,0.7,0.01819,2113
3688019,41.4906371,-91.7033697,205.0909,1,21,0.7,0.01819,2113
3688316,41.4906371,-91.7033676,205.1752,1,21,0.7,0.08347,2113
3688468,41.4906371,-91.7033676,205.1752,1,21,0.7,0.08347,2113
3688707,41.4906375,-91.7033672,205.1808,1,21,0.7,0.07026,2113
3688975,41.4906374,-91.7033671,205.1932,1,21,0.7,0.07856,2113
3689126,41.4906374,-91.7033671,205.1932,1,21,0.7,0.07856,2113
3689345,41.4906374,-91.7033672,205.1864,1,21,0.7,0.07856,2113
3689924,41.4906377,-91.7033652,205.3776,1,21,0.7,0.06340,2113
3690118,41.4906377,-91.7033652,205.3776,1,21,0.7,0.06340,2113
3690288,41.4906377,-91.7033653,205.3874,1,21,0.7,0.08727,2113
3690401,41.4906377,-91.7033653,205.3874,1,21,0.7,0.0834$GN,2113
3690508,41.4906370,-91.7033662,205.1977,1,21,0.7,0.04401,2113
3690655,41.4906370,-91.7033662,205.1977,1,21,0.7,0.04401,2113
3691026,41.4906371,-91.7033661,205.2110,1,21,0.7,0.05299,2113
3691173,41.4906372,-91.7033660,205.2223,1,21,0.7,0.06206,2113
3691294,41.4906372,-91.7033660,205.2223,1,21,0.7,0.06206,2113
3691471,41.4906372,-91.7033660,205.2223,1,21,0.7,0.06206,2113
3691612,41.4906370,-91.7033646,205.3029,1,21,0.7,0.01785,2113
3691718,41.4906371,-91.7033644,205.3032,1,21,0.7,0.03679,2113
3691880,41.4906371,-91.7033644,205.3032,1,21,0.7,0.03679,2113
3692122,41.4906371,-91.7033643,205.3121,1,20,0.8,0.04200,2113
3692279,41.4906371,-91.7033643,205.3121,1,20,0.8,0.04200,2113
3692521,41.4906369,-91.7033638,205.3189,1,21,0.7,0.05442,2113
3692795,41.4906369,-91.7033638,205.3189,1,21,0.7,0.05442,2113
3693256,41.4906370,-91.7033636,205.3100,1,21,0.7,0.07037,2113
3693398,41.4906370,-91.7033636,205.3100,1,21,0.7,0.07037,2113
3693505,41.4906368,-91.7033621,205.3851,1,21,0.7,0.07037,2113
3693635,41.4906368,-91.7033621,205.3851,1,21,0.7,0.07037,2113
3693911,41.4906368,-91.7033618,205.4250,1,21,0.7,0.06942,2113
3694043,41.4906368,-91.7033618,205.4250,1,21,0.7,0.06942,2113
3694309,41.4906367,-91.7033605,205.3694,1,05,7.4,0.07604,2113
3694443,41.4906367,-91.7033605,205.3694,1,05,7.4,0.07604,2113
3694701,41.4906367,-91.7033603,205.3898,1,21,0.7,0.05814,2113
3694884,41.4906367,-91.7033603,205.3898,1,21,0.7,0.05814,2113
3695068,41.4906367,-91.7033604,205.3516,1,05,7.4,0.02314,2113
3695194,41.4906369,-91.7033601,205.3787,1,05,7.4,0.04866,2113
3695253,41.4906369,-91.7033601,205.3787,1,05,7.4,0.04866,2113
3695320,41.4906357,-91.7033604,205.3046,1,05,7.4,0.04866,2113
3695575,41.4906356,-91.7033607,205.2828,1,05,7.4,0.09562,2113
3695835,41.4906356,-91.7033607,205.2828,1,05,7.4,0.09562,2113
3695929,41.4906356,-91.7033608,205.2701,1,05,7.4,0.09562,2113
3696003,41.4906361,-91.7033599,205.3165,1,05,7.4,0.07915,2113
3696112,41.4906360,-91.7033601,205.3017,1,05,7.4,0.06520,2113
3696221,41.4906360,-91.7033601,205.3017,1,05,7.4,0.06520,2113
3696359,41.4906353,-91.7033600,205.2935,1,05,7.4,0.06520,2113
3696494,41.4906353,-91.7033600,205.2935,1,05,7.4,0.06520,2113
3696682,41.4906353,-91.7033600,205.2935,1,05,7.4,0.02493,2113
3696816,41.4906353,-91.7033600,205.2935,1,05,7.4,0.06499,2113
3696962,41.4906353,-91.7033596,205.3265,1,05,7.4,0.07063,2113
3697107,41.4906353,-91.7033596,205.3265,1,05,7.4,0.07063,2113
3697300,41.4906353,-91.7033596,205.3265,1,05,7.4,0.03596,2113
3697492,41.4906347,-91.7033603,205.1867,1,05,7.4,0.03596,2113
3697652,41.4906347,-91.7033603,205.1867,1,05,7.4,0.03596,2113
3697844,41.4906347,-91.7033603,205.1867,1,05,7.4,0.03596,2113
3698063,41.4906348,-91.7033598,205.2519,1,05,7.4,0.03668,2113
3698340,41.4906348,-91.7033598,205.2519,1,05,7.4,0.03668,2113
3698660,41.4906348,-91.7033598,205.2519,1,05,7.4,0.03668,2113
3699015,41.4906346,-91.7033593,205.2722,1,05,7.4,0.05759,2113
3699080,41.4906346,-91.7033593,205.2722,1,05,7.4,0.05759,2113
3699208,41.4906335,-91.7033594,205.2977,1,06,1.8,0.05759,2113
3699309,41.4906335,-91.7033593,205.3005,1,06,1.8,0.11448,2113
3699452,41.4906335,-91.7033593,205.3005,1,06,1.8,0.11448,2113
3699611,41.4906334,-91.7033593,205.3219,1,06,1.8,0.12775,2113
3699711,41.4906334,-91.7033593,205.2960,1,06,1.8,0.07008,2113
3699864,41.4906334,-91.7033593,205.2960,1,06,1.8,0.07008,2113
3700300,41.4906335,-91.7033593,205.3025,1,06,1.8,0.10580,2113
3700529,41.4906335,-91.7033593,205.3025,1,06,1.8,0.05650,2113
3700620,41.4906334,-91.7033587,205.2992,1,05,7.4,0.09489,2113
3700718,41.4906333,-91.7033591,205.2520,1,05,7.4,0.03053,2113
3700909,41.4906333,-91.7033591,205.2520,1,05,7.4,0.03053,2113
3701141,41.4906336,-91.7033585,205.2918,1,05,7.4,0.07500,2113
3701417,41.4906336,-91.7033585,205.2918,1,05,7.4,0.07500,2113
3701603,41.4906330,-91.7033581,205.2889,1,05,7.4,0.07500,2113
3701730,41.4906333,-91.7033574,205.3158,1,05,7.4,0.05131,2113
3701790,41.4906333,-91.7033574,205.3158,1,05,7.4,0.05131,2113
3701866,41.4906332,-91.7033573,205.3243,1,05,7.4,0.05131,2113
3702075,41.4906332,-91.7033573,205.3243,1,05,7.4,0.11041,2113
3702228,41.4906332,-91.7033574,205.3283,1,05,7.4,0.11041,2113
3702658,41.4906330,-91.7033565,205.3595,1,05,7.4,0.05551,2113
3702824,41.4906330,-91.7033565,205.3595,1,05,7.4,0.05551,2113
3702966,41.4906330,-91.7033565,205.3595,1,05,7.4,0.05551,2113
3703119,41.4906329,-91.7033564,205.3907,1,05,7.4,0.01214,2113
3703248,41.4906329,-91.7033564,205.3907,1,05,7.4,0.01214,2113
3703515,41.4906329,-91.7033564,205.3907,1,05,7.4,0.01214,2113
3703600,41.4906323,-91.7033570,205.4180,1,05,7.4,0.01214,2113
3703827,41.4906323,-91.7033570,205.4180,1,05,7.4,0.12786,2113
3703929,41.4906325,-91.7033564,205.4759,1,05,7.4,0.12786,2113
3704239,41.4906325,-91.7033564,205.4683,1,05,7.4,0.07817,2113
3704385,41.4906325,-91.7033564,205.4683,1,05,7.4,0.07817,2113
3704709,41.4906319,-91.7033569,205.5846,1,06,1.8,0.04621,2113
3704867,41.4906319,-91.7033569,205.5846,1,06,1.8,0.04621,2113
3705112,41.4906319,-91.7033569,205.6051,1,06,1.8,0.01637,2113
3705224,41.4906319,-91.7033569,205.6051,1,06,1.8,0.01637,2113
3705312,41.4906317,-91.7033571,205.5880,1,05,7.4,0.01637,2113
3705449,41.4906317,-91.7033571,205.5880,1,05,7.4,0.01637,2113
3705531,41.4906316,-91.7033573,205.5882,1,05,7.4,0.07341,2113
3705670,41.4906316,-91.7033573,205.5882,1,05,7.4,0.07341,2113
3705818,41.4906314,-91.7033579,205.5104,1,05,7.4,0.15181,2113
3705917,41.4906315,-91.7033576,205.5376,1,05,7.4,0.03674,2113
3706060,41.4906315,-91.7033576,205.5376,1,05,7.4,0.03674,2113
3706375,41.4906315,-91.7033576,205.5376,1,05,7.4,0.10093,2113
3706521,41.4906320,-91.7033563,205.6335,1,05,7.4,0.15905,2113
3706669,41.4906320,-91.7033563,205.6335,1,05,7.4,0.15905,2113
3706948,41.4906320,-91.7033560,205.6872,1,05,7.4,0.17104,2113
3707160,41.4906318,-91.7033562,205.6649,1,05,7.4,0.08678,2113
3707280,41.4906318,-91.7033562,205.6649,1,05,7.4,0.08678,2113
3707509,41.4906318,-91.7033562,205.6182,1,05,2.0,0.08740,2113
3707645,41.4906318,-91.7033562,205.6182,1,05,2.0,0.08740,2113
3707863,41.4906319,-91.7033560,205.6187,1,05,2.0,0.10673,2113
3708020,41.4906319,-91.7033560,205.6187,1,05,2.0,0.10673,2113
3708096,41.4906319,-91.7033560,205.6187,1,05,2.0,0.10673,2113
3708202,41.4906319,-91.7033560,205.6187,1,05,2.0,0.10673,2113
3708387,41.4906317,-91.7033561,205.6485,1,05,2.0,0.10673,2113
3708569,41.4906317,-91.7033561,205.6485,1,05,2.0,0.10673,2113
3708713,41.4906315,-91.7033562,205.7297,1,05,2.0,0.01515,2113
3708873,41.4906315,-91.7033562,205.7297,1,05,2.0,0.01515,2113
3709301,41.4906314,-91.7033562,205.7394,1,05,2.0,0.07153,2113
3709445,41.4906314,-91.7033562,205.7394,1,05,2.0,0.07153,2113
3709520,41.4906304,-91.7033571,205.8966,1,05,2.0,0.02429,2113
3709801,41.4906304,-91.7033571,205.8966,1,05,2.0,0.02429,2113
3709960,41.4906304,-91.7033571,205.8966,1,05,2.0,0.03859,2113
3710112,41.4906304,-91.7033572,205.9058,1,05,2.0,0.05574,2113
3710229,41.4906304,-91.7033572,205.9058,1,05,2.0,0.05574,2113
3710401,41.4906301,-91.7033562,205.9339,1,05,2.0,0.05574,2113
3710553,41.4906301,-91.7033562,205.9339,1,05,2.0,0.05574,2113
3710823,41.4906300,-91.7033562,205.9382,1,05,2.0,0.05574,2113
3711008,41.4906300,-91.7033562,205.9212,1,05,2.0,0.12522,2113
3711159,41.4906300,-91.7033562,205.9429,1,05,2.0,0.06142,2113
3711285,41.4906300,-91.7033562,205.9429,1,05,2.0,0.06142,2113
3711513,41.4906302,-91.7033560,205.9288,1,06,1.8,0.02269,2113
3711667,41.4906302,-91.7033560,205.9288,1,06,1.8,0.02269,2113
3711817,41.4906301,-91.7033560,205.9192,1,06,1.8,0.02887,2113
3711917,41.4906301,-91.7033560,205.9409,1,06,1.8,0.05979,2113
3712076,41.4906301,-91.7033560,205.9409,1,06,1.8,0.05979,2113
3712216,41.4906299,-91.7033562,205.9953,1,06,1.8,0.04742,2113
3712436,41.4906298,-91.7033560,206.0133,1,06,1.8,0.05098,2113
3712574,41.4906298,-91.7033560,206.0133,1,06,1.8,0.05098,2113
3712908,41.4906298,-91.7033562,206.0009,1,06,1.8,0.02339,2113
3713060,41.4906298,-91.7033562,206.0009,1,06,1.8,0.02339,2113
3713407,41.4906300,-91.7033550,206.0372,1,06,1.8,0.01233,2113
3713510,41.4906301,-91.7033549,206.0166,1,06,1.8,0.01507,2113
3713660,41.4906301,-91.7033549,206.0166,1,06,1.8,0.01507,2113
3713811,41.4906301,-91.7033549,206.0255,1,06,1.8,0.01086,2113
3713910,41.4906301,-91.7033549,206.0372,1,06,1.8,0.01101,2113
3714064,41.4906301,-91.7033549,206.0372,1,06,1.8,0.01101,2113
3714212,41.4906299,-91.7033539,206.0651,1,06,1.8,0.02069,2113
3714350,41.4906299,-91.7033539,206.0626,1,06,1.8,0.01246,2113
3714512,41.4906299,-91.7033539,206.0626,1,06,1.8,0.01246,2113
3714731,41.4906299,-91.7033541,206.0235,1,06,1.8,0.01246,2113
3714913,41.4906299,-91.7033539,206.055.021,1,06,1.8,0.03276,2113
3715140,41.4906300,-91.7033539,206.0384,1,06,1.8,0.03276,2113
3715423,41.4906300,-91.7033539,206.0384,1,06,1.8,0.03276,2113
3715722,41.4906297,-91.7033528,206.0658,1,06,1.8,0.00373,2113
3715820,41.4906298,-91.7033530,206.0344,1,06,1.8,0.06576,2113
3715907,41.4906298,-91.7033529,206.0401,1,06,1.8,0.01657,2113
3716059,41.4906298,-91.7033529,206.0401,1,06,1.8,0.01657,2113
3716207,41.4906298,-91.7033527,206.0340,1,06,1.8,0.05860,2113
3716310,41.4906298,-91.7033527,206.0549,1,06,1.8,0.16192,2113
3716446,41.4906298,-91.7033527,206.0549,1,06,1.8,0.16192,2113
3716654,41.4906297,-91.7033525,206.0704,1,06,1.8,0.14872,2113
3716725,41.4906297,-91.7033525,206.0704,1,06,1.8,0.14872,2113
3716909,41.4906298,-91.7033526,206.0618,1,06,1.8,0.14872,2113
3717068,41.4906298,-91.7033526,206.0618,1,06,1.8,0.14872,2113
3717219,41.4906298,-91.7033526,206.0468,1,06,1.8,0.14872,2113
3717350,41.4906298,-91.7033526,206.0468,1,06,1.8,0.14872,2113
3717454,41.4906305,-91.7033514,206.0538,1,06,1.8,0.14872,2113
3717667,41.4906306,-91.7033515,206.0277,1,06,1.8,0.21994,2113
3717947,41.4906306,-91.7033515,206.0277,1,06,1.8,0.21994,2113
3718107,41.4906304,-91.7033515,206.0863,1,06,1.8,0.21994,2113
3718217,41.4906304,-91.7033515,206.0863,1,06,1.8,0.21994,2113
3718309,41.4906308,-91.7033507,206.0290,1,06,1.8,0.21994,2113
3718445,41.4906308,-91.7033507,206.0290,1,06,1.8,0.21994,2113
3718661,41.4906307,-91.7033508,206.0540,1,06,1.8,0.04635,2113
3718817,41.4906307,-91.7033508,206.0540,1,06,1.8,0.04635,2113
3719015,41.4906308,-91.7033508,206.0277,1,06,1.8,0.04635,2113
3719116,41.4906307,-91.7033508,206.0406,1,06,1.8,0.04037,2113
3719236,41.4906307,-91.7033508,206.0406,1,06,1.8,0.04037,2113
3719463,41.4906303,-91.7033502,206.0950,1,06,1.8,0.04037,2113
3719690,41.4906303,-91.7033502,206.0950,1,06,1.8,0.04037,2113
3719820,41.4906305,-91.7033502,4129.437830,1,06,40,0.04037,2113
3719920,41.4906302,-91.7033502,206.1270,1,06,1.8,0.02386,2113
3720085,41.4906302,-91.7033502,206.1270,1,06,1.8,0.02386,2113
3720322,41.4906299,-91.7033497,206.1095,1,06,1.8,0.13598,2113
3720594,41.4906299,-91.7033497,206.1095,1,06,1.8,0.13598,2113
3720848,41.4906298,-91.7033496,206.1297,1,06,1.8,0.08036,2113
3721016,41.4906298,-91.7033496,206.1297,1,06,1.8,0.08036,2113
3721323,41.4906298,-91.7033496,206.1297,1,06,1.8,0.08036,2113
3721407,41.4906298,-91.7033497,206.1258,1,06,1.8,0.08036,2113
3721520,41.4906296,-91.7033502,206.1358,1,06,1.8,0.1,2113
3721652,41.4906297,-91.7033502,206.1252,1,06,1.8,0.0467154,2113
3721767,41.4906297,-91.7033501,M,1,06,1.864,0.0984780,2113
3721849,41.4906297,-91.7033501,M,1,06,1.864,0.0984780,2113
3721920,41.4906295,-91.7033502,206.1357,1,06,1.8,0.04726,2113
3722077,41.4906295,-91.7033502,206.1357,1,06,1.8,0.04726,2113
3722222,41.4906294,-91.7033502,206.1148,1,06,1.8,0.13713,2113
3722318,41.4906293,-91.7033503,206.1172,1,06,1.8,0.09668,2113
3722474,41.4906293,-91.7033503,206.1172,1,06,1.8,0.09668,2113
3722618,41.4906294,-91.7033502,206.1227,1,06,1.8,0.14095,2113
3722722,41.4906294,-91.7033502,206.1341,1,06,1.8,0.14655,2113
3723010,41.4906294,-91.7033502,206.1341,1,06,1.8,0.14655,2113
3723201,41.4906294,-91.7033507,206.1284,1,06,1.8,0.12008,2113
3723305,41.4906292,-91.7033507,206.1462,1,06,1.8,0.14072,2113
3723453,41.4906292,-91.7033507,206.1462,1,06,1.8,0.14072,2113
3723708,41.4906292,-91.7033507,206.1562,1,06,1.8,0.07742,2113
3723862,41.4906292,-91.7033507,206.1562,1,06,1.8,0.07742,2113
3724128,41.4906293,-91.7033508,206.1324,1,06,1.8,0.18061,2113
3724280,41.4906293,-91.7033508,206.1324,1,06,1.8,0.18061,2113
3724408,41.4906292,-91.7033509,206.1585,1,06,1.8,0.18061,2113
3724512,41.4906291,-91.7033509,206.1677,1,06,1.8,0.09743,2113
3724672,41.4906291,-91.7033509,206.1677,1,06,1.8,0.09743,2113
3724842,41.4906291,-91.7033510,206.1443,1,06,1.8,0.10734,2113
3725076,41.4906291,-91.7033510,206.1443,1,06,1.8,0.09290,2113
3725252,41.4906289,-91.7033508,206.1883,1,05,2.0,0.09290,2113
3725613,41.4906288,-91.7033512,206.0986,1,05,2.0,0.10069,2113
3725784,41.4906288,-91.7033512,206.0986,1,05,2.0,0.10069,2113
3726188,41.4906289,-91.7033514,206.0762,1,05,2.0,0.10069,2113
3726505,41.4906297,-91.7033512,205.9277,1,05,2.0,0.21021,2113
3726652,41.4906297,-91.7033512,205.9277,1,05,2.0,0.21021,2113
3727092,41.4906296,-91.7033512,205.9133,1,05,2.0,0.24015,2113
3727481,41.4906302,-91.7033514,205.9257,1,05,2.0,0.15634,2113
3727629,41.4906302,-91.7033514,205.9257,1,05,2.0,0.12005,2113
3727850,41.4906302,-91.7033514,205.9236,1,05,2.0,0.13166,2113
3728049,41.4906302,-91.7033514,205.9236,1,05,2.0,0.13166,2113
3728116,41.4906302,-91.7033514,205.9236,1,05,2.0,0.13166,2113
3728293,41.4906302,-91.7033514,205.9392,1,05,2.0,0.13166,2113
3728419,41.4906302,-91.7033514,205.9392,1,05,2.0,0.13166,2113
3728619,41.4906309,-91.7033516,205.9843,1,05,2.0,0.09798,2113
3728715,41.4906308,-91.7033516,205.9985,1,05,2.0,0.06791,2113
3728896,41.4906308,-91.7033516,205.9985,1,05,2.0,0.06791,2113
3729126,41.4906309,-91.7033516,205.9954,1,05,2.0,0.17417,2113
3729273,41.4906309,-91.7033516,205.9954,1,05,2.0,0.17417,2113
3729536,41.4906305,-91.7033517,206.0732,1,05,2.0,0.17417,2113
3729655,41.4906306,-91.7033518,206.0631,1,05,2.0,0.13893,2113
3729722,41.4906306,-91.7033518,206.0631,1,05,2.0,0.13893,2113
3729824,41.4906306,-91.7033517,206.0419,1,05,2.0,0.13893,2113
3729890,41.4906306,-91.7033517,206.0419,1,05,2.0,0.13893,2113
3730080,41.4906306,-91.7033517,206.0419,1,05,2.0,0.13893,2113
3730209,41.4906305,-91.7033512,206.2090,1,06,1.8,0.08056,2113
3730311,41.4906305,-91.7033513,206.1950,1,06,1.8,0.05993,2113
3730453,41.4906305,-91.7033513,206.1950,1,06,1.8,0.05993,2113
3730995,41.4906307,-91.7033513,206.1794,1,05,2.0,0.03688,2113
3731132,41.4906307,-91.7033513,206.1794,1,05,2.0,0.03688,2113
3731404,41.4906306,-91.7033514,206.1993,1,05,2.0,0.03688,2113
3731616,41.4906310,-91.7033514,206.3130,1,05,2.0,0.10110,2113
3731718,41.4906309,-91.7033514,206.3136,1,05,2.0,0.08113,2113
3731873,41.4906309,-91.7033514,206.3136,1,05,2.0,0.08113,2113
3732020,41.4906309,-91.7033514,206.3519,1,05,2.0,0.05404,2113
3732239,41.4906310,-91.7033513,206.3344,1,05,2.0,0.06320,2113
3732372,41.4906310,-91.7033513,206.3344,1,05,2.0,0.06320,2113
3732705,41.4906311,-91.7033513,206.5557,1,06,1.8,0.07116,2113
3732865,41.4906311,-91.7033513,206.5557,1,06,1.8,0.07116,2113
3733110,41.4906312,-91.7033512,206.5392,1,06,1.8,0.09565,2113
3733228,41.4906312,-91.7033512,206.5392,1,06,1.8,0.09565,2113
3733314,41.4906308,-91.7033512,206.7737,1,06,1.8,0.09565,2113
3733459,41.4906308,-91.7033512,206.7737,1,06,1.8,0.09565,2113
3733613,41.4906308,-91.7033512,206.7736,1,06,1.8,0.04068,2113
3733783,41.4906309,-91.7033511,206.7757,1,06,1.8,0.04037,2113
3733945,41.4906309,-91.7033511,206.7757,1,06,1.8,0.04037,2113
3734214,41.4906289,-91.7033520,207.1179,1,06,1.8,0.02668,2113
3734318,41.4906289,-91.7033520,207.1173,1,06,1.8,0.07127,2113
3734472,41.4906289,-91.7033520,207.1173,1,06,1.8,0.07127,2113
3734618,41.4906288,-91.7033519,207.1193,1,06,1.8,0.07124,2113
3734753,41.4906289,-91.7033519,207.1162,1,06,1.8,0.07946,2113
3735038,41.4906289,-91.7033519,207.1162,1,06,1.8,0.07946,2113
3735309,41.4906278,-91.7033526,207.4323,1,06,1.8,0.12900,2113
3735452,41.4906278,-91.7033526,207.4323,1,06,1.8,0.12900,2113
3735604,41.4906279,-91.7033527,207.4133,1,06,1.8,0.06216,2113
3735709,41.4906279,-91.7033527,207.4136,1,06,1.8,0.14919,2113
3735862,41.4906279,-91.7033527,207.4136,1,06,1.8,0.14919,2113
3736026,41.4906280,-91.7033525,207.4141,1,06,1.8,0.10416,2113
3736123,41.4906279,-91.7033526,207.4056,1,06,1.8,0.16503,2113
3736260,41.4906279,-91.7033526,207.4056,1,06,1.8,0.16503,2113
3736716,41.4906278,-91.7033533,207.3674,1,06,1.8,0.06508,2113
3736899,41.4906278,-91.7033533,207.3674,1,06,1.8,0.06508,2113
3737248,41.4906277,-91.7033534,207.3849,1,06,1.8,0.03967,2113
3737421,41.4906277,-91.7033534,207.3849,1,06,1.8,0.03967,2113
3737829,41.4906275,-91.7033547,207.3130,1,06,1.8,0.05019,2113
3737975,41.4906274,-91.7033547,207.3293,1,06,1.8,0.03112,2113
3738136,41.4906274,-91.7033547,207.3293,1,06,1.8,0.03112,2113
3738638,41.4906261,-91.7033557,207.4292,1,06,1.8,0.04452,2113
3738780,41.4906261,-91.7033557,207.4292,1,06,1.8,0.04452,2113
3739117,41.4906263,-91.7033558,207.4269,1,06,1.8,0.12730,2113
3739243,41.4906263,-91.7033558,207.4269,1,06,1.8,0.12730,2113
3739709,41.4906252,-91.7033571,207.6550,1,06,1.8,0.03632,2113
3739866,41.4906252,-91.7033571,207.6550,1,06,1.8,0.03632,2113
3740007,41.4906251,-91.7033571,207.6403,1,06,1.8,0.12654,2113
3740179,41.4906252,-91.7033571,207.6412,1,06,1.8,0.11728,2113
3740305,41.4906252,-91.7033571,207.6412,1,06,1.8,0.11728,2113
3740510,41.4906252,-91.7033571,207.6412,1,06,1.8,0.11728,2113
3740705,41.4906246,-91.7033592,207.8295,1,06,1.8,0.11728,2113
3740879,41.4906246,-91.7033592,207.8295,1,06,1.8,0.11728,2113
3740955,41.4906246,-91.7033592,207.8295,1,06,1.8,0.11728,2113
3741033,41.4906247,-91.7033591,207.7984,1,06,1.8,0.11728,2113
3741124,41.4906247,-91.7033591,207.8170,1,06,1.8,0.08484,2113
3741268,41.4906247,-91.7033591,207.8170,1,06,1.8,0.08484,2113
3741640,41.4906246,-91.7033591,207.8317,1,06,1.8,0.10615,2113
3741800,41.4906246,-91.7033591,207.8317,1,06,1.8,0.10615,2113
3742111,41.4906247,-91.7033593,207.8038,1,06,1.8,0.06043,2113
3742216,41.4906247,-91.7033593,207.8038,1,06,1.8,0.06043,2113
3742311,41.4906245,-91.7033592,207.8297,1,06,1.8,0.06043,2113
3742444,41.4906245,-91.7033592,207.8297,1,06,1.8,0.06043,2113
3742655,41.4906247,-91.7033592,207.8197,1,06,1.8,0.05792,2113
3742723,41.4906247,-91.7033592,207.8197,1,06,1.8,0.05792,2113
3743025,41.4906246,-91.7033592,207.8143,1,06,1.8,0.05792,2113
3743183,41.4906246,-91.7033592,207.8143,1,06,1.8,0.05792,2113
3743314,41.4906248,-91.7033594,207.7819,1,05,2.0,0.00513,2113
3743455,41.4906248,-91.7033594,207.7819,1,05,2.0,0.00513,2113
3743539,41.4906248,-91.7033593,207.7783,1,05,2.0,0.03658,2113
3743621,41.4906247,-91.7033595,207.7664,1,05,2.0,0.00627,2113
3743722,41.4906248,-91.7033593,207.7617,1,05,2.0,0.02332,2113
3743871,41.4906248,-91.7033593,207.7617,1,05,2.0,0.02332,2113
3744135,41.4906248,-91.7033593,207.7646,1,05,2.0,0.00969,2113
3744254,41.4906248,-91.7033594,207.7587,1,05,2.0,0.02072,2113
3744321,41.4906248,-91.7033594,207.7587,1,05,2.0,0.02072,2113
3744418,41.4906247,-91.7033594,207.7551,1,05,2.0,0.02072,2113
3744483,41.4906247,-91.7033594,207.7551,1,05,2.0,0.02072,2113
3744608,41.4906247,-91.7033594,207.7551,1,05,2.0,0.03054,2113
3744709,41.4906246,-91.7033593,207.7711,1,05,2.0,0.04059,2113
3744876,41.4906246,-91.7033593,207.7711,1,05,2.0,0.04059,2113
3745010,41.4906248,-91.7033596,207.7512,1,05,2.0,0.05019,2113
3745119,41.4906248,-91.7033595,207.7513,1,05,2.0,0.12567,2113
3745238,41.4906248,-91.7033595,207.7513,1,05,2.0,0.12567,2113
3745457,41.4906249,-91.7033594,207.7453,1,05,2.0,0.12567,2113
3745616,41.4906249,-91.7033594,207.7453,1,05,2.0,0.12567,2113
3745802,41.4906249,-91.7033594,207.7453,1,05,2.0,0.12567,2113
3745893,41.4906248,-91.7033595,207.7509,1,05,2.0,0.08185,2113
3746004,41.4906249,-91.7033596,207.7327,1,05,2.0,0.09865,2113
3746204,41.4906249,-91.7033596,207.7327,1,05,2.0,0.09865,2113
3746360,41.4906250,-91.7033596,207.7149,1,05,2.0,0.06859,2113
3746428,41.4906250,-91.7033596,207.7149,1,05,2.0,0.06859,2113
3746487,41.4906249,-91.7033597,207.7241,1,06,1.8,0.06859,2113
3746607,41.4906249,-91.7033597,207.7241,1,06,1.8,0.04622,2113
3746709,41.4906249,-91.7033597,207.7402,1,06,1.8,0.04465,2113
3746855,41.4906249,-91.7033597,207.7402,1,06,1.8,0.04465,2113
3747117,41.4906249,-91.7033597,207.7413,1,06,1.8,0.03686,2113
3747241,41.4906249,-91.7033597,207.7413,1,06,1.8,0.03686,2113
3747466,41.4906249,-91.7033597,207.7388,1,06,1.8,0.03686,2113
3747632,41.4906249,-91.7033597,207.7388,1,06,1.8,0.03686,2113
3747914,41.4906249,-91.7033597,207.7388,1,06,1.8,0.03686,2113
3748064,41.4906249,-91.7033597,207.7388,1,06,1.8,0.07910,2113
3748266,41.4906249,-91.7033597,207.7388,1,06,1.8,0.07910,2113
3748484,41.4906248,-91.7033597,207.7570,1,05,7.5,0.07910,2113
3748623,41.4906249,-91.7033594,207.7945,1,05,7.5,0.09710,2113
3748842,41.4906249,-91.7033596,207.7652,1,05,7.5,0.06205,2113
3748996,41.4906249,-91.7033596,207.7652,1,05,7.5,0.06205,2113
3749208,41.4906246,-91.7033647,207.8602,1,05,7.5,0.0089.50,2113
3749313,41.4906246,-91.7033646,207.8614,1,20,0.8,0.08350,2113
3749461,41.4906246,-91.7033646,207.8614,1,20,0.8,0.08350,2113
3749625,41.4906244,-91.7033651,207.8193,1,05,7.5,0.05846,2113
3749712,41.4906245,-91.7033651,207.8393,1,05,7.5,0.07181,2113
3749868,41.4906245,-91.7033651,207.8393,1,05,7.5,0.07181,2113
3750026,41.4906246,-91.7033647,207.8541,1,05,7.5,0.09238,2113
3750122,41.4906246,-91.7033647,207.8331,1,05,7.5,0.04428,2113
3750279,41.4906246,-91.7033647,207.8331,1,05,7.5,0.04428,2113
3750425,41.4906241,-91.7033647,207.8958,1,05,7.5,0.08464,2113
3750518,41.4906243,-91.7033640,207.9325,1,05,7.5,0.18127,2113
3750658,41.4906243,-91.7033640,207.9325,1,05,7.5,0.18127,2113
3750839,41.4906242,-91.7033643,207.9267,1,05,7.5,0.08124,2113
3750985,41.4906241,-91.7033644,207.9116,1,05,7.5,0.08124,2113
3751371,41.4906241,-91.7033645,207.9041,1,05,7.5,0.10815,2113
3751506,41.4906240,-91.7033634,207.9774,1,05,7.5,0.07020,2113
3751602,41.4906240,-91.7033634,207.9774,1,05,7.5,0.07020,2113
3751710,41.4906239,-91.7033635,207.9649,1,05,7.5,0.04523,2113
3751846,41.4906239,-91.7033635,207.9649,1,05,7.5,0.04523,2113
3752059,41.4906240,-91.7033637,207.9529,1,05,7.5,0.04411,2113
3752122,41.4906240,-91.7033637,207.9529,1,05,7.5,0.04411,2113
3752458,41.4906239,-91.7033638,207.9491,1,05,7.5,0.04411,2113
3752585,41.4906239,-91.7033638,207.9491,1,05,7.5,0.04411,2113
3752894,41.4906239,-91.7033638,207.9491,1,05,7.5,0.05683,2113
3753238,41.4906247,-91.7033630,207.9147,1,05,7.5,0.08041,2113
3753312,41.4906247,-91.7033630,207.9147,1,05,7.5,0.08041,2113
3753389,41.4906247,-91.7033630,207.9147,1,05,7.5,0.08041,2113
3753463,41.4906257,-91.7033619,207.8956,1,05,7.5,0.08041,2113
3753682,41.4906257,-91.7033619,207.8956,1,05,7.5,0.08843,2113
3753862,41.4906259,-91.7033618,207.9049,1,05,7.5,0.08843,2113
3754317,41.4906255,-91.7033624,207.8815,1,05,7.5,0.07150,2113
3754488,41.4906255,-91.7033624,207.8815,1,05,7.5,0.07150,2113
3754601,41.4906264,-91.7033618,207.8654,1,05,7.5,0.11798,2113
3754709,41.4906263,-91.7033621,207.8382,1,05,7.5,0.10289,2113
3754850,41.4906263,-91.7033621,207.8382,1,05,7.5,0.10289,2113
3755113,41.4906263,-91.7033621,207.8264,1,05,7.5,0.09777,2113
3755225,41.4906263,-91.7033621,207.8264,1,05,7.5,0.09777,2113
3755314,41.4906267,-91.7033615,207.8422,1,05,7.5,0.09777,2113
3755455,41.4906267,-91.7033615,207.8422,1,05,7.5,0.09777,2113
3755615,41.4906268,-91.7033612,207.8620,1,05,7.5,0.07100,2113
3755674,41.4906268,-91.7033611,207.8847,1,05,7.5,0.07100,2113
3755820,41.4906268,-91.7033613,207.8520,1,05,7.5,0.01411,2113
3755919,41.4906266,-91.7033618,207.8124,1,05,7.5,0.02099,2113
3756066,41.4906266,-91.7033618,207.8124,1,05,7.5,0.02099,2113
3756521,41.4906265,-91.7033620,207.8002,1,05,7.5,0.08469,2113
3756670,41.4906265,-91.7033620,207.8002,1,05,7.5,0.08469,2113
3756968,41.4906266,-91.7033620,207.7835,1,05,7.5,0.04700,2113
3757255,41.4906266,-91.7033620,207.7835,1,05,7.5,0.01997,2113
3757340,41.4906266,-91.7033620,207.7835,1,05,7.5,0.01997,2113
3757413,41.4906267,-91.7033619,207.7599,1,05,7.5,0.01997,2113
3757509,41.4906266,-91.7033620,207.7736,1,05,7.5,0.05220,2113
3757655,41.4906266,-91.7033620,207.7736,1,05,7.5,0.05220,2113
3757911,41.4906267,-91.7033618,207.7797,1,05,7.5,0.12756,2113
3758062,41.4906267,-91.7033618,207.7797,1,05,7.5,0.12756,2113
3758561,41.4906266,-91.7033620,207.7357,1,05,7.5,0.09388,2113
3758714,41.4906266,-91.7033620,207.7357,1,05,7.5,0.09388,2113
3759023,41.4906267,-91.7033621,207.7164,1,05,7.5,0.09388,2113
3759315,41.4906266,-91.7033620,207.7149,1,05,7.5,0.20565,2112
3759468,41.4906266,-91.7033620,207.7149,1,05,7.5,0.20565,2112
3759702,41.4906266,-91.7033619,207.7534,1,05,7.5,0.20574,2113
3759821,41.4906267,-91.7033620,207.7273,1,05,7.5,0.24601,2113
3759909,41.4906267,-91.7033620,207.7273,1,05,7.5,0.24601,2112
3760193,41.4906267,-91.7033621,207.7084,1,05,7.5,0.24601,2112
3760348,41.4906267,-91.7033621,207.7084,1,05,7.5,0.27734,2113
3760420,41.4906323,-91.7033593,206.8296,1,05,7.5,0.31451,2113
3760582,41.4906323,-91.7033591,206.8448,1,05,7.5,0.19350,2112
3760740,41.4906323,-91.7033591,206.8448,1,05,7.5,0.19350,2112
3761008,41.4906324,-91.7033595,206.7950,1,06,1.8,0.18404,2112
3761117,41.4906321,-91.7033596,206.8095,1,05,7.5,0.13005,2112
3761248,41.4906321,-91.7033596,206.8095,1,05,7.5,0.13005,2112
3761441,41.4906321,-91.7033596,206.8095,1,05,7.5,0.13005,2112
3761664,41.4906337,-91.7033591,206.5117,1,05,7.5,0.13005,2113
3761834,41.4906337,-91.7033591,206.5117,1,05,7.5,0.13005,2112
3762103,41.4906337,-91.7033591,206.5117,1,05,7.5,0.13005,2113
3762317,41.4906337,-91.7033591,206.5026,1,05,7.5,0.07240,2113
3762475,41.4906337,-91.7033591,206.5026,1,05,7.5,0.07240,2113
3762718,41.4906338,-91.7033586,206.5436,1,05,7.5,0.10276,2113
3762901,41.4906338,-91.7033586,206.5436,1,05,7.5,0.10276,2113
3763246,41.4906338,-91.7033586,206.5262,1,05,7.5,0.09323,2112
3763373,41.4906338,-91.7033586,206.5262,1,05,7.5,0.09323,2112
3763706,41.4906341,-91.7033619,205.9016,1,05,7.5,0.05800,2112
3763846,41.4906341,-91.7033619,205.9016,1,05,7.5,0.05800,2112
3763927,41.4906340,-91.7033621,205.9193,1,05,7.5,0.09156,2113
3764065,41.4906340,-91.7033621,205.9193,1,05,7.5,0.09156,2113
3764374,41.4906344,-91.7033630,205.8352,1,05,7.5,0.12522,2112
3764516,41.4906344,-91.7033630,205.8352,1,05,7.5,0.12522,2112
3764714,41.4906344,-91.7033630,205.8352,1,05,7.5,0.02451,2112
3764936,41.4906346,-91.7033627,205.8551,1,05,7.5,0.02451,2112
3765092,41.4906346,-91.7033627,205.8551,1,05,7.5,0.02451,2112
3765300,41.4906346,-91.7033627,205.8551,1,05,7.5,0.02451,2112
3765513,41.4906349,-91.7033633,205.8607,1,06,1.8,0.09495,2112
3765668,41.4906349,-91.7033633,205.8607,1,06,1.8,0.09495,2112
3765754,41.4906350,-91.7033633,205.8376,1,06,1.8,0.09495,2112
3765833,41.4906350,-91.7033633,205.8376,1,06,1.8,0.09495,2112
3766024,41.4906350,-91.7033633,205.8418,1,06,1.8,0.09495,2112
3766178,41.4906349,-91.7033632,205.8492,1,06,1.8,0.07919,2112
3766238,41.4906349,-91.7033632,205.8492,1,06,1.8,0.07919,2112
3766448,41.4906350,-91.7033636,205.7688,1,06,1.8,0.05440,2112
3766518,41.4906350,-91.7033636,205.7688,1,06,1.8,0.05440,2112
3766706,41.4906351,-91.7033637,205.7574,1,06,1.8,0.05440,2112
3766877,41.4906351,-91.7033637,205.7574,1,06,1.8,0.05440,2112
3766940,41.4906350,-91.7033637,205.7439,1,06,1.8,0.05440,2112
3767011,41.4906350,-91.7033637,205.7439,1,06,1.8,0.05440,2112
3767081,41.4906351,-91.7033636,205.7479,1,06,1.8,0.05440,2112
3767318,41.4906353,-91.7033637,205.6646,1,07,1.7,0.07832,2112
3767471,41.4906353,-91.7033637,205.6646,1,07,1.7,0.07832,2113
3767791,41.4906353,-91.7033637,205.6725,1,07,1.7,0.09318,2112
3767956,41.4906353,-91.7033637,205.6725,1,07,1.7,0.09318,2113
3768095,41.4906352,-91.7033636,205.7013,1,07,1.7,0.09318,2113
3768240,41.4906352,-91.7033636,205.7013,1,07,1.7,0.0576153,2112
3768621,41.4906349,-91.7033644,205.5957,1,08,1.5,0.09205,2112
3768800,41.4906349,-91.7033644,205.5957,1,08,1.5,0.09205,2113
3769091,41.4906350,-91.7033643,205.6094,1,08,1.5,0.10535,2112
3769191,41.4906350,-91.7033643,205.6094,1,08,1.5,0.10535,2113
3769389,41.4906347,-91.7033652,205.4762,1,07,1.7,0.07824,2112
3769526,41.4906348,-91.7033650,205.4887,1,07,1.7,0.07500,2112
3769674,41.4906348,-91.7033650,205.4887,1,07,1.7,0.07500,2112
3769815,41.4906346,-91.7033650,205.5015,1,07,1.7,0.15254,2112
3769916,41.4906347,-91.7033651,205.4622,1,07,1.7,0.05943,2112
3770070,41.4906347,-91.7033651,205.4622,1,07,1.7,0.05943,2112
3770319,41.4906353,-91.7033655,205.2448,1,08,1.5,0.06767,2112
3770479,41.4906353,-91.7033655,205.2448,1,08,1.5,0.06767,2112
3770624,41.4906354,-91.7033654,205.2373,1,07,1.7,0.17252,2112
3770721,41.4906353,-91.7033652,205.2728,1,07,1.7,0.17036,2112
3770917,41.4906353,-91.7033652,205.2728,1,07,1.7,0.17036,2112
3771237,41.4906352,-91.7033656,205.2630,1,07,1.7,0.11258,2112
3771526,41.4906352,-91.7033656,205.2630,1,07,1.7,0.11258,2112
3771706,41.4906359,-91.7033664,204.9559,1,07,1.7,0.11258,2113
3771854,41.4906359,-91.7033664,204.9559,1,07,1.7,0.11258,2113
3772294,41.4906359,-91.7033666,204.9208,1,06,1.9,0.19881,2113
3772405,41.4906359,-91.7033666,204.9208,1,06,1.9,0.19881,2113
3772584,41.4906361,-91.7033676,204.7186,1,06,1.9,0.13359,2113
3772713,41.4906363,-91.7033677,204.6758,1,06,1.9,0.19335,2113
3772874,41.4906363,-91.7033677,204.6758,1,06,1.9,0.19335,2113
3773132,41.4906361,-91.7033674,204.7372,1,06,1.9,0.15838,2113
3773420,41.4906361,-91.7033675,204.7211,1,06,1.9,0.16406,2113
3773605,41.4906361,-91.7033675,204.7211,1,06,1.9,0.16406,2113
3773901,41.4906361,-91.7033688,204.4238,1,06,1.9,0.15073,2113
3774030,41.4906361,-91.7033688,204.4238,1,06,1.9,0.15073,2113
3774286,41.4906360,-91.7033687,204.4204,1,05,2.6,0.14602,2113
3774467,41.4906360,-91.7033687,204.4204,1,05,2.6,0.14602,2113
3774675,41.4906358,-91.7033693,204.2757,1,06,2.5,0.10484,2112
3775036,41.4906359,-91.7033692,204.2553,1,06,2.5,0.04348,2113
3775194,41.4906359,-91.7033692,204.2553,1,06,2.5,0.04348,2113
3775403,41.4906352,-91.7033696,204.1162,1,07,1.9,0.09533,2112
3775506,41.4906353,-91.7033696,204.1089,1,07,1.9,0.07055,2112
3775640,41.4906353,-91.7033696,204.1089,1,07,1.9,0.07055,2112
3775813,41.4906353,-91.7033696,204.1098,1,07,1.9,0.10998,2112
3775908,41.4906353,-91.7033696,204.0887,1,07,1.9,0.08509,2112
3776048,41.4906353,-91.7033696,204.0887,1,07,1.9,0.08509,2112
3776225,41.4906354,-91.7033693,203.9045,1,07,1.9,0.07302,2112
3776313,41.4906352,-91.7033693,203.9211,1,07,1.9,0.16015,2112
3776456,41.4906352,-91.7033693,203.9211,1,07,1.9,0.16015,2112
3776622,41.4906354,-91.7033691,203.9239,1,07,1.9,0.15382,2112
3776716,41.4906353,-91.7033693,203.9291,1,07,1.9,0.15899,2112
3776896,41.4906353,-91.7033693,203.9291,1,07,1.9,0.15899,2112
3777031,41.4906353,-91.7033693,203.9313,1,07,1.9,0.13278,2112
3777218,41.4906353,-91.7033692,203.9419,1,07,1.9,0.11978,2112
3777497,41.4906353,-91.7033692,203.9419,1,07,1.9,0.11978,2112
3777600,41.4906349,-91.7033692,203.8336,1,07,1.9,0.11978,2112
3777704,41.4906350,-91.7033692,203.8250,1,07,1.9,0.14070,2112
3777847,41.4906350,-91.7033692,203.8250,1,07,1.9,0.14070,2112
3778116,41.4906347,-91.7033691,203.8445,1,07,1.9,0.16730,2112
3778231,41.4906347,-91.7033691,203.8445,1,07,1.9,0.16730,2112
3778486,41.4906354,-91.7033686,203.7045,1,07,1.9,0.16730,2112
3778564,41.4906354,-91.7033686,203.7045,1,07,1.9,0.16730,2112
3778713,41.4906354,-91.7033687,203.6700,1,06,2.5,0.15258,2112
3778885,41.4906354,-91.7033687,203.6700,1,06,2.5,0.15258,2112
3779017,41.4906353,-91.7033686,203.7241,1,06,2.5,0.09625,2112
3779124,41.4906352,-91.7033687,203.7361,1,06,2.5,0.08356,2112
3779272,41.4906352,-91.7033687,203.7361,1,06,2.5,0.08356,2112
3779420,41.4906349,-91.7033684,203.6161,1,06,2.5,0.17903,2112
3779519,41.4906349,-91.7033684,203.6092,1,06,2.5,0.13912,2112
3779678,41.4906349,-91.7033684,203.6092,1,06,2.5,0.13912,2112
3779939,41.4906348,-91.7033683,203.6339,1,06,2.5,0.14373,2112
3780070,41.4906350,-91.7033683,203.5839,1,06,2.5,0.13926,2112
3780213,41.4906350,-91.7033683,203.5839,1,06,2.5,0.13926,2112
3780407,41.4906350,-91.7033684,203.4984,1,06,2.5,0.13926,2112
3780621,41.4906352,-91.7033683,203.4969,1,06,2.5,0.17760,2112
3780694,41.4906352,-91.7033683,203.4969,1,06,2.5,0.17760,2112
3781051,41.4906349,-91.7033685,203.5409,1,06,2.5,0.14802,2112
3781219,41.4906349,-91.7033685,203.5409,1,06,2.5,0.14802,2112
3781676,41.4906349,-91.7033679,203.3667,1,06,2.5,0.14802,2112
3781920,41.4906348,-91.7033681,203.3563,1,05,2.6,0.16410,2112
3782073,41.4906348,-91.7033681,203.3563,1,05,2.6,0.16410,2112
3782318,41.4906347,-91.7033683,203.2506,1,05,2.6,0.03949,2112
3782472,41.4906347,-91.7033683,203.2506,1,05,2.6,0.03949,2112
3782618,41.4906348,-91.7033685,203.2157,1,05,2.6,0.08553,2112
3782734,41.4906349,-91.7033684,203.2252,1,05,2.6,0.06385,2112
3782898,41.4906349,-91.7033684,203.2252,1,05,2.6,0.06385,2112
3783588,41.4906345,-91.7033686,203.2298,1,05,2.6,0.12507,2112
3783776,41.4906345,-91.7033686,203.2298,1,05,2.6,0.12507,2112
3784091,41.4906345,-91.7033686,203.2298,1,05,2.6,0.12507,2112
3784619,41.4906345,-91.7033686,203.2298,1,05,2.6,0.17401,2112
3784685,41.4906337,-91.7033689,203.3708,1,05,2.6,0.17401,2112
3784819,41.4906337,-91.7033689,203.3708,1,05,2.6,0.05932,2112
3785056,41.4906340,-91.7033691,203.3073,1,05,2.6,0.09011,2112
3785225,41.4906340,-91.7033691,203.3073,1,05,2.6,0.09011,2112
3785529,41.4906339,-91.7033683,203.4176,1,05,2.6,0.09011,2112
3785682,41.4906339,-91.7033683,203.4176,1,05,2.6,0.03598,2112
3785821,41.4906339,-91.7033683,203.4176,1,05,2.6,0.06892,2112
3785922,41.4906329,-91.7033696,203.4270,1,05,2.6,0.08043,2112
3786081,41.4906329,-91.7033696,203.4270,1,05,2.6,0.08043,2112
3786321,41.4906332,-91.7033694,203.3841,1,05,2.6,0.07345,2112
3786483,41.4906332,-91.7033694,203.3841,1,05,2.6,0.07345,2112
3786618,41.4906331,-91.7033694,203.4082,1,05,2.6,0.05097,2112
3786852,41.4906332,-91.7033695,203.3809,1,05,2.6,0.05224,2112
3787061,41.4906332,-91.7033695,203.3809,1,05,2.6,0.05224,2112
3787130,41.4906333,-91.7033695,203.3794,1,05,2.6,0.06083,2112
3787262,41.4906333,-91.7033695,203.3794,1,05,2.6,0.06083,2112
3787530,41.4906331,-91.7033691,203.5000,1,05,2.6,0.06083,2112
3787665,41.4906331,-91.7033691,203.5000,1,05,2.6,0.06083,2112
3787912,41.4906331,-91.7033691,203.5181,1,05,2.6,0.01983,2112
3788050,41.4906331,-91.7033691,203.5181,1,05,2.6,0.01983,2112
3788277,41.4906332,-91.7033690,203.4729,1,05,2.6,0.01676,2112
3788435,41.4906332,-91.7033690,203.4729,1,05,2.6,0.01676,2112
3788578,41.4906332,-91.7033690,203.4729,1,05,2.6,0.04134,2112
3788718,41.4906334,-91.7033688,203.5573,1,05,2.6,0.03088,2112
3788864,41.4906334,-91.7033688,203.5573,1,05,2.6,0.03088,2112
3789124,41.4906334,-91.7033687,203.5657,1,05,2.6,0.03094,2112
3789265,41.4906334,-91.7033687,203.5657,1,05,2.6,0.03094,2112
3789696,41.4906337,-91.7033670,203.6963,1,06,2.1,0.03094,2112
3790055,41.4906337,-91.7033670,203.6963,1,06,2.1,0.09020,2112
3790308,41.4906341,-91.7033665,203.7377,1,05,2.6,0.03709,2112
3790449,41.4906341,-91.7033665,203.7377,1,05,2.6,0.03709,2112
3790526,41.4906344,-91.7033665,203.7094,1,05,2.6,0.21239,2112
3790668,41.4906344,-91.7033665,203.7094,1,05,2.6,0.21239,2112
3791154,41.4906344,-91.7033665,203.6954,1,05,2.6,0.21009,2112
3791291,41.4906344,-91.7033665,203.6954,1,05,2.6,0.21009,2112
3791493,41.4906344,-91.7033665,203.6954,1,05,2.6,0.21009,2112
3791679,41.4906352,-91.7033655,203.5347,1,05,2.6,0.21009,2112
3791835,41.4906352,-91.7033655,203.5347,1,05,2.6,0.21009,2112
3791924,41.4906352,-91.7033656,203.4976,1,05,2.6,0.13909,2112
3792019,41.4906353,-91.7033655,203.4985,1,05,2.6,0.18109,2112
3792125,41.4906352,-91.7033656,203.4920,1,05,2.6,0.15208,2112
3792273,41.4906352,-91.7033656,203.4920,1,05,2.6,0.15208,2112
3792519,41.4906363,-91.7033651,203.2834,1,05,2.6,0.10430,2112
3792676,41.4906363,-91.7033651,203.2834,1,05,2.6,0.10430,2112
3792949,41.4906362,-91.7033650,203.2897,1,05,2.6,0.11342,2112
3793217,41.4906362,-91.7033650,203.2897,1,05,2.6,0.12041,2112
3793373,41.4906362,-91.7033650,203.3296,1,05,2.6,0.12041,2112
3793848,41.4906363,-91.7033648,203.2474,1,05,2.6,0.01800,2112
3794014,41.4906363,-91.7033648,203.2474,1,05,2.6,0.01800,2112
3794308,41.4906364,-91.7033640,203.2161,1,05,2.6,0.01800,2112
3794445,41.4906364,-91.7033640,203.2161,1,05,2.6,0.03735,2112
3794520,41.4906365,-91.7033648,203.2035,1,05,2.6,0.03735,2112
3794670,41.4906365,-91.7033648,203.2035,1,05,2.6,0.03735,2112
3794956,41.4906363,-91.7033648,203.2552,1,05,2.6,0.07565,2112
3795112,41.4906363,-91.7033648,203.2552,1,05,2.6,0.07565,2112
3795203,41.4906364,-91.7033647,203.2527,1,05,2.6,0.07565,2112
3795283,41.4906371,-91.7033656,203.3803,1,06,2.1,0.13983,2112
3795416,41.4906371,-91.7033656,203.3803,1,06,2.1,0.05448,2112
3795519,41.4906371,-91.7033657,203.3867,1,06,2.1,0.08904,2112
3795680,41.4906371,-91.7033657,203.3867,1,06,2.1,0.08904,2112
3795946,41.4906370,-91.7033657,203.3917,1,06,2.1,0.10070,2112
3796154,41.4906370,-91.7033657,203.3917,1,06,2.1,0.09139,2112
3796355,41.4906370,-91.7033658,203.3981,1,06,2.1,0.02187,2112
3796509,41.4906369,-91.7033657,203.4362,1,06,2.1,0.09446,2112
3796661,41.4906369,-91.7033657,203.4362,1,06,2.1,0.09446,2112
3796994,41.4906370,-91.7033658,203.4053,1,06,2.1,0.11487,2112
3797135,41.4906370,-91.7033658,203.4053,1,06,2.1,0.11487,2112
3797412,41.4906370,-91.7033657,203.4034,1,06,2.1,0.11487,2112
3797613,41.4906370,-91.7033658,203.4203,1,06,2.1,0.09818,2112
3797771,41.4906368,-91.7033657,203.4253,1,06,2.1,0.02323,2112
3797934,41.4906368,-91.7033657,203.4253,1,06,2.1,0.02323,2112
3798417,41.4906368,-91.7033655,204.1452,1,05,2.6,0.11263,2112
3798518,41.4906367,-91.7033656,204.1515,1,05,2.6,0.03642,2112
3798676,41.4906367,-91.7033656,204.1515,1,05,2.6,0.03642,2112
3798826,41.4906368,-91.7033655,204.1642,1,05,2.6,0.13442,2112
3798977,41.4906366,-91.7033654,204.1906,1,05,2.6,0.08977,2112
3799186,41.4906366,-91.7033654,204.1906,1,05,2.6,0.08977,2112
3799510,41.4906366,-91.7033655,204.1866,1,05,2.6,0.05418,2112
3799656,41.4906366,-91.7033655,204.1866,1,05,2.6,0.05418,2112
3800311,41.4906370,-91.7033643,204.1665,1,06,2.1,0.08350,2112
3800446,41.4906370,-91.7033643,204.1665,1,06,2.1,0.08350,2112
3800652,41.4906371,-91.7033642,204.1697,1,06,2.1,0.05821,2112
3800716,41.4906371,-91.7033642,204.1697,1,06,2.1,0.05821,2112
3800943,41.4906370,-91.7033643,204.1647,1,06,2.1,0.05821,2112
3801012,41.4906370,-91.7033643,204.1647,1,06,2.1,0.05821,2112
3801068,41.4906370,-91.7033644,204.1602,1,06,2.1,0.09456,2112
3801186,41.4906370,-91.7033643,204.1862,1,06,2.1,0.10174,2112
3801256,41.4906370,-91.7033643,204.1862,1,06,2.1,0.10174,2112
3801461,41.4906373,-91.7033641,204.1270,1,06,2.1,0.15436,2112
3801614,41.4906373,-91.7033641,204.1270,1,06,2.1,0.15436,2112
3801990,41.4906373,-91.7033642,204.1582,1,06,2.1,0.18382,2112
3802063,41.4906372,-91.7033641,204.1307,1,06,2.1,0.18382,2112
3802254,41.4906373,-91.7033642,204.1032,1,06,2.1,0.13438,2112
3802394,41.4906373,-91.7033642,204.1032,1,06,2.1,0.13438,2112
3802607,41.4906371,-91.7033643,203.9937,1,07,1.7,0.13665,2112
3802710,41.4906371,-91.7033644,203.9699,1,07,1.7,0.14087,2112
3802844,41.4906371,-91.7033644,203.9699,1,07,1.7,0.14087,2112
3803115,41.4906371,-91.7033644,203.9491,1,07,1.7,0.19405,2112
3803224,41.4906371,-91.7033644,203.9491,1,07,1.7,0.19405,2112
3803315,41.4906375,-91.7033641,203.9783,1,07,1.7,0.19405,2112
3803455,41.4906375,-91.7033641,203.9783,1,07,1.7,0.19405,2112
3803608,41.4906375,-91.7033641,203.9783,1,07,1.7,0.14325,2112
3803664,41.4906376,-91.7033640,203.9632,1,07,1.7,0.14325,2112
3803913,41.4906375,-91.7033640,203.9652,1,07,1.7,0.16040,2112
3804113,41.4906375,-91.7033640,203.9821,1,07,1.7,0.14782,2112
3804272,41.4906375,-91.7033640,203.9821,1,07,1.7,0.14782,2112
3804503,41.4906375,-91.7033640,203.9502,1,07,1.7,0.14782,2112
3804660,41.4906375,-91.7033640,203.9502,1,07,1.7,0.14782,2112
3805134,41.4906370,-91.7033637,204.0581,1,07,1.7,0.05256,2112
3805250,41.4906371,-91.7033636,204.0262,1,07,1.7,0.09567,2112
3805406,41.4906371,-91.7033636,204.0262,1,07,1.7,0.09567,2112
3805522,41.4906359,-91.7033640,204.1650,1,07,1.7,0.09567,2112
3805666,41.4906359,-91.7033640,204.1650,1,07,1.7,0.09567,2112
3805807,41.4906358,-91.7033641,204.1902,1,07,1.7,0.09567,2112
3805914,41.4906358,-91.7033641,204.1693,1,07,1.7,0.07674,2112
3806059,41.4906358,-91.7033641,204.1693,1,07,1.7,0.07674,2112
3806229,41.4906342,-91.7033648,204.4464,1,08,1.5,0.10945,2112
3806318,41.4906342,-91.7033649,204.4410,1,08,1.5,0.10100,2112
3806466,41.4906342,-91.7033649,204.4410,1,08,1.5,0.10100,2112
3806719,41.4906342,-91.7033648,204.4403,1,08,1.5,0.04955,2112
3806875,41.4906342,-91.7033648,204.4403,1,08,1.5,0.04955,2112
3807016,41.4906343,-91.7033647,204.4026,1,07,1.7,0.10664,2112
3807130,41.4906342,-91.7033648,204.4240,1,08,1.5,0.13420,2112
3807286,41.4906342,-91.7033648,204.4240,1,08,1.5,0.13420,2112
3807552,41.4906327,-91.7033650,204.7297,1,08,1.5,0.11286,2112
3807774,41.4906328,-91.7033649,204.7375,1,08,1.5,0.06280,2112
3807905,41.4906328,-91.7033649,204.7313,1,08,1.5,0.03697,2112
3808047,41.4906328,-91.7033649,204.7313,1,08,1.5,0.03697,2112
3808218,41.4906329,-91.7033649,204.7370,1,08,1.5,0.07912,2112
3808282,41.4906327,-91.7033648,204.8323,1,08,1.5,0.07912,2112
3808409,41.4906327,-91.7033648,204.8323,1,08,1.5,0.09352,2112
3808512,41.4906327,-91.7033648,204.8494,1,08,1.5,0.02254,2112
3808661,41.4906327,-91.7033648,204.8494,1,08,1.5,0.02254,2112
3808913,41.4906328,-91.7033647,204.8251,1,08,1.5,0.04959,2112
3809066,41.4906328,-91.7033647,204.8251,1,08,1.5,0.04959,2112
3809317,41.4906328,-91.7033645,205.0809,1,08,1.5,0.11438,2112
3809471,41.4906328,-91.7033645,205.0809,1,08,1.5,0.11438,2112
3809616,41.4906328,-91.7033645,205.0989,1,08,1.5,0.05959,2112
3809720,41.4906327,-91.7033646,205.0949,1,08,1.5,0.05202,2112
3809883,41.4906327,-91.7033646,205.0949,1,08,1.5,0.05202,2112
3810136,41.4906328,-91.7033644,205.1100,1,08,1.5,0.11233,2112
3810267,41.4906329,-91.7033644,205.1182,1,08,1.5,0.02548,2112
3810494,41.4906329,-91.7033644,205.1182,1,08,1.5,0.02548,2112
3810566,41.4906329,-91.7033644,205.1182,1,08,1.5,0.02548,2112
3810699,41.4906325,-91.7033647,204.9222,1,08,1.5,0.02548,2112
3811009,41.4906325,-91.7033647,204.9222,1,08,1.5,0.09554,2112
3811076,41.4906324,-91.7033647,204.9536,1,08,1.5,0.09554,2112
3811313,41.4906323,-91.7033653,204.8123,1,08,1.5,0.09692,2112
3811448,41.4906323,-91.7033653,204.8123,1,08,1.5,0.09692,2112
3811588,41.4906321,-91.7033654,204.8115,1,08,1.5,0.15062,2112
3811703,41.4906321,-91.7033654,204.8115,1,08,1.5,0.15062,2112
3811882,41.4906321,-91.7033654,204.8115,1,08,1.5,0.04966,2112
3812125,41.4906322,-91.7033653,204.8098,1,08,1.5,0.03562,2112
3812267,41.4906322,-91.7033653,204.8098,1,08,1.5,0.03562,2112
3812423,41.4906316,-91.7033659,204.8474,1,08,1.5,0.04556,2112
3812522,41.4906315,-91.7033659,204.8353,1,08,1.5,0.09081,2112
3812783,41.4906315,-91.7033659,204.8353,1,08,1.5,0.09081,2112
3812909,41.4906315,-91.7033660,204.8191,1,08,1.5,0.08725,2112
3813037,41.4906315,-91.7033660,204.8191,1,08,1.5,0.08725,2112
3813303,41.4906315,-91.7033659,204.8351,1,08,1.5,0.08331,2112
3813482,41.4906311,-91.7033664,204.9043,1,08,1.5,0.08331,2112
3813546,41.4906311,-91.7033664,204.9043,1,08,1.5,0.08331,2112
3813615,41.4906312,-91.7033664,204.9068,1,07,1.9,0.09725,2112
3813714,41.4906311,-91.7033664,204.9109,1,07,1.9,0.10723,2112
3813858,41.4906311,-91.7033664,204.9109,1,07,1.9,0.10723,2112
3814123,41.4906312,-91.7033664,204.8990,1,07,1.9,0.05081,2112
3814264,41.4906312,-91.7033664,204.8990,1,07,1.9,0.05081,2112
3814663,41.4906305,-91.7033668,204.7109,1,07,1.9,0.09513,2112
3814834,41.4906305,-91.7033668,204.7109,1,07,1.9,0.09513,2112
3815020,41.4906303,-91.7033667,204.7105,1,07,1.9,0.09513,2112
3815124,41.4906303,-91.7033669,204.7204,1,07,1.9,0.08184,2112
3815274,41.4906303,-91.7033669,204.7204,1,07,1.9,0.08184,2112
3815652,41.4906300,-91.7033666,204.6841,1,07,1.9,0.04644,2112
3815780,41.4906300,-91.7033666,204.6841,1,07,1.9,0.04644,2112
3816113,41.4906299,-91.7033666,204.6599,1,07,1.9,0.08406,2112
3816225,41.4906299,-91.7033666,204.6599,1,07,1.9,0.08406,2112
3816313,41.4906291,-91.7033661,204.7225,1,08,1.5,0.08406,2112
3816455,41.4906291,-91.7033661,204.7225,1,08,1.5,0.08406,2112
3816610,41.4906292,-91.7033661,204.7207,1,08,1.5,0.08591,2112
3816716,41.4906291,-91.7033661,204.7430,1,08,1.5,0.05473,2112
3816859,41.4906291,-91.7033661,204.7430,1,08,1.5,0.05473,2112
3817120,41.4906290,-91.7033661,204.7625,1,08,1.5,0.07831,2112
3817244,41.4906290,-91.7033661,204.7625,1,08,1.5,0.07831,2112
3817471,41.4906293,-91.7033649,204.7512,1,08,1.5,0.07831,2112
3817636,41.4906293,-91.7033649,204.7512,1,08,1.5,0.07831,2112
3817952,41.4906294,-91.7033648,204.7457640,1,08,1.5,0.07831,2112
3818106,41.4906294,-91.7033648,204.7457640,1,08,1.5,0.15951,2112
3818240,41.4906294,-91.7033649,204.6725,1,08,1.5,0.12215,2112
3818446,41.4906294,-91.7033649,204.6725,1,08,1.5,0.14651,2112
3818647,41.4906282,-91.7033645,204.9740,1,08,1.5,0.14651,2112
3818787,41.4906282,-91.7033645,204.9740,1,08,1.5,0.14651,2112
3819103,41.4906282,-91.7033645,204.9740,1,08,1.5,0.14651,2112
3819209,41.4906265,-91.7033646,205.2452,1,08,1.5,0.03817,2112
3819348,41.4906265,-91.7033647,205.2442,1,08,1.5,0.06531,2112
