timestamp_ms,latitude,longitude,altitude_m,fix_quality,satellites,hdop,speed_kn,heading_deg
1794732,41.4906137,-91.7033678,206.9885,1,09,1.5,0.11777,2063
1794788,41.4906137,-91.7033678,206.9885,1,09,1.5,0.11777,2063
1794870,41.4906138,-91.7033678,206.9817,1,09,1.5,0.11777,2063
1795015,41.4906137,-91.7033679,206.9731,1,09,1.5,0.04116,2063
1795163,41.4906137,-91.7033679,206.9731,1,09,1.5,0.04116,2063
1795402,41.4906137,-91.7033678,207.0153,1,08,1.5,0.04116,2063
1795448,41.4906137,-91.7033678,207.0153,1,08,1.5,0.04116,2063
1795669,41.4906135,-91.7033675,207.1167,1,08,1.5,0.03709,2063
1795813,41.4906135,-91.7033675,207.1167,1,08,1.5,0.03709,2063
1795980,41.4906135,-91.7033675,207.0972,1,08,1.5,0.03371,2063
1796074,41.4906135,-91.7033674,207.1146,1,08,1.5,0.06074,2063
1796195,41.4906135,-91.7033674,207.1146,1,08,1.5,0.06074,2063
1796451,41.4906129,-91.7033658,207.2516,1,08,1.5,0.06074,2063
1796533,41.4906129,-91.7033658,207.2516,1,08,1.5,0.06074,2063
1796792,41.4906129,-91.7033658,207.2415,1,08,1.5,0.08160,2063
1796939,41.4906129,-91.7033658,207.2415,1,08,1.5,0.08160,2063
1797389,41.4906135,-91.7033644,207.2283,1,08,1.5,0.03376,2063
1797666,41.4906137,-91.7033643,207.2518,1,08,1.5,0.04978,2063
1797845,41.4906137,-91.7033643,207.2518,1,08,1.5,0.04978,2063
1797933,41.4906136,-91.7033644,207.2643,1,08,1.5,0.04978,2063
1798173,41.4906135,-91.7033643,207.2641,1,08,1.5,0.08891,2063
1798284,41.4906135,-91.7033643,207.2641,1,08,1.5,0.08891,2063
1798562,41.4906141,-91.7033628,207.2201,1,08,1.5,0.25573,2063
1798668,41.4906141,-91.7033627,207.2380,1,08,1.5,0.36185,2063
1798837,41.4906141,-91.7033627,207.2380,1,08,1.5,0.36185,2063
1798973,41.4906142,-91.7033628,207.2379,1,08,1.5,0.30141,2063
1799230,41.4906142,-91.7033628,207.2292,1,08,1.5,0.31476,2063
1799357,41.4906142,-91.7033628,207.2292,1,08,1.5,0.31476,2063
1799560,41.4906154,-91.7033622,207.1387,1,08,1.5,0.29436,2063
1799645,41.4906153,-91.7033622,207.1384,1,08,1.5,0.3357ST,2063
1799873,41.4906152,-91.7033622,207.1405,1,08,1.5,0.21921,2063
1800026,41.4906152,-91.7033622,207.1405,1,08,1.5,0.21921,2063
1800465,41.4906166,-91.7033622,206.9459,1,08,1.5,0.21171,2063
1800721,41.4906166,-91.7033622,206.9459,1,08,1.5,0.21171,2063
1800984,41.4906166,-91.7033620,206.9646,1,08,1.5,0.07956,2063
1801070,41.4906166,-91.7033622,206.9472,1,08,1.5,0.16467,2063
1801189,41.4906166,-91.7033622,206.9472,1,08,1.5,0.16467,2063
1801446,41.4906165,-91.7033620,206.8245,1,08,1.5,0.16467,2063
1801529,41.4906165,-91.7033620,206.8245,1,08,1.5,0.16467,2063
1801848,41.4906166,-91.7033619,206.8403,1,08,1.5,0.12288,2063
1801933,41.4906166,-91.7033619,206.8403,1,08,1.5,0.12288,2063
1802084,41.4906166,-91.7033620,206.8453,1,08,1.5,0.18878,2062
1802219,41.4906166,-91.7033620,206.8453,1,08,1.5,0.18878,2062
1802579,41.4906163,-91.7033623,206.7778,1,09,1.5,0.18878,2062
1802652,41.4906163,-91.7033623,206.7989,1,08,1.5,0.10852,2062
1802780,41.4906163,-91.7033624,206.7915,1,08,1.5,0.16060,2062
1803013,41.4906163,-91.7033624,206.7915,1,08,1.5,0.16060,2062
1803476,41.4906161,-91.7033619,206.7633,1,09,1.5,0.04220,2062
1803636,41.4906161,-91.7033619,206.7633,1,09,1.5,0.04220,2062
1803912,41.4906161,-91.7033619,206.7336,1,08,1.5,0.05470,2062
1804209,41.4906161,-91.7033620,206.7411,1,08,1.5,0.06607,2062
1804373,41.4906161,-91.7033620,206.7411,1,08,1.5,0.06607,2062
1804454,41.4906161,-91.7033620,206.7411,1,08,1.5,0.06607,2062
1804656,41.4906162,-91.7033620,206.7114,1,08,1.5,0.06607,2062
1804831,41.4906162,-91.7033620,206.7114,1,08,1.5,0.06607,2062
1804946,41.4906162,-91.7033620,206.7114,1,08,1.5,0.06607,2062
1805025,41.4906164,-91.7033620,206.7052,1,08,1.5,0.14069,2062
1805269,41.4906165,-91.7033623,206.7426,1,08,1.5,0.13371,2062
1805427,41.4906165,-91.7033623,206.7426,1,08,1.5,0.13371,2062
1805574,41.4906163,-91.7033622,206.7276,1,08,1.5,0.10534,2062
1805674,41.4906164,-91.7033622,206.7233,1,08,1.5,0.07688,2062
1805837,41.4906164,-91.7033622,206.7233,1,08,1.5,0.07688,2062
1805991,41.4906164,-91.7033622,206.7356,1,08,1.5,0.05729,2062
1806200,41.4906164,-91.7033623,206.7082,1,08,1.5,0.04013,2062
1806382,41.4906164,-91.7033623,206.7082,1,08,1.5,0.04013,2062
1806713,41.4906166,-91.7033623,206.7591,1,09,1.5,0.04013,2062
1807066,41.4906166,-91.7033623,206.7373,1,09,1.5,0.08134,2062
1807176,41.4906166,-91.7033623,206.7373,1,09,1.5,0.08134,2062
1807372,41.4906170,-91.7033624,206.7193,1,09,1.5,0.08134,2062
1807443,41.4906170,-91.7033624,206.7193,1,09,1.5,0.08134,2062
1807807,41.4906170,-91.7033623,206.7148,1,09,1.5,0.04472,2062
1807906,41.4906170,-91.7033623,206.7148,1,09,1.5,0.04472,2062
1808089,41.4906170,-91.7033624,206.7040,1,08,1.5,0.09124,2062
1808216,41.4906170,-91.7033624,206.7040,1,08,1.5,0.09124,2062
1808453,41.4906171,-91.7033627,206.7144277,1,10,1.3,0.09124,2062
1808657,41.4906172,-91.7033627,206.7169,1,10,1.3,0.09124,2063
1808951,41.4906172,-91.7033627,206.6895,1,10,1.3,0.09124,2063
1809076,41.4906172,-91.7033627,206.6895,1,10,1.3,0.09124,2063
1809236,41.4906172,-91.7033627,206.7103,1,10,1.3,0.06074,2063
1809366,41.4906172,-91.7033627,206.7103,1,10,1.3,0.06996,2063
1809492,41.4906177,-91.7033628,206.7049,1,10,1.3,0.10514,2063
1809759,41.4906177,-91.7033628,206.7049,1,10,1.3,0.10514,2063
1810064,41.4906176,-91.7033628,206.7299,1,10,1.3,0.11813,2062
1810179,41.4906176,-91.7033628,206.7299,1,10,1.3,0.11813,2062
1810267,41.4906178,-91.7033629,206.7018,1,10,1.3,0.11813,2062
1810408,41.4906178,-91.7033629,206.7018,1,10,1.3,0.11813,2062
1810568,41.4906178,-91.7033627,206.6848,1,10,1.3,0.03452,2063
1810670,41.4906178,-91.7033628,206.7152,1,10,1.3,0.03789,2063
1810820,41.4906178,-91.7033628,206.7152,1,10,1.3,0.03789,2063
1811074,41.4906177,-91.7033628,206.7142,1,10,1.3,0.06208,2063
1811195,41.4906177,-91.7033628,206.7142,1,10,1.3,0.06208,2063
1811458,41.4906183,-91.7033630,206.7190,1,10,1.3,0.06208,2063
1811601,41.4906183,-91.7033630,206.7190,1,10,1.3,0.06208,2063
1811861,41.4906183,-91.7033630,206.7272,1,10,1.3,0.16058,2063
1811997,41.4906183,-91.7033630,206.7272,1,10,1.3,0.16058,2063
1812160,41.4906182,-91.7033630,206.7167,1,10,1.3,0.15093,2063
1812322,41.4906182,-91.7033630,206.7167,1,10,1.3,0.15093,2063
1812549,41.4906186,-91.7033629,206.7131,1,10,1.3,0.15093,2063
1812855,41.4906185,-91.7033629,206.7195,1,10,1.3,0.1043$GN,2063
1813038,41.4906185,-91.7033629,206.7195,1,10,1.3,0.1043$GN,2063
1813303,41.4906185,-91.7033629,206.7195,1,10,1.3,0.1043$GN,2063
1813467,41.4906185,-91.7033625,206.7039,1,10,1.3,0.09597,2063
1813610,41.4906185,-91.7033625,206.7039,1,10,1.3,0.09597,2063
1813968,41.4906184,-91.7033626,206.6981,1,10,1.3,0.09294,2063
1814036,41.4906185,-91.7033626,206.7155,1,10,1.3,0.08176,2063
1814272,41.4906185,-91.7033626,206.6712,1,10,1.3,0.07772,2063
1814422,41.4906185,-91.7033626,206.6712,1,10,1.3,0.07772,2063
1814569,41.4906184,-91.7033626,206.6634,1,10,1.3,0.06167,2063
1814673,41.4906185,-91.7033626,206.6670,1,10,1.3,0.04522,2063
1814838,41.4906185,-91.7033626,206.6670,1,10,1.3,0.04522,2063
1815203,41.4906184,-91.7033626,206.6526,1,10,1.3,0.05385,2063
1815378,41.4906184,-91.7033626,206.6526,1,10,1.3,0.05385,2063
1815579,41.4906186,-91.7033625,206.5703,1,10,1.3,0.05385,2063
1815795,41.4906186,-91.7033624,206.5696,1,10,1.3,0.11440,2063
1815944,41.4906186,-91.7033624,206.5696,1,10,1.3,0.11440,2063
1816267,41.4906194,-91.7033626,206.2788,1,10,1.3,0.17641,2063
1816414,41.4906194,-91.7033626,206.2788,1,10,1.3,0.17641,2063
1816564,41.4906194,-91.7033626,206.2646,1,10,1.3,0.19850,2063
1816668,41.4906195,-91.7033626,206.2965,1,09,1.5,0.17861,2063
1816844,41.4906195,-91.7033626,206.2965,1,09,1.5,0.17861,2063
1816984,41.4906194,-91.7033626,206.2809,1,09,1.5,0.13990,2063
1817078,41.4906194,-91.7033626,206.2690,1,09,1.5,0.14083,2063
1817205,41.4906194,-91.7033626,206.2690,1,09,1.5,0.14083,2063
1817475,41.4906201,-91.7033623,206.1087,1,09,1.5,0.14083,2063
1817633,41.4906201,-91.7033623,206.1087,1,09,1.5,0.14083,2063
1817787,41.4906200,-91.7033624,206.0951,1,09,1.5,0.02938,2062
1818051,41.4906201,-91.7033623,206.0946,1,09,1.5,0.12758,2062
1818164,41.4906201,-91.7033623,206.0946,1,09,1.5,0.12758,2063
1818358,41.4906213,-91.7033623,206.0009,1,09,1.5,0.15718,2063
1818571,41.4906213,-91.7033623,206.0051,1,09,1.5,0.1252NGS,2062
1818786,41.4906212,-91.7033623,206.0031,1,09,1.5,0.05070,2062
1818920,41.4906212,-91.7033623,206.0031,1,09,1.5,0.05070,2063
1819206,41.4906213,-91.7033623,205.9964,1,09,1.5,0.24522,2062
1819269,41.4906213,-91.7033623,205.9964,1,09,1.5,0.24522,2062
1819540,41.4906227,-91.7033621,205.9157,1,10,1.3,0.24522,2062
1819656,41.4906227,-91.7033621,205.9157,1,10,1.3,0.24522,2062
1819854,41.4906227,-91.7033621,205.9157,1,10,1.3,0.08500,2062
1819955,41.4906227,-91.7033620,205.9202,1,10,1.3,0.07158,2063
1820009,41.4906227,-91.7033620,205.9202,1,10,1.3,0.07158,2063
1820203,41.4906226,-91.7033619,205.9233,1,09,1.5,0.10521,2063
1820273,41.4906226,-91.7033619,205.9233,1,09,1.5,0.10521,2063
1820529,41.4906245,-91.7033614,205.8012,1,09,1.5,0.10521,2063
1820641,41.4906245,-91.7033614,205.8012,1,09,1.5,0.10521,2063
1820875,41.4906244,-91.7033613,205.8112,1,09,1.5,0.25357,2063
1821019,41.4906244,-91.7033613,205.8112,1,09,1.5,0.25357,2063
1821572,41.4906262,-91.7033606,205.7231,1,09,1.5,0.10194,2063
1821741,41.4906262,-91.7033606,205.7231,1,09,1.5,0.10194,2063
1821866,41.4906263,-91.7033606,205.7159,1,09,1.5,0.03784,2063
1822001,41.4906263,-91.7033606,205.7159,1,09,1.5,0.03784,2063
1822267,41.4906264,-91.7033604,205.7124,1,09,1.5,0.02446,2063
1822404,41.4906264,-91.7033604,205.7124,1,09,1.5,0.02446,2063
1822575,41.4906264,-91.7033604,205.7125,1,09,1.5,0.15669,2063
1822668,41.4906264,-91.7033604,205.6987,1,09,1.5,0.17088,2063
1822817,41.4906264,-91.7033604,205.6987,1,09,1.5,0.17088,2063
1823076,41.4906263,-91.7033604,205.7132,1,09,1.5,0.25802,2063
1823195,41.4906263,-91.7033604,205.7132,1,09,1.5,0.25802,2063
1823279,41.4906257,-91.7033600,205.9256,1,10,1.3,0.25802,2063
1823425,41.4906257,-91.7033600,205.9256,1,10,1.3,0.25802,2063
1823573,41.4906259,-91.7033601,205.9052,1,10,1.3,0.36245,2062
1823678,41.4906258,-91.7033601,205.8867,1,10,1.3,0.32078,2062
1823833,41.4906258,-91.7033601,205.8867,1,10,1.3,0.32078,2062
1824097,41.4906258,-91.7033600,205.9165,1,10,1.3,0.34540,2063
1824213,41.4906259,-91.7033600,205.9231,1,10,1.3,0.36124,2062
1824282,41.4906259,-91.7033600,205.9231,1,10,1.3,0.36124,2062
1824358,41.4906259,-91.7033600,205.9231,1,10,1.3,0.36124,2062
1824507,41.4906246,-91.7033587,206.1786,1,10,1.3,0.36124,2062
1824676,41.4906246,-91.7033587,206.1664,1,10,1.3,0.36124,2062
1824983,41.4906246,-91.7033586,206.1783,1,10,1.3,0.27902,2062
1825074,41.4906246,-91.7033586,206.1575,1,10,1.3,0.22160,2062
1825193,41.4906246,-91.7033586,206.1575,1,10,1.3,0.22160,2062
1825451,41.4906238,-91.7033574,206.4123,1,09,1.5,0.22160,2062
1825538,41.4906238,-91.7033574,206.4123,1,09,1.5,0.22160,2062
1825858,41.4906237,-91.7033575,206.3926,1,10,1.3,0.15941,2062
1826003,41.4906237,-91.7033575,206.3926,1,10,1.3,0.15941,2062
1826206,41.4906238,-91.7033575,206.4043,1,09,1.5,0.22460,2062
1826368,41.4906238,-91.7033575,206.4043,1,09,1.5,0.22460,2062
1826673,41.4906235,-91.7033565,206.2825,1,09,1.5,0.22460,2062
1826944,41.4906235,-91.7033565,206.2825,1,09,1.5,0.22460,2062
1827349,41.4906233,-91.7033553,206.2633,1,10,1.3,0.05710,2062
1827555,41.4906234,-91.7033553,206.2409,1,09,1.4,0.05648,2062
1827707,41.4906233,-91.7033553,206.2227,1,09,1.4,0.05648,2062
1827804,41.4906234,-91.7033553,206.2317,1,09,1.4,0.03547,2063
1827971,41.4906234,-91.7033553,206.2476,1,10,1.3,0.05260,2063
1828051,41.4906234,-91.7033553,206.2476,1,10,1.3,0.05260,2063
1828202,41.4906235,-91.7033554,206.2448,1,10,1.3,0.05260,2062
1828447,41.4906235,-91.7033554,206.2448,1,10,1.3,0.01654,2062
1828642,41.4906235,-91.7033554,206.2448,1,10,1.3,0.01654,2062
1828877,41.4906235,-91.7033554,206.2448,1,10,1.3,0.02453,2062
1829077,41.4906233,-91.7033539,206.2208,1,09,1.5,0.04471,2062
1829208,41.4906233,-91.7033539,206.2208,1,09,1.5,0.04471,2062
1829477,41.4906232,-91.7033532,206.0375,1,09,1.5,0.04471,2062
1829635,41.4906232,-91.7033532,206.0375,1,09,1.5,0.04471,2062
1829795,41.4906232,-91.7033532,206.0329,1,09,1.5,0.14136,2062
1830175,41.4906232,-91.7033532,206.0624,1,09,1.5,0.08849,2062
1830317,41.4906232,-91.7033532,206.0624,1,09,1.5,0.08849,2062
1830548,41.4906240,-91.7033526,205.8355,1,09,1.5,0.08917,2062
1830763,41.4906240,-91.7033526,205.8415,1,09,1.5,0.06626,2062
1831020,41.4906239,-91.7033525,205.8644,1,09,1.5,0.10897,2062
1831081,41.4906239,-91.7033525,205.8644,1,09,1.5,0.11670,2062
1831323,41.4906239,-91.7033526,205.8631,1,09,1.5,0.04988,2062
1831457,41.4906239,-91.7033526,205.8631,1,09,1.5,0.04988,2062
1831595,41.4906237,-91.7033519,205.6708,1,09,1.5,0.04050,2062
1831672,41.4906235,-91.7033519,205.6571,1,09,1.5,0.18513,2062
1831818,41.4906235,-91.7033519,205.6571,1,09,1.5,0.18513,2062
1831987,41.4906236,-91.7033520,205.6570,1,09,1.5,0.17439,2062
1832080,41.4906236,-91.7033520,205.6807,1,09,1.5,0.16022,2062
1832195,41.4906236,-91.7033520,205.6807,1,09,1.5,0.16022,2062
1832283,41.4906238,-91.7033519,205.3175,1,10,1.3,0.16022,2062
1832429,41.4906238,-91.7033519,205.3175,1,10,1.3,0.16022,2062
1832796,41.4906238,-91.7033518,205.3230,1,10,1.3,0.13690,2062
1832967,41.4906238,-91.7033518,205.3230,1,10,1.3,0.13690,2062
1833086,41.4906239,-91.7033518,205.3364,1,10,1.3,0.12581,2062
1833205,41.4906239,-91.7033518,205.3364,1,10,1.3,0.12581,2062
1833447,41.4906237,-91.7033517,205.1765,1,10,1.3,0.12581,2062
1833521,41.4906237,-91.7033517,205.1765,1,10,1.3,0.12581,2062
1833637,41.4906237,-91.7033518,205.1613,1,10,1.3,0.02533,2062
1833867,41.4906237,-91.7033518,205.1534,1,10,1.3,0.05000,2062
1834005,41.4906237,-91.7033518,205.1534,1,10,1.3,0.05000,2062
1834273,41.4906235,-91.7033512,205.1261,1,10,1.3,0.07201,2062
1834413,41.4906235,-91.7033512,205.1261,1,10,1.3,0.07201,2062
1834588,41.4906233,-91.7033512,205.1386,1,09,1.5,0.08875,2062
1834677,41.4906233,-91.7033513,205.1368,1,09,1.5,0.08776,2062
1834855,41.4906233,-91.7033513,205.1368,1,09,1.5,0.08776,2062
1835021,41.4906234,-91.7033513,205.1354,1,08,1.7,0.03602,2062
1835222,41.4906234,-91.7033513,205.1354,1,08,1.7,0.01874,2062
1835552,41.4906233,-91.7033512,205.1451,1,09,1.5,0.01874,2062
1835860,41.4906232,-91.7033506,205.0693,1,09,1.5,0.01874,2062
1835998,41.4906232,-91.7033506,205.0693,1,09,1.5,0.01874,2062
1836263,41.4906230,-91.7033503,205.1074,1,09,1.5,0.03266,2062
1836401,41.4906230,-91.7033503,205.1074,1,09,1.5,0.03266,2062
1836572,41.4906231,-91.7033504,205.1163,1,09,1.5,0.02426,2062
1836665,41.4906230,-91.7033504,205.1105,1,09,1.5,0.02904,2062
1836816,41.4906230,-91.7033504,205.1105,1,09,1.5,0.02904,2062
1836972,41.4906231,-91.7033503,205.1227,1,09,1.5,0.04055,2062
1837078,41.4906231,-91.7033503,205.1142,1,09,1.5,0.05664,2062
1837201,41.4906231,-91.7033503,205.1142,1,09,1.5,0.05664,2062
1837462,41.4906229,-91.7033500,205.1042,1,09,1.5,0.05664,2062
1837583,41.4906229,-91.7033500,205.1042,1,09,1.5,0.05664,2062
1837798,41.4906228,-91.7033500,205.1178,1,09,1.5,0.05768,2062
1838060,41.4906229,-91.7033500,205.1003,1,09,1.5,0.06216,2062
1838152,41.4906229,-91.7033500,205.1003,1,09,1.5,0.06216,2062
1838423,41.4906230,-91.7033499,205.0968,1,09,1.5,0.07903,2062
1838846,41.4906229,-91.7033498,205.1269,1,09,1.5,0.06325,2062
1839069,41.4906229,-91.7033498,205.1305,1,08,1.6,0.05747,2062
1839186,41.4906229,-91.7033498,205.1305,1,08,1.6,0.05747,2062
1839271,41.4906232,-91.7033499,205.1104,1,08,1.6,0.05747,2062
1839416,41.4906232,-91.7033499,205.1104,1,08,1.6,0.05747,2062
1839568,41.4906232,-91.7033498,205.1057,1,08,1.6,0.06268,2062
1839669,41.4906231,-91.7033499,205.1144,1,08,1.6,0.07816,2062
1839822,41.4906231,-91.7033499,205.1144,1,08,1.6,0.07816,2062
1840076,41.4906232,-91.7033498,205.1194,1,08,1.6,0.05980,2062
1840203,41.4906232,-91.7033498,205.1194,1,08,1.6,0.05980,2062
1840347,41.4906232,-91.7033498,205.1194,1,08,1.6,0.05980,2062
1840421,41.4906229,-91.7033498,205.0860,1,08,1.6,0.05980,2062
1840664,41.4906229,-91.7033498,205.0860,1,08,1.6,0.06595,2062
1840913,41.4906229,-91.7033497,205.1157,1,08,1.6,0.06595,2062
1841070,41.4906229,-91.7033497,205.1157,1,08,1.6,0.06595,2062
1841394,41.4906229,-91.7033497,205.1189,1,08,1.6,0.06595,2062
1841544,41.4906229,-91.7033497,205.1189,1,08,1.6,0.06595,2062
1841791,41.4906229,-91.7033495,205.1311,1,08,1.6,0.06595,2062
1841925,41.4906229,-91.7033495,205.1311,1,08,1.6,0.06595,2062
1842267,41.4906225,-91.7033493,205.1224,1,07,2.0,0.11105,2062
1842421,41.4906225,-91.7033493,205.1224,1,07,2.0,0.11105,2062
1842732,41.4906225,-91.7033493,205.1314,1,07,2.0,0.05688,2062
1842899,41.4906225,-91.7033493,205.1314,1,07,2.0,0.05688,2062
1843246,41.4906225,-91.7033492,205.1264,1,07,2.0,0.06796,2062
1843539,41.4906222,-91.7033493,205.0920,1,08,2.0,0.13036,2062
1843683,41.4906222,-91.7033493,205.0920,1,08,2.0,0.13036,2062
1844023,41.4906221,-91.7033492,205.1100,1,07,2.0,0.13879,2062
1844182,41.4906221,-91.7033492,205.1053,1,08,2.0,0.13879,2062
1844375,41.4906214,-91.7033491,205.1339,1,08,2.0,0.13879,2062
1844519,41.4906215,-91.7033490,205.1356,1,08,2.0,0.15981,2062
1844668,41.4906215,-91.7033490,205.1356,1,08,2.0,0.15981,2062
1845032,41.4906215,-91.7033490,205.1456,1,08,2.0,0.15981,2062
1845160,41.4906215,-91.7033491,205.1371,1,07,2.0,0.12934,2062
1845265,41.4906206,-91.7033496,205.1556,1,07,2.0,0.13484,2062
1845399,41.4906206,-91.7033496,205.1556,1,07,2.0,0.13484,2062
1845618,41.4906206,-91.7033496,205.1589,1,07,2.0,0.13052,2062
1845775,41.4906206,-91.7033496,205.1589,1,07,2.0,0.13052,2062
1845851,41.4906206,-91.7033496,205.1589,1,07,2.0,0.13052,2062
1846047,41.4906206,-91.7033497,205.1501,1,07,2.0,0.13052,2062
1846192,41.4906206,-91.7033497,205.1501,1,07,2.0,0.13052,2062
1846372,41.4906200,-91.7033494,205.1314,1,09,1.6,0.13501,2062
1846475,41.4906201,-91.7033494,205.1313,1,08,1.6,0.08404,2062
1846621,41.4906201,-91.7033494,205.1313,1,08,1.6,0.08404,2062
1846784,41.4906200,-91.7033494,205.1381,1,08,1.6,0.07588,2062
1846931,41.4906200,-91.7033494,205.1381,1,08,1.6,0.07281,2062
1847098,41.4906200,-91.7033494,205.1384,1,07,2.0,0.07281,2062
1847481,41.4906193,-91.7033493,205.1732,1,07,2.0,0.06781,2062
1847751,41.4906193,-91.7033493,205.1732,1,07,2.0,0.06781,2062
1848012,41.4906192,-91.7033492,205.1813,1,07,2.0,0.04687,2062
1848126,41.4906192,-91.7033492,205.1813,1,07,2.0,0.04687,2062
1848468,41.4906188,-91.7033491,205.1701,1,07,2.0,0.08416,2062
1848610,41.4906188,-91.7033491,205.1701,1,07,2.0,0.08416,2062
1848870,41.4906188,-91.7033490,205.1686,1,07,2.0,0.11423,2062
1849015,41.4906188,-91.7033490,205.1686,1,07,2.0,0.11423,2062
1849273,41.4906184,-91.7033489,205.1512,1,08,1.6,0.12432,2062
1849420,41.4906184,-91.7033489,205.1512,1,08,1.6,0.12432,2062
1849567,41.4906184,-91.7033489,205.1495,1,08,1.6,0.13240,2062
1849675,41.4906184,-91.7033488,205.1406,1,08,1.6,0.12580,2062
1849834,41.4906184,-91.7033488,205.1406,1,08,1.6,0.12580,2062
1849970,41.4906184,-91.7033489,205.1342,1,08,1.6,0.12434,2062
1850090,41.4906184,-91.7033489,205.1429,1,08,1.6,0.12230,2062
1850216,41.4906184,-91.7033489,205.1429,1,08,1.6,0.12230,2062
1850542,41.4906181,-91.7033488,205.1801,1,08,1.6,0.16379,2062
1850735,41.4906181,-91.7033488,205.1801,1,08,1.6,0.16379,2062
1851075,41.4906183,-91.7033489,205.1662,1,08,1.6,0.13200,2062
1851198,41.4906183,-91.7033489,205.1662,1,08,1.6,0.13200,2062
1851271,41.4906182,-91.7033488,205.1756,1,08,1.6,0.15972,2062
1851500,41.4906189,-91.7033486,204.9156,1,08,1.6,0.15972,2062
1851655,41.4906189,-91.7033486,204.9156,1,08,1.6,0.15972,2062
1851864,41.4906189,-91.7033486,204.9156,1,08,1.6,0.15972,2062
1852073,41.4906189,-91.7033486,204.9245,1,08,1.6,0.11573,2062
1852226,41.4906189,-91.7033486,204.9245,1,08,1.6,0.11573,2062
1852431,41.4906189,-91.7033486,204.9263,1,08,1.6,0.11573,2062
1852586,41.4906189,-91.7033486,204.9263,1,08,1.6,0.11573,2062
1852819,41.4906190,-91.7033486,204.7445,1,08,1.6,0.07536,2062
1853050,41.4906190,-91.7033486,204.7324,1,08,1.6,0.07536,2062
1853421,41.4906185,-91.7033489,204.5954,1,08,1.6,0.08195,2062
1853600,41.4906185,-91.7033489,204.5954,1,08,1.6,0.08195,2062
1853712,41.4906185,-91.7033488,09142.20092,22,412,N,0.08195,2062
1853927,41.4906185,-91.7033488,204.6048,1,08,1.6,0.08195,2062
1854062,41.4906186,-91.7033488,204.6173,1,08,1.6,0.17987,2062
1854200,41.4906186,-91.7033488,204.6173,1,08,1.6,0.17987,2062
1854302,41.4906186,-91.7033488,204.5898,1,08,1.6,0.17987,2062
1854457,41.4906186,-91.7033488,204.5898,1,08,1.6,0.17987,2062
1854653,41.4906186,-91.7033488,204.5898,1,08,1.6,0.17987,2062
1854744,41.4906175,-91.7033491,204.5218,1,08,1.6,0.17987,2062
1855076,41.4906175,-91.7033491,204.5268,1,08,1.6,0.17711,2062
1855225,41.4906175,-91.7033491,204.5268,1,08,1.6,0.17711,2062
1855552,41.4906161,-91.7033491,204.4859,1,08,1.6,0.18323,2062
1855700,41.4906161,-91.7033491,204.4859,1,08,1.6,0.18323,2062
1855776,41.4906162,-91.7033492,204.4715,1,08,1.6,0.18323,2062
1855842,41.4906162,-91.7033492,204.4656,1,08,1.6,0.16032.5,2062
1856083,41.4906161,-91.7033492,204.4539,1,08,1.6,0.20103,2062
1856197,41.4906161,-91.7033492,204.4539,1,08,1.6,0.20103,2062
1856285,41.4906148,-91.7033491,204.5056,1,08,1.7,0.20103,2062
1856549,41.4906148,-91.7033491,204.5056,1,08,1.7,0.20103,2062
1856663,41.4906148,-91.7033491,204.5183,1,08,1.6,0.22842,2062
1856797,41.4906148,-91.7033491,204.5183,1,08,1.6,0.22842,2062
1857072,41.4906146,-91.7033490,204.5103,1,08,1.7,0.08929,2062
1857185,41.4906146,-91.7033490,204.5103,1,08,1.7,0.08929,2062
1857270,41.4906131,-91.7033493,204.5109,1,07,1.8,0.08929,2062
1857409,41.4906131,-91.7033493,204.5109,1,07,1.8,0.08929,2062
1857568,41.4906130,-91.7033494,204.5078,1,07,1.8,0.05587,2062
1857670,41.4906130,-91.7033493,204.5325,1,07,1.8,0.08049,2062
1857820,41.4906130,-91.7033493,204.5325,1,07,1.8,0.08049,2062
1857973,41.4906131,-91.7033494,204.5344,1,07,1.8,0.05935,2062
1858081,41.4906131,-91.7033493,204.5336,1,07,1.8,0.02017,2062
1858227,41.4906131,-91.7033493,204.5336,1,07,1.8,0.02017,2062
1858477,41.4906128,-91.7033492,204.5350,1,07,1.8,0.02738,2062
1858628,41.4906128,-91.7033492,204.5350,1,07,1.8,0.02738,2062
1858820,41.4906127,-91.7033492,204.5483,1,07,1.8,0.04111,2062
1859062,41.4906127,-91.7033492,204.5483,1,07,1.8,0.00758,2062
1859263,41.4906125,-91.7033488,204.5736,1,08,1.6,0.017561,2062
1859405,41.4906125,-91.7033488,204.5736,1,08,1.6,0.017561,2062
1859563,41.4906125,-91.7033488,204.5954,1,08,1.6,0.02719,2062
1859667,41.4906125,-91.7033488,204.5759,1,08,1.6,0.04203,2062
1859811,41.4906125,-91.7033488,204.5759,1,08,1.6,0.04203,2062
1860070,41.4906125,-91.7033488,204.5995,1,08,1.6,0.03512,2062
1860190,41.4906125,-91.7033488,204.5995,1,08,1.6,0.03512,2062
1860362,41.4906113,-91.7033489,204.6752,1,08,1.6,0.03512,2062
1860519,41.4906113,-91.7033489,204.6752,1,08,1.6,0.03512,2062
1860607,41.4906112,-91.7033490,204.6788,1,08,1.6,0.03512,2062
1860756,41.4906112,-91.7033490,204.6794,1,08,1.6,0.01263,2062
1860938,41.4906112,-91.7033490,204.6794,1,08,1.6,0.01263,2062
1861080,41.4906113,-91.7033490,204.6529,1,08,1.6,0.02721,2062
1861236,41.4906113,-91.7033490,204.6529,1,08,1.6,0.02721,2062
1861480,41.4906092,-91.7033494,204.8827,1,08,1.6,0.09945,2062
1861752,41.4906092,-91.7033494,204.8827,1,08,1.6,0.09945,2062
1862006,41.4906091,-91.7033494,204.8837,1,08,1.6,0.25414,2062
1862082,41.4906091,-91.7033494,204.8837,1,08,1.6,0.25414,2062
1862341,41.4906091,-91.7033494,204.8892,1,08,1.6,0.25414,2062
1862467,41.4906091,-91.7033494,204.8892,1,08,1.6,0.25414,2062
1862564,41.4906091,-91.7033494,204.8892,1,08,1.6,0.25414,2062
1862644,41.4906091,-91.7033494,204.8892,1,08,1.6,0.21609,2062
1862871,41.4906090,-91.7033494,204.7531,1,08,1.6,0.24010,2062
1863022,41.4906090,-91.7033494,204.7531,1,08,1.6,0.24010,2062
1863274,41.4906084,-91.7033496,204.6587,1,08,1.6,0.22926,2062
1863428,41.4906084,-91.7033496,204.6587,1,08,1.6,0.22926,2062
1863676,41.4906084,-91.7033495,204.6761,1,08,1.6,0.13404,2062
1863834,41.4906084,-91.7033495,204.6761,1,08,1.6,0.13404,2062
1863972,41.4906085,-91.7033495,204.6880,1,08,1.6,0.05259,2062
1864083,41.4906083,-91.7033495,204.6923,1,08,1.6,0.02582,2062
1864243,41.4906083,-91.7033495,204.6923,1,08,1.6,0.02582,2062
1864597,41.4906071,-91.7033491,204.6158,1,08,1.6,0.10892,2062
1864738,41.4906071,-91.7033491,204.6158,1,08,1.6,0.10892,2062
1865095,41.4906071,-91.7033491,204.6194,1,08,1.6,0.08536,2062
1865213,41.4906071,-91.7033491,204.6194,1,08,1.6,0.08536,2062
1865451,41.4906071,-91.7033491,204.6194,1,08,1.6,0.08536,2062
1865559,41.4906050,-91.7033487,204.6697,1,08,1.6,0.09285,2062
1865645,41.4906050,-91.7033487,204.6697,1,08,1.6,0.09285,2062
1865871,41.4906051,-91.7033486,204.6589,1,08,1.6,0.06885,2062
1866028,41.4906051,-91.7033486,204.6589,1,08,1.6,0.06885,2062
1866167,41.4906046,-91.7033489,204.6891,1,08,1.6,0.05280,2062
1866274,41.4906046,-91.7033489,204.6997,1,08,1.6,0.03575,2062
1866427,41.4906046,-91.7033489,204.6997,1,08,1.6,0.03575,2062
1866676,41.4906047,-91.7033490,204.6931,1,08,1.6,0.03869,2062
1866821,41.4906047,-91.7033490,204.6931,1,08,1.6,0.03869,2062
1866974,41.4906045,-91.7033490,204.7151,1,08,1.6,0.02045,2062
1867121,41.4906045,-91.7033489,204.6902,1,08,1.6,0.03753,2062
1867355,41.4906045,-91.7033489,204.6902,1,08,1.6,0.03753,2062
1867556,41.4906045,-91.7033489,204.6902,1,08,1.6,0.03753,2062
1867603,41.4906046,-91.7033491,204.7377,1,08,1.6,0.03753,2062
1867817,41.4906047,-91.7033491,204.7341,1,08,1.6,0.04559,2062
1867963,41.4906047,-91.7033491,204.7341,1,08,1.6,0.04559,2062
1868044,41.4906047,-91.7033491,204.7341,1,08,1.6,0.04559,2062
1868409,41.4906046,-91.7033491,204.7279,1,08,1.6,0.04559,2062
1868482,41.4906046,-91.7033491,204.7279,1,08,1.6,0.04559,2062
1868836,41.4906046,-91.7033491,204.7232,1,08,1.6,0.04559,2062
1869000,41.4906046,-91.7033491,204.7232,1,08,1.6,0.04559,2062
1869292,41.4906046,-91.7033491,204.7232,1,08,1.6,0.06338,2062
1869377,41.4906042,-91.7033492,204.7547,1,08,1.6,0.08448,2062
1869473,41.4906042,-91.7033493,204.7640,1,08,1.6,0.07345,2062
1869621,41.4906042,-91.7033493,204.7640,1,08,1.6,0.07345,2062
1869803,41.4906043,-91.7033492,204.7625,1,08,1.6,0.05888,2062
1870024,41.4906042,-91.7033493,204.7790,1,08,1.6,0.02592,2062
1870306,41.4906042,-91.7033493,204.7790,1,08,1.6,0.02592,2062
1870464,41.4906043,-91.7033488,204.7594,1,08,1.6,0.02592,2062
1870599,41.4906043,-91.7033488,204.7594,1,08,1.6,0.02592,2062
1870682,41.4906042,-91.7033488,204.7517,1,08,1.6,0.06240,2062
1870829,41.4906042,-91.7033488,204.7517,1,08,1.6,0.06240,2062
1871076,41.4906043,-91.7033488,204.7458,1,08,1.6,0.07972,2062
1871191,41.4906043,-91.7033488,204.7458,1,08,1.6,0.07972,2062
1871275,41.4906037,-91.7033482,204.7495,1,08,1.6,0.07972,2062
1871418,41.4906037,-91.7033482,204.7495,1,08,1.6,0.07972,2062
1871582,41.4906035,-91.7033482,204.7560,1,08,1.6,0.07940,2062
1871671,41.4906037,-91.7033482,204.7443,1,08,1.6,0.03181,2063
1871822,41.4906037,-91.7033482,204.7443,1,08,1.6,0.03181,2063
1871973,41.4906035,-91.7033482,204.7759,1,08,1.6,0.03219,2063
1872083,41.4906037,-91.7033482,204.7568,1,08,1.6,0.08352,2063
1872237,41.4906037,-91.7033482,204.7568,1,08,1.6,0.08352,2063
1872377,41.4906037,-91.7033484,204.7835,1,08,1.6,0.10458,2063
1872595,41.4906038,-91.7033484,204.7912,1,08,1.6,0.10064,2063
1872731,41.4906038,-91.7033484,204.7912,1,08,1.6,0.10064,2063
1873070,41.4906037,-91.7033484,204.7825,1,07,1.8,0.09129,2063
1873188,41.4906037,-91.7033484,204.7825,1,07,1.8,0.09129,2063
1873312,41.4906036,-91.7033481,204.7664,1,07,1.8,0.09129,2063
1873460,41.4906036,-91.7033481,204.7664,1,07,1.8,0.09129,2063
1873666,41.4906036,-91.7033481,204.7664,1,07,1.8,0.07874,2063
1873877,41.4906036,-91.7033481,204.7648,1,07,1.8,0.07874,2063
1874039,41.4906036,-91.7033481,204.7648,1,07,1.8,0.07874,2063
1874181,41.4906032,-91.7033478,204.7829,1,07,1.8,0.07874,2063
1874274,41.4906032,-91.7033478,204.7978,1,07,1.8,0.02072,2063
1874428,41.4906032,-91.7033478,204.7978,1,07,1.8,0.02072,2063
1874573,41.4906033,-91.7033478,204.7928,1,07,1.8,0.07339,2063
1874677,41.4906032,-91.7033479,204.8156,1,07,1.8,0.08673,2063
1874843,41.4906032,-91.7033479,204.8156,1,07,1.8,0.08673,2063
1874981,41.4906032,-91.7033479,204.7828,1,07,1.8,0.09336,2063
1875204,41.4906032,-91.7033478,204.8058,1,07,1.8,0.11433,2063
1875383,41.4906032,-91.7033478,204.8058,1,07,1.8,0.11433,2063
1875566,41.4906033,-91.7033474,204.7467,1,07,1.8,0.13728,2063
1875666,41.4906033,-91.7033474,204.7522,1,07,1.8,0.11352,2063
1875820,41.4906033,-91.7033474,204.7522,1,07,1.8,0.11352,2063
1875967,41.4906033,-91.7033474,204.7591,1,07,1.8,0.11127,2063
1876074,41.4906032,-91.7033474,204.7403,1,07,1.8,0.13745,2063
1876204,41.4906032,-91.7033474,204.7403,1,07,1.8,0.13745,2063
1876540,41.4906025,-91.7033463,204.8100,1,07,1.8,0.07505,2063
1876620,41.4906025,-91.7033463,204.8100,1,07,1.8,0.07505,2063
1876982,41.4906025,-91.7033463,204.8100,1,07,1.8,0.02843,2063
1877164,41.4906025,-91.7033464,204.7975,1,07,1.8,0.02843,2063
1877428,41.4906017,-91.7033459,204.8174,1,07,1.8,0.02839,2063
1877588,41.4906016,-91.7033458,204.8046,1,07,1.8,0.03333,2063
1877740,41.4906015,-91.7033458,204.8339,1,06,2.1,0.02908,2063
1877888,41.4906015,-91.7033458,204.8339,1,06,2.1,0.02908,2063
1878355,41.4906015,-91.7033458,204.8339,1,06,2.1,0.01486,2063
1878586,41.4906015,-91.7033457,204.7995,1,06,2.1,0.01486,2063
1878647,41.4906015,-91.7033457,204.7995,1,06,2.1,0.01486,2063
1878772,41.4906015,-91.7033457,204.7995,1,06,2.1,0.07352,2063
1878869,41.4906014,-91.7033457,204.8009,1,06,2.1,0.06674,2063
1879004,41.4906014,-91.7033457,204.8009,1,06,2.1,0.06674,2063
1879222,41.4906015,-91.7033456,204.8054,1,06,2.1,0.06257,2063
1879377,41.4906015,-91.7033456,204.8054,1,06,2.1,0.06257,2063
1879574,41.4906011,-91.7033455,204.8575,1,06,2.1,0.06257,2063
1879674,41.4906010,-91.7033454,204.8622,1,06,2.1,0.08549,2063
1879818,41.4906010,-91.7033454,204.8622,1,06,2.1,0.08549,2063
1879975,41.4906011,-91.7033455,204.8405,1,06,2.1,0.05202,2063
1880079,41.4906010,-91.7033453,204.8738,1,06,2.1,0.04901,2063
1880201,41.4906010,-91.7033453,204.8738,1,06,2.1,0.04901,2063
1880426,41.4906009,-91.7033457,204.7844,1,06,2.1,0.04901,2063
1880589,41.4906009,-91.7033457,204.7844,1,06,2.1,0.04901,2063
1881059,41.4906008,-91.7033457,204.7933,1,06,2.1,0.04901,2063
1881265,41.4906007,-91.7033459,204.8368,1,06,2.1,0.06501,2062
1881400,41.4906007,-91.7033459,204.8368,1,06,2.1,0.06501,2062
1881611,41.4906008,-91.7033459,204.8450,1,06,2.1,0.03225,2062
1881772,41.4906008,-91.7033459,204.8450,1,06,2.1,0.03225,2062
1881952,41.4906008,-91.7033459,204.8450,1,06,2.1,0.03225,2062
1882029,41.4906007,-91.7033459,204.8539,1,06,2.1,0.03158,2062
1882290,41.4906003,-91.7033462,204.8895,1,06,2.1,0.02658,2062
1882438,41.4906003,-91.7033462,204.8895,1,06,2.1,0.02658,2062
1882571,41.4906003,-91.7033461,204.9052,1,06,2.1,0.02632,2062
1882676,41.4906002,-91.7033461,204.8773,1,06,2.1,0.01416,2062
1882829,41.4906002,-91.7033461,204.8773,1,06,2.1,0.01416,2062
1883161,41.4906003,-91.7033461,204.8870,1,06,2.1,0.02531,2062
1883310,41.4906003,-91.7033461,204.8870,1,06,2.1,0.02531,2062
1883414,41.4905998,-91.7033465,204.8648,1,06,2.1,0.02531,2062
1883531,41.4905997,-91.7033465,204.8454,1,06,2.1,0.06590,2062
1883763,41.4905997,-91.7033465,204.8454,1,06,2.1,0.03565,2062
1884134,41.4905997,-91.7033465,204.8475,1,06,2.1,0.07016,2062
1884255,41.4905997,-91.7033465,204.8475,1,06,2.1,0.07016,2062
1884422,41.4905997,-91.7033465,204.8475,1,06,2.1,0.08723,2062
1884802,41.4905991,-91.7033467,204.8768,1,07,1.6,0.03984,2062
1884875,41.4905993,-91.7033467,204.8850,1,07,1.6,0.03440,2062
1885018,41.4905993,-91.7033467,204.8850,1,07,1.6,0.03440,2062
1885174,41.4905989,-91.7033467,204.8684,1,07,1.6,0.00645,2062
1885274,41.4905988,-91.7033468,204.8667,1,07,1.6,0.02849,2062
1885423,41.4905988,-91.7033468,204.8667,1,07,1.6,0.02849,2062
1885865,41.4905987,-91.7033467,204.8835,1,07,1.6,0.04495,2062
1886033,41.4905987,-91.7033467,204.8835,1,07,1.6,0.04495,2062
1886278,41.4905988,-91.7033466,204.8219,1,06,2.1,0.09141,2062
1886434,41.4905988,-91.7033466,204.8219,1,06,2.1,0.09141,2062
1886574,41.4905987,-91.7033466,204.8578,1,06,2.1,0.08749,2062
1886678,41.4905987,-91.7033466,204.8599,1,06,2.1,0.15255,2062
1886966,41.4905987,-91.7033466,204.8599,1,06,2.1,0.15255,2062
1887261,41.4905986,-91.7033468,204.8746,1,06,2.1,0.14971,2062
1887404,41.4905986,-91.7033468,204.8746,1,06,2.1,0.14971,2062
1887564,41.4905986,-91.7033467,204.8828,1,06,2.1,0.12277,2062
1887665,41.4905986,-91.7033468,204.8546,1,06,2.1,0.09740,2062
1887821,41.4905986,-91.7033468,204.8546,1,06,2.1,0.09740,2062
1887982,41.4905986,-91.7033469,204.8301,1,06,2.1,0.09670,2062
1888076,41.4905986,-91.7033468,204.8620,1,06,2.1,0.08349,2062
1888205,41.4905986,-91.7033468,204.8620,1,06,2.1,0.08349,2062
1888447,41.4905986,-91.7033468,204.8620,1,06,2.1,0.08349,2062
1888672,41.4905985,-91.7033471,204.8750,1,07,1.6,0.02877,2062
1888837,41.4905985,-91.7033471,204.8750,1,07,1.6,0.02877,2062
1889082,41.4905985,-91.7033471,204.8684,1,07,1.6,0.02504,2062
1889218,41.4905985,-91.7033471,204.8684,1,07,1.6,0.02504,2062
1889297,41.4905984,-91.7033476,204.8647,1,07,1.6,0.02504,2062
1889439,41.4905984,-91.7033476,204.8647,1,07,1.6,0.02504,2062
1889695,41.4905984,-91.7033477,204.8324,1,06,2.1,0.04828,2062
1889825,41.4905983,-91.7033477,204.8604,1,06,2.1,0.06125,2062
1889975,41.4905983,-91.7033477,204.8604,1,06,2.1,0.06125,2062
1890223,41.4905985,-91.7033477,204.241.00,1,06,2.1,0.06125,2062
1890307,41.4905982,-91.7033478,204.9227,1,06,2.1,0.06125,2062
1890365,41.4905982,-91.7033478,204.9227,1,06,2.1,0.06125,2062
1890427,41.4905982,-91.7033479,204.9014,1,06,2.1,0.06125,2063
1890639,41.4905983,-91.7033478,204.8937,1,06,2.1,0.08103,2063
1890871,41.4905983,-91.7033478,204.9240,1,06,2.1,0.20819,2063
1891009,41.4905983,-91.7033478,204.9240,1,06,2.1,0.20819,2063
1891235,41.4905982,-91.7033478,204.9247,1,06,2.1,0.00764,2062
1891392,41.4905982,-91.7033478,204.9247,1,06,2.1,0.00764,2062
1891607,41.4905982,-91.7033478,204.9247,1,06,2.1,0.13059,2062
1891835,41.4905983,-91.7033484,204.7902,1,06,2.1,0.10951,2062
1891999,41.4905983,-91.7033484,204.7902,1,06,2.1,0.10951,2062
1892088,41.4905981,-91.7033483,204.7928,1,06,2.1,0.10507,2062
1892365,41.4905981,-91.7033483,204.7928,1,06,2.1,0.10507,2062
1892470,41.4905977,-91.7033491,204.7850,1,06,2.1,0.10507,2062
1892613,41.4905977,-91.7033491,204.7850,1,06,2.1,0.10507,2062
1892792,41.4905976,-91.7033491,204.8021,1,06,2.1,0.09177,2062
1893015,41.4905977,-91.7033491,204.8014,1,06,2.1,0.09177,2062
1893079,41.4905977,-91.7033491,204.8014,1,06,2.1,0.09177,2062
1893265,41.4905976,-91.7033491,204.8068,1,06,2.1,0.09177,2062
1893406,41.4905976,-91.7033491,204.8068,1,06,2.1,0.09177,2062
1893504,41.4905973,-91.7033500,204.9332,1,07,2.1,0.09177,2063
1893662,41.4905973,-91.7033500,204.9332,1,07,2.1,0.09177,2063
1893856,41.4905974,-91.7033500,204.9096,1,07,2.1,0.09177,2063
1893974,41.4905974,-91.7033500,204.9260,1,07,2.1,0.06013,2063
1894082,41.4905974,-91.7033500,204.9420,1,07,2.1,0.04911,2063
1894203,41.4905974,-91.7033500,204.9420,1,07,2.1,0.04911,2063
1894427,41.4905968,-91.7033511,205.0138,1,07,2.1,0.04911,2063
1894592,41.4905968,-91.7033511,205.0138,1,07,2.1,0.04911,2063
1894977,41.4905968,-91.7033511,205.0138,1,07,2.1,0.04911,2063
1895169,41.4905951,-91.7033522,205.0442,1,06,2.1,0.06809,2063
1895266,41.4905950,-91.7033521,205.0610,1,06,2.1,0.06780,2063
1895404,41.4905950,-91.7033521,205.0610,1,06,2.1,0.06780,2063
1895553,41.4905951,-91.7033521,205.1021,1,06,2.1,0.03300,2063
1895618,41.4905952,-91.7033522,205.1005,1,06,2.1,0.03300,2063
1895847,41.4905950,-91.7033521,205.0962,1,06,2.1,0.17312,2063
1895992,41.4905950,-91.7033521,205.0962,1,06,2.1,0.17312,2063
1896230,41.4905951,-91.7033521,205.0967,1,06,2.1,0.01354,2062
1896393,41.4905951,-91.7033521,205.0967,1,06,2.1,0.01354,2062
1896585,41.4905946,-91.7033525,205.1483,1,06,2.1,0.11001,2062
1896677,41.4905946,-91.7033524,205.1590,1,06,2.1,0.01149,2062
1896837,41.4905946,-91.7033524,205.1590,1,06,2.1,0.01149,2062
1897248,41.4905946,-91.7033525,205.1598,1,06,2.1,0.03854,2062
1897419,41.4905946,-91.7033525,205.1598,1,06,2.1,0.03854,2062
1897577,41.4905939,-91.7033530,205.2525,1,06,2.1,0.03570,2062
1897806,41.4905937,-91.7033530,205.2619,1,06,2.1,0.11832,2062
1897984,41.4905937,-91.7033530,205.2619,1,06,2.1,0.11832,2062
1898166,41.4905944,-91.7033535,205.4838,1,06,2.1,0.17746,2062
1898268,41.4905944,-91.7033534,205.4542,1,06,2.1,0.10470,2062
1898415,41.4905944,-91.7033534,205.4542,1,06,2.1,0.10470,2062
1898671,41.4905942,-91.7033534,205.4672,1,06,2.1,0.12766,2062
1898841,41.4905942,-91.7033534,205.4672,1,06,2.1,0.12766,2062
1898969,41.4905943,-91.7033535,205.4553,1,06,2.1,0.09189,2062
1899076,41.4905942,-91.7033534,205.4862,1,06,2.1,0.02215,2062
1899202,41.4905942,-91.7033534,205.4862,1,06,2.1,0.02215,2062
1899447,41.4905942,-91.7033534,205.4862,1,06,2.1,0.02215,2062
1899571,41.4905942,-91.7033534,205.4862,1,06,2.1,0.05642,2062
1899677,41.4905935,-91.7033539,205.6538,1,06,2.1,0.09884,2062
1899840,41.4905935,-91.7033539,205.6538,1,06,2.1,0.09884,2062
1899974,41.4905935,-91.7033539,205.6843,1,06,2.1,0.01168,2062
1900268,41.4905935,-91.7033538,205.6696,1,06,2.1,0.02175,2062
1900546,41.4905935,-91.7033538,205.6696,1,06,2.1,0.02175,2062
1900761,41.4905933,-91.7033538,205.8154,1,06,2.1,0.20264,2062
1900865,41.4905933,-91.7033537,205.8123,1,06,2.1,0.09220,2062
1900964,41.4905933,-91.7033537,205.8123,1,06,2.1,0.09220,2062
1901072,41.4905934,-91.7033538,205.7717,1,06,2.1,0.02294,2062
1901181,41.4905934,-91.7033538,205.7717,1,06,2.1,0.02294,2062
1901272,41.4905928,-91.7033539,206.0441,1,06,2.1,0.02294,2062
1901408,41.4905928,-91.7033539,206.0441,1,06,2.1,0.02294,2062
1901490,41.4905928,-91.7033540,206.0020,1,06,2.1,0.08894,2062
1901630,41.4905928,-91.7033540,206.0020,1,06,2.1,0.08894,2062
1901779,41.4905928,-91.7033539,206.0437,1,06,2.1,0.12055,2062
1901876,41.4905927,-91.7033539,206.0278,1,06,2.1,0.10477,2062
1902015,41.4905927,-91.7033539,206.0278,1,06,2.1,0.10477,2062
1902101,41.4905928,-91.7033540,206.0237,1,06,2.1,0.22110,2062
1902245,41.4905928,-91.7033540,206.0237,1,06,2.1,0.22110,2062
1902393,41.4905935,-91.7033548,206.2002,1,06,2.1,0.02858,2062
1902594,41.4905935,-91.7033548,206.2023,1,06,2.1,0.00409,2062
1902754,41.4905935,-91.7033548,206.2023,1,06,2.1,0.00409,2062
1902961,41.4905934,-91.7033547,206.1919,1,06,2.1,0.06328,2062
1903073,41.4905935,-91.7033548,206.1832,1,06,2.1,0.11234,2062
1903184,41.4905935,-91.7033548,206.1832,1,06,2.1,0.11234,2062
1903271,41.4905941,-91.7033554,206.3904,1,06,2.1,0.11234,2062
1903408,41.4905941,-91.7033554,206.3904,1,06,2.1,0.11234,2062
1903531,41.4905941,-91.7033554,206.3904,1,06,2.1,0.08514,2062
1903669,41.4905941,-91.7033553,206.3909,1,06,2.1,0.16318,2062
1903817,41.4905941,-91.7033553,206.3909,1,06,2.1,0.16318,2062
1903970,41.4905941,-91.7033554,206.3774,1,06,2.1,0.09247,2062
1904107,41.4905941,-91.7033554,206.3740,1,06,2.1,0.02208,2062
1904254,41.4905941,-91.7033554,206.3740,1,06,2.1,0.02208,2062
1904476,41.4905941,-91.7033559,206.4759,1,06,2.1,0.06557,2062
1904625,41.4905941,-91.7033559,206.4759,1,06,2.1,0.06557,2062
1904815,41.4905939,-91.7033558,206.5063,1,06,2.1,0.03992,2062
1905143,41.4905940,-91.7033558,206.5179,1,06,2.1,0.06747,2062
1905276,41.4905940,-91.7033558,206.5179,1,06,2.1,0.06747,2062
1905464,41.4905930,-91.7033558,206.5529,1,06,2.1,0.06747,2062
1905605,41.4905930,-91.7033558,206.5529,1,06,2.1,0.06747,2062
1905772,41.4905930,-91.7033558,206.5484,1,06,2.1,0.11872,2062
1905869,41.4905931,-91.7033558,206.5437,1,06,2.1,0.13531,2062
1906016,41.4905931,-91.7033558,206.5437,1,06,2.1,0.13531,2062
1906270,41.4905935,-91.7033566,206.3047,1,06,2.1,0.19504,2062
1906421,41.4905935,-91.7033566,206.3047,1,06,2.1,0.19504,2062
1906572,41.4905934,-91.7033565,206.3285,1,06,2.1,0.21808,2062
1906675,41.4905934,-91.7033565,206.3522,1,06,2.1,0.16115,2062
1906859,41.4905934,-91.7033565,206.3522,1,06,2.1,0.16115,2062
1907258,41.4905935,-91.7033566,206.2939,1,06,2.1,0.07025,2062
1907433,41.4905935,-91.7033566,206.2939,1,06,2.1,0.07025,2062
1907590,41.4905930,-91.7033573,206.3402,1,06,2.1,0.04488,2062
1907682,41.4905929,-91.7033573,206.3073,1,06,2.1,0.00564,2062
1907960,41.4905929,-91.7033573,206.3073,1,06,2.1,0.00564,2062
1908248,41.4905929,-91.7033573,206.3151,1,06,2.1,0.12932,2062
1908341,41.4905929,-91.7033573,206.3151,1,06,2.1,0.12932,2062
1908470,41.4905926,-91.7033578,206.2244,1,06,2.1,0.05938,2062
1908637,41.4905926,-91.7033578,206.2244,1,06,2.1,0.05938,2062
1908783,41.4905926,-91.7033578,206.2367,1,06,2.1,0.03482,2062
1908921,41.4905926,-91.7033578,206.2326,1,06,2.1,0.02361,2062
1909076,41.4905926,-91.7033578,206.2326,1,06,2.1,0.02361,2062
1909165,41.4905926,-91.7033578,206.2542,1,06,2.1,0.02361,2062
1909241,41.4905928,-91.7033576,206.1874,1,06,2.1,0.06858,2062
1909372,41.4905928,-91.7033576,206.1874,1,06,2.1,0.01333,2062
1909528,41.4905928,-91.7033576,206.1718,1,06,2.1,0.02035,2062
1909684,41.4905928,-91.7033576,206.1718,1,06,2.1,0.02035,2062
1909977,41.4905929,-91.7033576,206.1778,1,06,2.1,0.04644,2063
1910084,41.4905928,-91.7033576,206.2094,1,06,2.1,0.00771,2063
1910249,41.4905928,-91.7033576,206.2094,1,06,2.1,0.00771,2062
1910630,41.4905935,-91.7033572,206.1292,1,06,2.1,0.02183,2063
1910847,41.4905935,-91.7033572,206.1292,1,06,2.1,0.02183,2063
1911033,41.4905935,-91.7033572,206.1355,1,06,2.1,0.02183,2063
1911181,41.4905937,-91.7033569,206.1952,1,06,2.1,0.04788,2062
1911334,41.4905937,-91.7033570,206.1813,1,06,2.1,0.03589,2063
1911468,41.4905937,-91.7033570,206.1813,1,06,2.1,0.03589,2063
1911650,41.4905937,-91.7033570,206.1813,1,06,2.1,0.07678,2063
1911713,41.4905937,-91.7033570,206.1813,1,06,2.1,0.07678,2063
1911967,41.4905937,-91.7033569,206.1503,1,06,2.1,0.06238,2063
1912100,41.4905937,-91.7033569,206.1503,1,06,2.1,0.06238,2063
1912363,41.4905938,-91.7033570,206.1855,1,06,2.1,0.06238,2063
1912573,41.4905942,-91.7033575,206.1636,1,06,2.1,0.10913,2063
1912724,41.4905943,-91.7033576,206.1337,1,06,2.1,0.08432,2063
1912905,41.4905943,-91.7033576,206.1337,1,06,2.1,0.08432,2063
1913286,41.4905950,-91.7033575,206.1348,1,06,2.1,0.08960,2063
1913434,41.4905950,-91.7033575,206.1348,1,06,2.1,0.08960,2063
1913696,41.4905950,-91.7033576,206.1268,1,06,2.1,0.07796,2063
1913818,41.4905949,-91.7033575,206.1267,1,06,2.1,0.05376,2063
1913945,41.4905949,-91.7033575,206.1267,1,06,2.1,0.05376,2063
1914035,41.4905951,-91.7033575,206.1276,1,06,2.1,0.05376,2063
1914175,41.4905951,-91.7033575,206.1276,1,06,2.1,0.05376,2063
1914567,41.4905954,-91.7033571,206.1158,1,06,2.1,0.06205,2063
1914670,41.4905953,-91.7033572,206.1141,1,06,2.1,0.05527,2063
1914836,41.4905953,-91.7033572,206.1141,1,06,2.1,0.05527,2063
1914968,41.4905954,-91.7033572,206.1065,1,06,2.1,0.04738,2063
1915103,41.4905955,-91.7033572,206.1099,1,06,2.1,0.05651,2063
1915250,41.4905955,-91.7033572,206.1099,1,06,2.1,0.05651,2063
1915393,41.4905953,-91.7033570,206.1526,1,06,2.1,0.05389,2063
1915478,41.4905954,-91.7033570,206.1478,1,06,2.1,0.07799,2063
1915630,41.4905954,-91.7033570,206.1478,1,06,2.1,0.07799,2063
1915879,41.4905955,-91.7033571,206.1492,1,06,2.1,0.16780,2063
1916032,41.4905955,-91.7033571,206.1492,1,06,2.1,0.16780,2063
1916311,41.4905964,-91.7033572,206.0384,1,06,2.1,0.19152,2063
1916665,41.4905963,-91.7033572,206.0043,1,06,2.1,0.17939,2063
1916805,41.4905963,-91.7033572,206.0043,1,06,2.1,0.17939,2063
1916983,41.4905963,-91.7033572,206.0271,1,06,2.1,0.13528,2063
1917107,41.4905964,-91.7033573,206.0143,1,06,2.1,0.11488,2063
1917254,41.4905964,-91.7033573,206.0143,1,06,2.1,0.11488,2063
1917366,41.4905975,-91.7033571,205.9141,1,06,2.1,0.11725,2063
1917470,41.4905974,-91.7033572,205.9108,1,06,2.1,0.11011,2063
1917618,41.4905974,-91.7033572,205.9108,1,06,2.1,0.11011,2063
1917776,41.4905975,-91.7033572,205.9171,1,06,2.1,0.05302,2063
1917875,41.4905974,-91.7033571,205.9248,1,06,2.1,0.01085,2063
1918030,41.4905974,-91.7033571,205.9248,1,06,2.1,0.01085,2063
1918412,41.4905988,-91.7033571,205.8949,1,06,2.1,0.07367,2063
1918585,41.4905988,-91.7033571,205.8949,1,06,2.1,0.07367,2063
1918974,41.4905986,-91.7033571,205.9156,1,06,2.1,0.16116,2063
1919086,41.4905987,-91.7033571,205.8838,1,06,2.1,0.06029,2063
1919348,41.4905987,-91.7033571,205.8838,1,06,2.1,0.06029,2063
1919797,41.4905987,-91.7033571,205.8838,1,06,2.1,0.06029,2063
1919994,41.4905994,-91.7033569,205.904372,1,06,2.1,0.10303,2063
1920071,41.4905994,-91.7033569,205.9133,1,06,2.1,0.10303,2063
1920191,41.4905993,-91.7033570,205.8889,1,06,2.1,2.381,2063
1920272,41.4905993,-91.7033570,205.8889,1,06,2.1,2.381,2063
1920473,41.4905999,-91.7033567,205.9567,1,06,2.1,2.381,2063
1920642,41.4905999,-91.7033567,205.9567,1,06,2.1,2.381,2063
1920795,41.4905999,-91.7033567,205.9533,1,06,2.1,2.381,2063
1920882,41.4905998,-91.7033567,205.9677,1,06,2.1,0.10842,2063
1921039,41.4905998,-91.7033567,205.9677,1,06,2.1,0.10842,2063
1921191,41.4905996,-91.7033569,206.0059,1,06,2.1,0.11785,2063
1921417,41.4905997,-91.7033570,205.9689,1,06,2.1,0.10460,2063
1921594,41.4905997,-91.7033570,205.9689,1,06,2.1,0.10460,2063
1921854,41.4905996,-91.7033569,T,1,GNV,101.2,0.10460,2063
1922001,41.4905996,-91.7033569,206.0125,1,06,2.1,0.10460,2063
1922212,41.4905996,-91.7033569,206.0125,1,06,2.1,0.10460,2063
1922470,41.4905996,-91.7033569,205.9800,1,06,2.1,0.10460,2063
1922636,41.4905996,-91.7033569,205.9800,1,06,2.1,0.10460,2063
1922868,41.4905998,-91.7033569,206.1120,1,06,2.1,0.08710,2063
1923000,41.4905998,-91.7033569,206.1120,1,06,2.1,0.08710,2063
1923246,41.4905999,-91.7033569,206.0705,1,06,2.1,0.07925,2063
1923398,41.4905999,-91.7033569,206.0705,1,06,2.1,0.07925,2063
1923569,41.4906004,-91.7033569,206.0809,1,06,2.1,0.09937,2063
1923671,41.4906005,-91.7033569,206.0474,1,06,2.1,0.12909,2063
1923813,41.4906005,-91.7033569,206.0474,1,06,2.1,0.12909,2063
1923934,41.4906005,-91.7033568,206.0807,1,06,2.1,0.13364,2063
1924082,41.4906004,-91.7033568,206.0709,1,06,2.1,0.08487,2063
1924205,41.4906004,-91.7033568,206.0709,1,06,2.1,0.08487,2063
1924424,41.4906012,-91.7033569,206.0424,1,06,2.1,0.08487,2063
1924585,41.4906012,-91.7033569,206.0424,1,06,2.1,0.08487,2063
1924675,41.4906011,-91.7033569,206.0469,1,06,2.1,0.08487,2063
1925036,41.4906012,-91.7033568,206.0441,1,06,2.1,0.08487,2063
1925201,41.4906012,-91.7033568,206.0441,1,06,2.1,0.08487,2063
1925265,41.4906012,-91.7033568,206.0083,1,06,2.1,0.08487,2063
1925361,41.4906017,-91.7033564,206.0832,1,06,2.1,0.022158,2063
1925428,41.4906017,-91.7033564,206.0832,1,06,2.1,0.022158,2063
1925572,41.4906016,-91.7033564,206.0797,1,06,2.1,0.022158,2063
1925818,41.4906017,-91.7033564,206.0689,1,06,2.1,0.02,2063
1925977,41.4906017,-91.7033564,206.0689,1,06,2.1,0.02,2063
1926362,41.4906016,-91.7033563,206.0868,1,23,0.6,0.02,2063
1926466,41.4906016,-91.7033563,206.0868,1,23,0.6,0.02,2063
1926793,41.4906015,-91.7033563,206.1233,1,21,0.6,0.12047,2063
1926879,41.4906016,-91.7033563,206.0964,1,21,0.6,0.06198,2063
1927026,41.4906016,-91.7033563,206.0964,1,21,0.6,0.06198,2063
1927324,41.4906031,-91.7033560,206.0519,1,05,2.3,0.02068,2063
1927480,41.4906030,-91.7033561,206.0342,1,05,2.3,0.02391,2063
1927630,41.4906030,-91.7033561,206.0342,1,05,2.3,0.02391,2063
1927908,41.4906032,-91.7033560,206.0694,1,05,2.3,0.06167,2063
1928281,41.4906032,-91.7033555,206.0766,1,06,2.1,0.10296,2063
1928418,41.4906032,-91.7033555,206.0766,1,06,2.1,0.10296,2063
1928562,41.4906032,-91.7033555,206.0840,1,06,2.1,0.12314,2063
1928720,41.4906033,-91.7033554,206.1038,1,06,2.1,0.14221,2063
1928869,41.4906033,-91.7033554,206.1038,1,06,2.1,0.14221,2063
1929074,41.4906033,-91.7033555,206.0857,1,06,2.1,0.14221,2063
1929199,41.4906034,-91.7033556,M,1,06,2.240,0.1667620,2063
1929274,41.4906034,-91.7033556,M,1,06,2.240,0.1667620,2063
1929472,41.4906038,-91.7033551,206.1174,1,06,2.1,0.1667620,2063
1929632,41.4906038,-91.7033551,206.1174,1,06,2.1,0.1667620,2063
1929718,41.4906038,-91.7033551,206.1174,1,06,2.1,0.1667620,2063
1929796,41.4906036,-91.7033550,206.1226,1,06,2.1,0.1667620,2063
1929982,41.4906036,-91.7033551,206.1367,1,06,2.1,0.13782,2063
1930149,41.4906036,-91.7033551,206.1367,1,06,2.1,0.13782,2063
1930390,41.4906036,-91.7033550,206.1207,1,06,2.1,0.13782,2063
1930654,41.4906038,-91.7033555,206.1208,1,06,2.1,0.1319,2063
1930809,41.4906038,-91.7033555,206.1208,1,06,2.1,0.1319,2063
1931154,41.4906038,-91.7036689,206.1225,1,06,2.1,0.10720,2063
1931317,41.4906038,-91.7033554,206.0979,1,06,2.1,0.13409,2063
1931389,41.4906037,-91.7033554,206.1229,1,06,2.1,0.108761,2063
1931479,41.4906037,-91.7033554,206.0716,1,06,2.1,0.08931,2063
1931628,41.4906037,-91.7033554,206.0716,1,06,2.1,0.08931,2063
1931766,41.4906037,-91.7033553,206.1281,1,06,2.1,0.08762,2063
1931874,41.4906036,-91.7033554,206.1200,1,06,2.1,0.03240,2063
1932035,41.4906036,-91.7033554,206.1200,1,06,2.1,0.03240,2063
1932170,41.4906038,-91.7033555,206.1106,1,06,2.1,0.04211,2063
1932278,41.4906037,-91.7033555,206.1290,1,06,2.1,0.10109,2063
1932434,41.4906037,-91.7033555,206.1290,1,06,2.1,0.10109,2063
1932575,41.4906038,-91.7033555,206.1075,1,06,2.1,0.09711,2063
1932680,41.4906036,-91.7033554,206.1385,1,06,2.1,0.09942,2063
1932842,41.4906036,-91.7033554,206.1385,1,06,2.1,0.09942,2063
1933106,41.4906036,-91.7033554,206.1465,1,06,2.1,0.10565,2063
1933297,41.4906037,-91.7033554,206.1258,1,06,2.1,0.13421,2063
1933377,41.4906037,-91.7033554,206.1258,1,06,2.1,0.13421,2063
1933449,41.4906037,-91.7033554,206.1258,1,06,2.1,0.13421,2063
1933528,41.4906040,-91.7033554,206.1409,1,06,2.1,0.13421,2063
1933651,41.4906040,-91.7033554,206.1409,1,06,2.1,0.14213,2063
1933893,41.4906040,-91.7033554,206.1409,1,06,2.1,0.14767,2063
1933958,41.4906039,-91.7033554,206.1194,1,06,2.1,0.14154,2063
1934024,41.4906040,-91.7033555,206.1023,1,06,2.1,0.14154,2063
1934197,41.4906039,-91.7033554,206.1100,1,06,2.1,0.14074,2063
1934262,41.4906039,-91.7033554,206.1100,1,06,2.1,0.14074,2063
1934407,41.4906039,-91.7033556,206.1316,1,06,2.1,0.14074,2063
1934475,41.4906039,-91.7033556,206.1316,1,06,2.1,0.14074,2063
1934677,41.4906038,-91.7033555,206.1239,1,06,2.1,0.14074,2063
1934833,41.4906038,-91.7033555,206.1239,1,06,2.1,0.14074,2063
1934916,41.4906038,-91.7033555,206.1239,1,06,2.1,0.14074,2063
1935404,41.4906039,-91.7033556,206.1301,1,05,2.3,0.15345,2063
1935515,41.4906039,-91.7033556,206.1301,1,05,2.3,0.15345,2063
1935636,41.4906037,-91.7033559,206.1337,1,05,2.3,0.15673,2063
1935762,41.4906037,-91.7033559,206.1337,1,05,2.3,0.08539,2063
1935869,41.4906037,-91.7033559,206.0955,1,05,2.3,0.14341,2063
1936006,41.4906037,-91.7033559,206.0955,1,05,2.3,0.14341,2063
1936262,41.4906037,-91.7033559,206.1065,1,05,2.3,0.23473,2063
1936414,41.4906037,-91.7033559,206.1065,1,05,2.3,0.23473,2063
1936569,41.4906043,-91.7033569,205.9902,1,05,2.3,0.19250,2063
1936675,41.4906043,-91.7033570,205.9710,1,05,2.3,0.26232,2063
1936823,41.4906043,-91.7033570,205.9710,1,05,2.3,0.26232,2063
1937083,41.4906045,-91.7033570,205.9807,1,05,2.3,0.30859,2063
1937237,41.4906045,-91.7033570,205.9807,1,05,2.3,0.30859,2063
1937476,41.4906048,-91.7033577,205.9721,1,05,2.3,0.11234,2063
1937628,41.4906048,-91.7033577,205.9721,1,05,2.3,0.11234,2063
1937777,41.4906048,-91.7033576,205.9919,1,05,2.3,0.07721,2063
1937995,41.4906048,-91.7033577,205.9718,1,05,2.3,0.03895,2063
1938158,41.4906048,-91.7033577,205.9718,1,05,2.3,0.03895,2063
1938368,41.4906051,-91.7033584,205.9054,1,06,2.0,0.05727,2063
1938466,41.4906051,-91.7033584,205.9123,1,06,2.0,0.07867,2063
1938608,41.4906051,-91.7033584,205.9123,1,06,2.0,0.07867,2063
1938765,41.4906051,-91.7033584,205.9275,1,06,2.0,0.08420,2063
1938869,41.4906053,-91.7033583,205.9645,1,06,2.0,0.04272,2063
1939020,41.4906053,-91.7033583,205.9645,1,06,2.0,0.04272,2063
1939189,41.4906040,-91.7033587,205.9210,1,06,2.0,0.10901,2063
1939338,41.4906041,-91.7033587,205.9411,1,06,2.0,0.07229,2063
1939493,41.4906041,-91.7033587,205.9411,1,06,2.0,0.07229,2063
1939776,41.4906041,-91.7033587,205.9411,1,06,2.0,0.09927,2063
1939848,41.4906041,-91.7033587,205.9502,1,05,2.3,0.09927,2063
1939976,41.4906041,-91.7033587,205.9502,1,05,2.3,0.03818,2063
1940084,41.4906042,-91.7033587,205.9705,1,05,2.3,0.02014,2063
1940240,41.4906042,-91.7033587,205.9705,1,05,2.3,0.02014,2063
1940493,41.4906042,-91.7033588,205.9652,1,06,2.1,0.00838,2063
1940616,41.4906041,-91.7033587,205.9684,1,06,2.1,0.03188,2063
1940840,41.4906041,-91.7033587,205.9684,1,06,2.1,0.03188,2063
1940916,41.4906041,-91.7033587,205.9536,1,05,2.3,0.03188,2063
1941049,41.4906041,-91.7033587,205.9536,1,05,2.3,0.03188,2063
1941206,41.4906041,-91.7033587,205.9536,1,05,2.3,0.04671,2063
1941367,41.4905998,-91.7033583,206.3066,1,06,2.1,0.04671,2063
1941562,41.4906000,-91.7033583,206.2944,1,06,2.1,0.04609,2063
1941639,41.4905999,-91.7033583,206.2880,1,06,2.1,0.06384,2063
1941773,41.4905999,-91.7033583,206.2880,1,06,2.1,0.04595,2063
1941875,41.4906000,-91.7033584,206.2944,1,06,2.1,0.05230,2063
1942039,41.4906000,-91.7033584,206.2944,1,06,2.1,0.05230,2063
1942184,41.4905989,-91.7033581,206.2803,1,06,2.1,0.06588,2063
1942281,41.4905988,-91.7033580,206.2930,1,06,2.1,0.05268,2063
1942441,41.4905988,-91.7033580,206.2930,1,06,2.1,0.05268,2063
1942580,41.4905989,-91.7033581,206.3035,1,06,2.1,0.05883,2063
1942799,41.4905989,-91.7033581,206.3112,1,06,2.1,0.06528,2063
1942945,41.4905989,-91.7033581,206.3112,1,06,2.1,0.06528,2063
1943165,41.4905976,-91.7033571,206.3005,1,05,2.3,0.07853,2063
1943267,41.4905976,-91.7033571,206.3175,1,05,2.3,0.06853,2063
1943414,41.4905976,-91.7033571,206.3175,1,05,2.3,0.06853,2063
1943670,41.4905976,-91.7033571,206.3340,1,05,2.3,0.06561,2063
1943818,41.4905976,-91.7033571,206.3340,1,05,2.3,0.06561,2063
1944290,41.4905977,-91.7033571,206.3253,1,05,2.3,0.08402,2063
1944396,41.4905965,-91.7033560,206.3389,1,05,2.3,0.09517,2063
1944525,41.4905965,-91.7033561,206.3111,1,05,2.3,0.09517,2063
1944654,41.4905965,-91.7033561,206.3111,1,05,2.3,0.09517,2063
1944851,41.4905965,-91.7033561,206.3111,1,05,2.3,0.08604,2063
1944911,41.4905965,-91.7033561,206.3111,1,05,2.3,0.08604,2063
1944988,41.4905964,-91.7033561,206.2976,1,05,2.3,0.09164,2063
1945098,41.4905964,-91.7033560,206.3330,1,05,2.3,0.10610,2063
1945242,41.4905964,-91.7033560,206.3330,1,05,2.3,0.10610,2063
1945496,41.4905960,-91.7033554,206.2830,1,05,2.3,0.10610,2063
1945617,41.4905960,-91.7033555,206.2795,1,05,2.3,0.13917,2063
1945677,41.4905960,-91.7033555,206.2795,1,05,2.3,0.13917,2063
1945848,41.4905961,-91.7033555,206.2708,1,05,2.3,0.13917,2063
1945996,41.4905961,-91.7033555,206.2708,1,05,2.3,0.13917,2063
1946077,41.4905961,-91.7033555,206.2677,1,05,2.3,0.14555,2063
1946184,41.4905961,-91.7033555,206.2677,1,05,2.3,0.14555,2063
1946308,41.4905955,-91.7033547,206.3005,1,05,2.3,0.14555,2063
1946362,41.4905955,-91.7033547,206.3005,1,05,2.3,0.14555,2063
1946424,41.4905954,-91.7033547,206.2816,1,05,2.3,0.14555,2063
1946623,41.4905954,-91.7033547,206.2816,1,05,2.3,0.17134,2063
1946833,41.4905955,-91.7033547,206.3085,1,05,2.3,0.17134,2063
1946975,41.4905954,-91.7033548,206.2672,1,05,2.3,0.17134,2063
1947224,41.4905955,-91.7033547,206.2904,1,05,2.3,0.12822,2063
1947387,41.4905955,-91.7033547,206.2904,1,05,2.3,0.12822,2063
1947682,41.4905939,-91.7033545,206.3204,1,05,2.3,0.05052,2063
1947952,41.4905939,-91.7033545,206.3204,1,05,2.3,0.05052,2063
1948148,41.4905940,-91.7033546,206.2907,1,05,2.3,0.06811,2063
1948287,41.4905940,-91.7033546,206.2907,1,05,2.3,0.06811,2063
1948469,41.4905939,-91.7033546,206.2965,1,05,2.3,0.08568,2063
1948603,41.4905939,-91.7033546,206.2965,1,05,2.3,0.08568,2063
1948813,41.4905940,-91.7033545,206.3179,1,05,2.3,0.08609,2063
1948880,41.4905940,-91.7033545,206.3179,1,05,2.3,0.08609,2063
1949077,41.4905939,-91.7033546,206.3093,1,05,2.3,0.08609,2063
1949249,41.4905939,-91.7033546,206.3093,1,05,2.3,0.08609,2063
1949440,41.4905940,-91.7033546,206.2962,1,05,2.3,0.08609,2063
1949592,41.4905940,-91.7033546,206.2962,1,05,2.3,0.08609,2063
1949807,41.4905940,-91.7033546,206.2962,1,05,2.3,0.09158,2063
1950032,41.4905918,-91.7033538,206.3220,1,06,2.0,0.11561,2063
1950189,41.4905918,-91.7033538,206.3220,1,06,2.0,0.11561,2063
1950263,41.4905918,-91.7033538,206.3220,1,06,2.0,0.11561,2063
1950471,41.4905913,-91.7033537,206.3652,1,06,2.0,0.11561,2063
1950746,41.4905913,-91.7033537,206.3652,1,06,2.0,0.11561,2063
1950846,41.4905913,-91.7033537,206.3652,1,06,2.0,0.11561,2063
1950965,41.4905913,-91.7033537,206.3652,1,06,2.0,0.08719,2063
1951072,41.4905913,-91.7033539,206.3109,1,06,2.0,0.08851,2063
1951189,41.4905913,-91.7033539,206.3109,1,06,2.0,0.08851,2063
1951277,41.4905901,-91.7033536,206.2884,1,05,2.3,0.08851,2063
1951424,41.4905901,-91.7033536,206.2884,1,05,2.3,0.08851,2063
1951685,41.4905901,-91.7033536,206.2884,1,05,2.3,0.10451,2063
1951799,41.4905901,-91.7033537,206.2766,1,05,2.3,0.08136,2063
1951878,41.4905901,-91.7033537,206.2766,1,05,2.3,0.08136,2063
1952075,41.4905903,-91.7033536,206.3208,1,05,2.3,0.08136,2063
1952238,41.4905903,-91.7033536,206.3208,1,05,2.3,0.08136,2063
1952445,41.4905903,-91.7033536,206.3208,1,05,2.3,0.08136,2063
1952574,41.4905903,-91.7033536,206.3208,1,05,2.3,0.05272,2063
1952677,41.4905898,-91.7033532,206.0591,1,05,2.3,0.08607,2063
1952832,41.4905898,-91.7033532,206.0591,1,05,2.3,0.08607,2063
1953548,41.4905892,-91.7033526,205.8547,1,06,2.1,0.07972,2063
1953738,41.4905892,-91.7033526,205.8547,1,06,2.1,0.07972,2063
1954073,41.4905891,-91.7033525,205.8577,1,05,2.3,0.12046,2063
1954196,41.4905891,-91.7033525,205.8577,1,05,2.3,0.12046,2063
1954284,41.4905890,-91.7033529,205.5533,1,05,2.3,0.12046,2063
1954437,41.4905890,-91.7033529,205.5533,1,05,2.3,0.12046,2063
1954567,41.4905891,-91.7033529,205.6003,1,05,2.3,0.07108,2063
1954670,41.4905890,-91.7033529,205.5831,1,05,2.3,0.02597,2063
1954822,41.4905890,-91.7033529,205.5831,1,05,2.3,0.02597,2063
1954978,41.4905891,-91.7033529,205.5875,1,05,2.3,0.03521,2063
1955163,41.4905891,-91.7033529,205.5786,1,05,2.3,0.07273,2063
1955304,41.4905891,-91.7033529,205.5786,1,05,2.3,0.07273,2063
1955373,41.4905892,-91.7033533,205.4281,1,05,2.3,0.07273,2063
1955437,41.4905893,-91.7033533,205.4392,1,05,2.3,0.0585,2063
1955577,41.4905893,-91.7033533,205.4392,1,05,2.3,0.07370,2063
1955680,41.4905892,-91.7033532,205.4225,1,05,2.3,0.12161,2063
1955934,41.4905892,-91.7033532,205.4225,1,05,2.3,0.12161,2063
1956178,41.4905895,-91.7033536,205.2526,1,06,2.0,0.14581,2063
1956265,41.4905895,-91.7033535,205.2797,1,06,2.0,0.07843,2063
1956394,41.4905895,-91.7033535,205.2797,1,06,2.0,0.07843,2063
1956607,41.4905894,-91.7033536,205.2474,1,06,2.0,0.07845,2063
1956672,41.4905894,-91.7033536,205.2474,1,06,2.0,0.07845,2063
1956862,41.4905895,-91.7033536,205.2759,1,06,2.0,0.07845,2063
1957029,41.4905895,-91.7033536,205.2759,1,06,2.0,0.07845,2063
1957248,41.4905894,-91.7033536,205.2450,1,06,2.0,0.07845,2063
1957407,41.4905894,-91.7033536,205.2450,1,06,2.0,0.07845,2063
1957484,41.4905901,-91.7033542,205.0995,1,05,2.3,0.07723,2063
1957624,41.4905901,-91.7033542,205.0995,1,05,2.3,0.07723,2063
1957774,41.4905900,-91.7033543,205.0502,1,05,2.3,0.23218,2063
1957878,41.4905902,-91.7033544,205.0365,1,05,2.3,0.14753,2063
1958029,41.4905902,-91.7033544,205.0365,1,05,2.3,0.14753,2063
1958310,41.4905895,-91.7033551,205.1070,1,05,2.3,0.13415,2063
1958488,41.4905895,-91.7033551,205.1070,1,05,2.3,0.13415,2063
1958576,41.4905895,-91.7033550,205.1391,1,05,2.3,0.13415,2063
1958730,41.4905894,-91.7033551,205.0858,1,05,2.3,0.19683,2063
1958866,41.4905894,-91.7033551,205.0858,1,05,2.3,0.19683,2063
1959064,41.4905894,-91.7033551,205.0858,1,05,2.3,0.13263,2063
1959248,41.4905894,-91.7033551,205.0912,1,05,2.3,0.13263,2063
1959388,41.4905894,-91.7033551,205.0912,1,05,2.3,0.13263,2063
1959541,41.4905894,-91.7033560,205.0792,1,05,2.3,0.15127,2063
1959689,41.4905894,-91.7033560,205.0792,1,05,2.3,0.15127,2063
1959880,41.4905895,-91.7033561,205.1088,1,05,2.3,0.12310,2063
1960081,41.4905895,-91.7033560,205.1066,1,05,2.3,0.12310,2063
1960234,41.4905895,-91.7033560,205.1066,1,05,2.3,0.12310,2063
1960421,41.4905895,-91.7033560,205.1066,1,05,2.3,0.12310,2063
1960736,41.4905895,-91.7033560,205.1066,1,05,2.3,0.12310,2063
1960887,41.4905887,-91.7033566,205.1004,1,05,2.3,0.12310,2063
1961021,41.4905886,-91.7033566,205.0578,1,05,2.3,0.07689,2063
1961372,41.4905886,-91.7033566,205.0578,1,05,2.3,0.07689,2063
1961467,41.4905886,-91.7033565,205.1020,1,05,2.3,0.07689,2063
1961568,41.4905886,-91.7033565,205.1020,1,05,2.3,0.07689,2063
1961632,41.4905880,-91.7033570,205.1069,1,05,2.3,0.07689,2063
1961783,41.4905880,-91.7033570,205.1132,1,05,2.3,0.07155,2063
1961906,41.4905881,-91.7033571,205.1266,1,05,2.3,0.06372,2063
1961969,41.4905881,-91.7033571,205.1266,1,05,2.3,0.06372,2063
1962048,41.4905880,-91.7033570,205.1211,1,05,2.3,0.06372,2063
1962322,41.4905883,-91.7033568,205.1704,1,06,2.1,0.04187,2063
1962475,41.4905883,-91.7033568,205.1704,1,06,2.1,0.04187,2063
1962704,41.4905883,-91.7033569,205.1400,1,06,2.1,0.04187,2063
1962879,41.4905882,-91.7033568,205.1724,1,05,2.3,0.04062,2063
1963040,41.4905882,-91.7033568,205.1724,1,05,2.3,0.04062,2063
1963680,41.4905881,-91.7033570,205.1627,1,05,2.3,0.05459,2063
1963835,41.4905881,-91.7033570,205.1627,1,05,2.3,0.05459,2063
1964085,41.4905880,-91.7033569,205.1842,1,05,2.3,0.04928,2063
1964362,41.4905880,-91.7033569,205.1842,1,05,2.3,0.04928,2063
1964562,41.4905883,-91.7033567,205.1537,1,05,2.3,0.06893,2063
1964667,41.4905885,-91.7033568,205.1753,1,05,2.3,0.08187,2063
1964809,41.4905885,-91.7033568,205.1753,1,05,2.3,0.08187,2063
1965012,41.4905885,-91.7033568,205.1753,1,05,2.3,0.10474,2063
1965273,41.4905884,-91.7033564,205.1560,1,05,2.3,0.10474,2063
1965418,41.4905884,-91.7033564,205.1560,1,05,2.3,0.10474,2063
1965673,41.4905884,-91.7033564,205.1560,1,05,2.3,0.08989,2063
1965790,41.4905885,-91.7033564,205.1671,1,05,2.3,0.11326,2063
1965876,41.4905885,-91.7033564,205.1671,1,05,2.3,0.11326,2063
1966125,41.4905884,-91.7033563,205.1864,1,05,2.3,0.11326,2063
1966327,41.4905884,-91.7033563,205.1864,1,05,2.3,0.11326,2063
1966616,41.4905884,-91.7033563,205.1864,1,05,2.3,0.11326,2063
1967071,41.4905884,-91.7033563,205.1864,1,05,2.3,0.15804,2063
1967261,41.4905884,-91.7033563,205.1864,1,05,2.3,0.16078,2063
1967465,41.4905890,-91.7033556,205.1933,1,05,2.3,0.16078,2063
1967728,41.4905890,-91.7033556,205.1933,1,05,2.3,0.16078,2063
1968069,41.4905890,-91.7033556,205.1933,1,05,2.3,0.16078,2063
1968245,41.4905890,-91.7033556,205.1933,1,05,2.3,0.25071,2063
1968364,41.4905890,-91.7033556,205.1933,1,05,2.3,0.25295,2063
1968469,41.4905888,-91.7033557,205.1900,1,05,2.3,0.22548,2063
1968602,41.4905888,-91.7033557,205.1900,1,05,2.3,0.22548,2063
1968805,41.4905890,-91.7033557,205.1986,1,05,2.3,0.19280,2063
1968874,41.4905890,-91.7033557,205.1986,1,05,2.3,0.19280,2063
1969082,41.4905889,-91.7033557,205.1735,1,05,2.3,0.19280,2063
1969231,41.4905889,-91.7033557,205.1735,1,05,2.3,0.19280,2063
1969458,41.4905888,-91.7033557,205.1857,1,05,2.3,0.19280,2063
1969606,41.4905888,-91.7033557,205.1857,1,05,2.3,0.19280,2063
1969879,41.4905889,-91.7033556,205.1567,1,05,2.3,0.06723,2063
1970047,41.4905889,-91.7033556,205.1567,1,05,2.3,0.06723,2063
1970482,41.4905881,-91.7033556,205.2205,1,05,2.3,0.00493,2063
1970645,41.4905881,-91.7033556,205.2205,1,05,2.3,0.00493,2063
1970895,41.4905882,-91.7033555,205.2460,1,05,2.3,0.00829,2063
1971012,41.4905883,-91.7033555,205.2443,1,05,2.3,0.04098,2063
1971161,41.4905883,-91.7033555,205.2443,1,05,2.3,0.04098,2063
1971267,41.4905881,-91.7033555,205.2583,1,05,2.3,0.04098,2063
1971420,41.4905881,-91.7033555,205.2583,1,05,2.3,0.04098,2063
1971521,41.4905876,-91.7033557,205.1824,1,05,2.3,0.04098,2063
1971605,41.4905877,-91.7033556,205.2065,1,05,2.3,0.03023,2063
1971680,41.4905877,-91.7033557,205.2036,1,05,2.3,0.03023,2063
1971824,41.4905877,-91.7033557,205.2036,1,05,2.3,0.03023,2063
1971971,41.4905876,-91.7033557,205.2180,1,05,2.3,0.06357,2063
1972082,41.4905877,-91.7033556,205.2168,1,05,2.3,0.06293,2063
1972207,41.4905877,-91.7033556,205.2168,1,05,2.3,0.06293,2063
1972292,41.4905874,-91.7033556,205.2365,1,05,2.3,0.06293,2063
1972447,41.4905874,-91.7033556,205.2365,1,05,2.3,0.06293,2063
1972576,41.4905875,-91.7033555,205.2529,1,05,2.3,0.08214,2063
1972680,41.4905873,-91.7033554,205.2647,1,05,2.3,0.07118,2063
1972957,41.4905873,-91.7033554,205.2647,1,05,2.3,0.07118,2063
1973199,41.4905874,-91.7033555,205.2623,1,05,2.3,0.04660,2063
1973256,41.4905874,-91.7033555,205.2623,1,05,2.3,0.04660,2063
1973444,41.4905873,-91.7033551,205.2303,1,05,2.3,0.04660,2063
1973596,41.4905873,-91.7033551,205.2303,1,05,2.3,0.04660,2063
1973814,41.4905873,-91.7033550,205.2285,1,05,2.3,0.03200,2063
1973970,41.4905873,-91.7033550,205.2285,1,05,2.3,0.03200,2063
1974371,41.4905871,-91.7033547,205.2183,1,05,2.3,0.04214,2063
1974474,41.4905872,-91.7033548,205.1701,1,05,2.3,0.01079,2063
1974626,41.4905872,-91.7033548,205.1701,1,05,2.3,0.01079,2063
1974773,41.4905872,-91.7033548,205.1887,1,05,2.3,0.01801,2063
1974877,41.4905873,-91.7033549,205.1656,1,05,2.3,0.08150,2063
1975039,41.4905873,-91.7033549,205.1656,1,05,2.3,0.08150,2063
1975281,41.4905872,-91.7033542,205.2774,1,05,2.3,0.09871,2063
1975439,41.4905872,-91.7033542,205.2774,1,05,2.3,0.09871,2063
1975581,41.4905871,-91.7033542,205.2769,1,05,2.3,0.10518,2063
1975870,41.4905873,-91.7033542,205.2654,1,05,2.3,0.07823,2063
1976054,41.4905873,-91.7033542,205.2654,1,05,2.3,0.07823,2063
1976186,41.4905873,-91.7033543,205.2432,1,05,2.3,0.07823,2063
1976278,41.4905866,-91.7033537,205.3093,1,05,2.3,0.0475716,2063
1976428,41.4905866,-91.7033537,205.3093,1,05,2.3,0.0475716,2063
1976708,41.4905868,-91.7033537,205.3096,1,05,2.3,0.09622,2063
1976864,41.4905868,-91.7033537,205.3096,1,05,2.3,0.09622,2063
1977156,41.4905866,-91.7033537,205.2875,1,05,2.3,0.09622,2063
1977425,41.4905867,-91.7033537,205.3139,1,05,2.3,0.15398,2063
1977577,41.4905859,-91.7033535,205.2792,1,05,2.3,0.15977,2063
1977655,41.4905859,-91.7033533,205.2881,1,05,2.3,0.15977,2063
1977778,41.4905858,-91.7033534,205.2722,1,05,2.3,0.18045,2063
1977861,41.4905858,-91.7033534,205.2722,1,05,2.3,0.18045,2063
1978028,41.4905858,-91.7033533,205.2940,1,05,2.3,0.13279,2063
1978169,41.4905858,-91.7033533,205.2940,1,05,2.3,0.13279,2063
1978367,41.4905859,-91.7033534,205.2554,1,05,2.3,0.13279,2063
1978560,41.4905847,-91.7033531,205.3243,1,05,2.3,0.11697,2063
1978826,41.4905847,-91.7033531,205.3200,1,05,2.3,0.21426,2063
1978967,41.4905847,-91.7033531,205.3200,1,05,2.3,0.21426,2063
1979294,41.4905847,-91.7033530,205.3275,1,05,2.3,0.21426,2063
1979372,41.4905840,-91.7033534,205.2586,1,05,2.3,0.18156,2063
1979483,41.4905839,-91.7033533,205.2948,1,05,2.3,0.16395,2063
1979617,41.4905839,-91.7033533,205.2948,1,05,2.3,0.16395,2063
1979771,41.4905840,-91.7033534,205.3056,1,05,2.3,0.16502,2063
1979874,41.4905838,-91.7033534,205.1963,1,05,2.3,0.24238,2063
1980022,41.4905838,-91.7033534,205.1963,1,05,2.3,0.24238,2063
1980218,41.4905839,-91.7033535,205.2584,1,05,2.3,0.25953,2063
1980367,41.4905838,-91.7033529,205.3870,1,05,2.3,0.25953,2063
1980561,41.4905839,-91.7033531,205.3686,1,05,2.3,0.24745,2063
1980631,41.4905839,-91.7033531,205.3470,1,05,2.3,0.244243.,2063
1980779,41.4905839,-91.7033530,205.3772,1,05,2.3,0.21159,2063
1980893,41.4905839,-91.7033531,205.3817,1,05,2.3,0.19407,2063
1981178,41.4905839,-91.7033531,205.3817,1,05,2.3,0.19407,2063
1981376,41.4905839,-91.7033531,205.3817,1,05,2.3,0.18997,2063
1981428,41.4905831,-91.7033529,205.3742,1,05,2.3,0.18997,2063
1981581,41.4905832,-91.7033529,205.3793,1,05,2.3,0.17471,2063
1981671,41.4905833,-91.7033529,205.3496,1,05,2.3,0.16004,2063
1981814,41.4905833,-91.7033529,205.3496,1,05,2.3,0.16004,2063
1982003,41.4905832,-91.7033529,205.3310,1,05,2.3,0.12726,2063
1982226,41.4905832,-91.7033529,205.3628,1,05,2.3,0.12726,2063
1982389,41.4905832,-91.7033529,205.3628,1,05,2.3,0.12726,2063
1982579,41.4905835,-91.7033522,205.3836,1,05,2.3,0.12726,2063
1982677,41.4905835,-91.7033521,205.4013,1,05,2.3,0.12286,2063
1982826,41.4905835,-91.7033521,205.4013,1,05,2.3,0.12286,2063
1983116,41.4905833,-91.7033521,205.3813,1,05,2.3,0.13062,2063
1983269,41.4905833,-91.7033521,205.3813,1,05,2.3,0.13062,2063
1983619,41.4905828,-91.7033521,205.3460,1,05,2.3,0.13522,2063
1983791,41.4905828,-91.7033521,205.3460,1,05,2.3,0.13522,2063
1984331,41.4905827,-91.7033520,205.3753,1,05,2.3,0.23113,2063
1984515,41.4905827,-91.7033520,205.3753,1,05,2.3,0.23113,2063
1984997,41.4905824,-91.7033519,205.3512,1,05,2.3,0.20476,2063
1985120,41.4905824,-91.7033519,205.3512,1,05,2.3,0.20476,2063
1985329,41.4905824,-91.7033519,205.3512,1,05,2.3,0.20476,2063
1985473,41.4905822,-91.7033517,205.3692,1,06,2.0,0.19951,2063
1985619,41.4905822,-91.7033517,205.3692,1,06,2.0,0.19951,2063
1985955,41.4905822,-91.7033517,205.3557,1,06,2.0,0.15419,2063
1986120,41.4905822,-91.7033517,205.3557,1,06,2.0,0.15419,2063
1986320,41.4905821,-91.7033517,205.3191,1,06,2.0,0.15419,2063
1986479,41.4905812,-91.7033517,205.3139,1,06,2.0,0.21669,2063
1986633,41.4905812,-91.7033517,205.3139,1,06,2.0,0.21669,2063
1986779,41.4905813,-91.7033516,205.3119,1,05,2.3,0.22682,2063
1986877,41.4905811,-91.7033517,205.3052,1,05,2.3,0.29912,2063
1987044,41.4905811,-91.7033517,205.3052,1,05,2.3,0.29912,2063
1987484,41.4905813,-91.7033502,205.1966,1,05,2.3,0.26795,2063
1987763,41.4905813,-91.7033502,205.1966,1,05,2.3,0.26795,2063
1987993,41.4905813,-91.7033502,205.1966,1,05,2.3,0.20783,2063
1988225,41.4905813,-91.7033501,205.1854,1,05,2.3,0.20783,2063
1988390,41.4905813,-91.7033501,205.1854,1,05,2.3,0.20783,2063
1988641,41.4905809,-91.7033487,205.1291,1,06,2.0,0.20783,2063
1988869,41.4905809,-91.7033487,205.1555,1,06,2.0,0.09404,2063
1989020,41.4905809,-91.7033487,205.1555,1,06,2.0,0.09404,2063
1989171,41.4905803,-91.7033485,205.1266,1,06,2.0,0.20732,2063
1989273,41.4905803,-91.7033485,205.1549,1,06,2.0,0.16237,2063
1989429,41.4905803,-91.7033485,205.1549,1,06,2.0,0.16237,2063
1989676,41.4905802,-91.7033485,205.0969,1,06,2.0,0.14596,2063
1989834,41.4905802,-91.7033485,205.0969,1,06,2.0,0.14596,2063
1989978,41.4905803,-91.7033485,205.1304,1,06,2.0,0.14763,2063
1990086,41.4905804,-91.7033485,205.1505,1,06,2.0,0.18638,2063
1990249,41.4905804,-91.7033485,205.1505,1,06,2.0,0.18638,2063
1990481,41.4905803,-91.7033486,205.1158,1,05,2.3,0.20765,2063
1990741,41.4905803,-91.7033486,205.1158,1,05,2.3,0.20765,2063
1990865,41.4905804,-91.7033485,205.1572,1,05,2.3,0.17219,2063
1990961,41.4905804,-91.7033485,205.1572,1,05,2.3,0.17219,2063
1991212,41.4905804,-91.7033486,205.1304,1,05,2.3,0.20648,2063
1991415,41.4905786,-91.7033505,205.2598,1,05,2.3,49,2063
1991475,41.4905786,-91.7033505,205.2598,1,05,2.3,49,2063
1991670,41.4905785,-91.7033506,205.2189,1,05,2.3,49,2063
1991819,41.4905785,-91.7033506,205.2189,1,05,2.3,49,2063
1991950,41.4905786,-91.7033507,205.2041,1,05,2.3,49,2063
1992081,41.4905786,-91.7033507,205.2041,1,05,2.3,49,2063
1992262,41.4905786,-91.7033507,205.2041,1,05,2.3,0.11656,2063
1992458,41.4905774,-91.7033512,205.2980,1,05,2.3,0.11656,2063
1992608,41.4905774,-91.7033512,205.2980,1,05,2.3,0.11656,2063
1992682,41.4905774,-91.7033512,205.2980,1,05,2.3,0.11656,2063
1992880,41.4905775,-91.7033511,205.3311,1,05,2.3,0.11656,2063
1993042,41.4905775,-91.7033511,205.3311,1,05,2.3,0.11656,2063
1993236,41.4905775,-91.7033511,205.3311,1,05,2.3,0.11656,2063
1993517,41.4905759,-91.7033520,205.2847,1,05,2.3,0.11120,2063
1993648,41.4905759,-91.7033520,205.2847,1,05,2.3,0.11120,2063
1993870,41.4905759,-91.7033522,205.2480,1,05,2.3,0.04564,2063
1994009,41.4905759,-91.7033522,205.2480,1,05,2.3,0.04564,2063
1994254,41.4905761,-91.7033522,205.2547,1,05,2.3,0.09999,2063
1994409,41.4905761,-91.7033522,205.2547,1,05,2.3,0.09999,2063
1994496,41.4905761,-91.7033522,205.2547,1,05,2.3,0.11995,2063
1994578,41.4905756,-91.7033523,205.1287,1,05,2.3,0.11995,2063
1994703,41.4905756,-91.7033522,205.1200,1,05,2.3,0.09356,2063
1994765,41.4905756,-91.7033522,205.1200,1,05,2.3,0.09356,2063
1994836,41.4905756,-91.7033523,205.1015,1,05,2.3,0.09356,2063
1994977,41.4905756,-91.7033523,205.1015,1,05,2.3,0.09458,2063
1995086,41.4905757,-91.7033522,205.1321,1,05,2.3,0.08912,2063
1995236,41.4905757,-91.7033522,205.1321,1,05,2.3,0.08912,2063
1995383,41.4905758,-91.7033529,205.0627,1,07,1.6,0.12945,2063
1995599,41.4905758,-91.7033530,205.0331,1,07,1.6,0.07153,2063
1995732,41.4905758,-91.7033530,205.0331,1,07,1.6,0.07153,2063
1995966,41.4905758,-91.7033530,205.0366,1,07,1.6,0.08319,2063
1996077,41.4905758,-91.7033530,205.0521,1,07,1.6,0.05759,2063
1996193,41.4905758,-91.7033530,205.0521,1,07,1.6,0.05759,2063
1996452,41.4905757,-91.7033529,205.0431,1,07,1.6,0.05759,2063
1996531,41.4905757,-91.7033529,205.0431,1,07,1.6,0.05759,2063
1996675,41.4905756,-91.7033529,205.0389,1,07,1.6,0.07636,2063
1996826,41.4905756,-91.7033529,205.0389,1,07,1.6,0.07636,2063
1997097,41.4905755,-91.7033528,205.0476,1,07,1.6,0.00475,2063
1997250,41.4905755,-91.7033528,205.0476,1,07,1.6,0.00475,2063
1997559,41.4905752,-91.7033528,204.9962,1,07,1.6,0.05490,2063
1997720,41.4905752,-91.7033528,204.9962,1,07,1.6,0.05490,2063
1997851,41.4905753,-91.7033529,204.9907,1,07,1.6,0.05490,2063
1998085,41.4905753,-91.7033528,205.0143,1,07,1.6,0.01941,2063
1998219,41.4905753,-91.7033528,205.0143,1,07,1.6,0.01941,2063
1998534,41.4905753,-91.7033528,205.0143,1,07,1.6,0.01941,2063
1998759,41.4905747,-91.7033535,204.9391,1,07,1.6,0.01941,2063
1998920,41.4905747,-91.7033535,204.9391,1,07,1.6,0.01941,2063
1999051,41.4905748,-91.7033535,204.9499,1,07,1.6,0.01941,2063
1999471,41.4905743,-91.7033536,204.8774,1,07,1.7,0.01819,2063
1999619,41.4905743,-91.7033536,204.8774,1,07,1.7,0.01819,2063
1999874,41.4905744,-91.7033534,204.9552,1,06,2.0,0.05360,2063
2000026,41.4905744,-91.7033534,204.9552,1,06,2.0,0.05360,2063
2000352,41.4905744,-91.7033534,204.9552,1,06,2.0,0.10559,2063
2000469,41.4905738,-91.7033539,204.8866,1,06,2.0,0.10559,2063
2000653,41.4905739,-91.7033539,204.8779,1,06,2.0,0.10296,2063
2000804,41.4905739,-91.7033539,204.8779,1,06,2.0,0.10296,2063
2000973,41.4905738,-91.7033539,204.8502,1,06,2.0,0.15046,2063
2001085,41.4905738,-91.7033538,204.9289,1,06,2.0,0.11666,2063
2001223,41.4905738,-91.7033538,204.9289,1,06,2.0,0.11666,2063
2001425,41.4905738,-91.7033538,204.9289,1,06,2.0,0.11666,2063
2001705,41.4905738,-91.7033538,204.9289,1,06,2.0,0.11666,2063
2001881,41.4905738,-91.7033538,204.9289,1,06,2.0,0.11666,2063
2002210,41.4905726,-91.7033552,-32.9430,1,.91,M,0.17668,2063
2002280,41.4905704,-91.7033575,205.0314,1,06,2.0,0.28494,2063
2002518,41.4905705,-91.7033574,205.0665,1,06,2.0,0.28883,2063
2002704,41.4905705,-91.7033574,205.0665,1,06,2.0,0.28883,2063
2002815,41.4905705,-91.7033573,205.0776,1,06,2.0,0.28883,2063
2002883,41.4905704,-91.7033573,205.0771,1,06,2.0,0.28883,2063
2002976,41.4905704,-91.7033573,205.0771,1,06,2.0,0.28883,2063
2003247,41.4905704,-91.7033573,205.0348,1,06,2.0,0.27936,2063
2003374,41.4905704,-91.7033573,205.0348,1,06,2.0,0.27936,2063
2003676,41.4905686,-91.7033598,205.1787,1,06,2.0,0.3022824,2063
2003821,41.4905686,-91.7033598,205.1787,1,06,2.0,0.3022824,2063
2003986,41.4905686,-91.7033598,205.1919,1,06,2.0,0.29687,2063
2004230,41.4905687,-91.7033598,205.2287,1,06,2.0,0.26188,2063
2004335,41.4905687,-91.7033598,205.2287,1,06,2.0,0.26188,2063
2004778,41.4905670,-91.7033615,205.1741,1,06,2.0,0.17501,2063
2004944,41.4905670,-91.7033615,205.1741,1,06,2.0,0.17501,2063
2005266,41.4905661,-91.7033621,205.2585,1,06,2.0,0.31715,2063
2005392,41.4905661,-91.7033621,205.2585,1,06,2.0,0.31715,2063
2005566,41.4905661,-91.7033621,205.2772,1,06,2.0,0.20809,2063
2005670,41.4905662,-91.7033620,205.3133,1,06,2.0,0.12110,2063
2005805,41.4905662,-91.7033620,205.3133,1,06,2.0,0.12110,2063
2005970,41.4905663,-91.7033621,205.3098,1,06,2.0,0.07003,2063
2006081,41.4905662,-91.7033620,205.3242,1,06,2.0,0.07149,2063
2006197,41.4905662,-91.7033620,205.3242,1,06,2.0,0.07149,2063
2006281,41.4905658,-91.7033626,205.2959,1,07,1.7,0.07149,2064
2006425,41.4905658,-91.7033626,205.2959,1,07,1.7,0.07149,2064
2006676,41.4905659,-91.7033626,205.2642,1,07,1.7,0.14426,2064
2006821,41.4905659,-91.7033626,205.2642,1,07,1.7,0.14426,2064
2006976,41.4905659,-91.7033626,205.2679,1,07,1.7,0.21189,2064
2007089,41.4905658,-91.7033626,205.2727,1,07,1.7,0.12821,2064
2007358,41.4905658,-91.7033626,205.2727,1,07,1.7,0.12821,2064
2007585,41.4905660,-91.7033624,205.2841,1,07,1.7,0.11786,2064
2007666,41.4905660,-91.7033623,205.2780,1,07,1.7,0.12404,2063
2007802,41.4905660,-91.7033623,205.2780,1,07,1.7,0.12404,2064
2007967,41.4905660,-91.7033624,205.2755,1,07,1.7,0.22479,2064
2008077,41.4905660,-91.7033624,205.2939,1,07,1.7,0.19910,2064
2008195,41.4905660,-91.7033624,205.2939,1,07,1.7,0.19910,2064
2008278,41.4905664,-91.7033619,205.2608,1,08,1.5,0.19910,2064
2008423,41.4905664,-91.7033619,205.2608,1,08,1.5,0.19910,2064
2008676,41.4905664,-91.7033619,205.2526,1,08,1.5,0.19251,2063
2008824,41.4905664,-91.7033619,205.2526,1,08,1.5,0.19251,2063
2009085,41.4905664,-91.7033619,205.2619,1,08,1.5,0.27160,2063
2009210,41.4905664,-91.7033619,205.2619,1,08,1.5,0.27160,2063
2009393,41.4905668,-91.7033622,205.1926,1,08,1.5,0.27160,2063
2009482,41.4905669,-91.7033623,205.1598,1,08,1.5,0.32006,2063
2009636,41.4905669,-91.7033623,205.1598,1,08,1.5,0.32006,2063
2009998,41.4905669,-91.7033622,205.1561,1,08,1.5,0.21561,2064
2010152,41.4905669,-91.7033622,205.1561,1,08,1.5,0.21561,2064
2010549,41.4905683,-91.7033627,205.1050,1,08,1.5,0.29399,2063
2010612,41.4905683,-91.7033625,205.0855,1,08,1.5,0.27979,2064
2010797,41.4905683,-91.7033625,205.0855,1,08,1.5,0.26113,2064
2010870,41.4905682,-91.7033626,205.1077,1,08,1.5,0.26113,2064
2011117,41.4905683,-91.7033626,205.1258,1,08,1.5,0.26113,2064
2011232,41.4905683,-91.7033626,205.1258,1,08,1.5,0.26113,2064
2011474,41.4905694,-91.7033625,205.0917,1,08,1.5,0.13638,2064
2011627,41.4905694,-91.7033625,205.0917,1,08,1.5,0.13638,2064
2012067,41.4905694,-91.7033625,205.0917,1,08,1.5,0.10540,2064
2012188,41.4905693,-91.7033625,205.0824,1,08,1.5,0.07803,2064
2012275,41.4905693,-91.7033625,205.0824,1,08,1.5,0.07803,2064
2012519,41.4905694,-91.7033634,205.0628,1,08,1.5,0.07803,2064
2012659,41.4905694,-91.7033634,205.0628,1,08,1.5,0.07803,2064
2012835,41.4905694,-91.7033634,205.0628,1,08,1.5,0.04750,2064
2013101,41.4905694,-91.7033635,205.0386,1,08,1.5,0.08799,2064
2013334,41.4905693,-91.7033633,205.0739,1,08,1.5,0.10111,2064
2013460,41.4905693,-91.7033633,205.0739,1,08,1.5,0.10111,2064
2013720,41.4905693,-91.7033633,205.0739,1,08,1.5,0.01992,2064
2013786,41.4905700,-91.7033645,205.0473,1,07,1.6,0.04904,2064
2013872,41.4905700,-91.7033644,205.0369,1,07,1.6,0.07449,2064
2014006,41.4905700,-91.7033644,205.0369,1,07,1.6,0.07449,2064
2014275,41.4905702,-91.7033660,205.0738,1,07,1.6,0.05837,2064
2014410,41.4905702,-91.7033660,205.0738,1,07,1.6,0.05837,2064
2014574,41.4905702,-91.7033660,205.0824,1,07,1.6,0.05795,2064
2014677,41.4905703,-91.7033659,205.0987,1,07,1.6,0.05601,2064
2014814,41.4905703,-91.7033659,205.0987,1,07,1.6,0.05601,2064
2014977,41.4905702,-91.7033659,205.1090,1,07,1.6,0.06268,2064
2015083,41.4905702,-91.7033659,205.0752,1,07,1.6,0.05084,2064
2015202,41.4905702,-91.7033659,205.0752,1,07,1.6,0.05084,2064
2015417,41.4905700,-91.7033671,205.0922,1,07,1.6,0.05084,2064
2015608,41.4905700,-91.7033671,205.0922,1,07,1.6,0.05084,2064
2015867,41.4905700,-91.7033674,205.0722,1,07,1.6,0.12844,2064
2015988,41.4905700,-91.7033674,205.0722,1,07,1.6,0.12844,2064
2016268,41.4905700,-91.7033673,7,10,047,18,0.11524,2064
2016586,41.4905703,-91.7033668,205.0724,1,06,2.0,0.19492,2064
2016687,41.4905703,-91.7033668,205.0724,1,06,2.0,0.19492,2064
2017077,41.4905703,-91.7033667,205.0860,1,06,2.0,2.0VTG,2064
2017189,41.4905703,-91.7033667,205.0860,1,06,2.0,2.0VTG,2064
2017278,41.4905700,-91.7033652,205.0069,1,06,2.0,2.0VTG,2064
2017420,41.4905700,-91.7033652,205.0069,1,06,2.0,2.0VTG,2064
2017572,41.4905701,-91.7033652,204.9734,1,06,2.0,0.17768,2064
2017680,41.4905701,-91.7033653,204.9475,1,06,2.0,0.23486,2064
2017823,41.4905701,-91.7033653,204.9475,1,06,2.0,0.23486,2064
2018086,41.4905701,-91.7033652,204.9664,1,06,2.0,0.20197,2064
2018203,41.4905701,-91.7033652,204.9664,1,06,2.0,0.20197,2064
2018459,41.4905707,-91.7033645,205.0158,1,06,2.0,0.20197,2064
2018738,41.4905707,-91.7033645,205.0158,1,06,2.0,0.20197,2064
2019060,41.4905708,-91.7033646,205.0227,1,06,2.0,0.10522,2064
2019201,41.4905708,-91.7033646,205.0227,1,06,2.0,0.10522,2064
2019469,41.4905709,-91.7033637,204.9135,1,07,1.6,0.13209,2064
2019606,41.4905709,-91.7033637,204.9135,1,07,1.6,0.13209,2064
2019768,41.4905708,-91.7033638,204.9251,1,07,1.6,0.23752,2064
2019874,41.4905708,-91.7033638,204.9135,1,07,1.6,0.29026,2064
2020016,41.4905708,-91.7033638,204.9135,1,07,1.6,0.29026,2064
2020356,41.4905710,-91.7033627,204.8945,1,07,1.6,0.30248,2064
2020418,41.4905710,-91.7033627,204.9012,1,07,1.6,0.0811245,2064
2020550,41.4905710,-91.7033627,204.9012,1,07,1.6,0.18944,2064
2020624,41.4905709,-91.7033627,204.8954,1,07,1.6,0.18944,2064
2020880,41.4905710,-91.7033628,204.8892,1,07,1.6,0.23706,2064
2021032,41.4905710,-91.7033628,204.8892,1,07,1.6,0.23706,2064
2021280,41.4905705,-91.7033620,204.9039,1,07,1.6,0.17200,2064
2021435,41.4905705,-91.7033620,204.9039,1,07,1.6,0.17200,2064
2021798,41.4905705,-91.7033621,204.9025,1,07,1.6,0.09502,2064
2021934,41.4905705,-91.7033621,204.9025,1,07,1.6,0.09502,2064
2022267,41.4905700,-91.7033626,204.9341,1,07,1.6,0.12570,2064
2022414,41.4905700,-91.7033626,204.9341,1,07,1.6,0.12570,2064
2022567,41.4905700,-91.7033626,204.8968,1,07,1.6,0.09803,2064
2022671,41.4905702,-91.7033627,204.8870,1,07,1.6,0.06559,2064
2022820,41.4905702,-91.7033627,204.8870,1,07,1.6,0.06559,2064
2022973,41.4905701,-91.7033627,204.9143,1,07,1.6,0.09584,2064
2023081,41.4905701,-91.7033625,204.9203,1,07,1.6,0.07702,2064
2023209,41.4905701,-91.7033625,204.9203,1,07,1.6,0.07702,2064
2023648,41.4905702,-91.7033628,204.9670,1,07,1.6,0.07702,2064
2023836,41.4905703,-91.7033627,204.9536,1,07,1.6,0.06380,2064
2024083,41.4905704,-91.7033627,204.9642,1,07,1.6,0.14042,2064
2024217,41.4905704,-91.7033627,204.9642,1,07,1.6,0.14042,2064
2024478,41.4905704,-91.7033627,204.9642,1,07,1.6,0.14042,2064
2024650,41.4905697,-91.7033628,204.9974,1,07,1.6,0.05467,2064
2024858,41.4905697,-91.7033628,204.9974,1,07,1.6,0.05467,2064
2025071,41.4905696,-91.7033630,204.9551,1,07,1.6,0.05435,2064
2025191,41.4905696,-91.7033630,204.9551,1,07,1.6,0.05435,2064
2025449,41.4905694,-91.7033633,204.9208,1,08,1.5,0.05435,2064
2025530,41.4905694,-91.7033633,204.9208,1,08,1.5,0.05435,2064
2025673,41.4905692,-91.7033632,204.9137,1,08,1.5,0.14708,2064
2025803,41.4905692,-91.7033632,204.9137,1,08,1.5,0.14708,2064
2025972,41.4905693,-91.7033633,204.9227,1,08,1.5,0.06794,2064
2026080,41.4905693,-91.7033633,204.9159,1,08,1.5,0.09848,2064
2026189,41.4905693,-91.7033633,204.9159,1,08,1.5,0.09848,2064
2026278,41.4905688,-91.7033621,204.9023,1,08,1.5,0.09848,2064
2026416,41.4905688,-91.7033621,204.9023,1,08,1.5,0.09848,2064
2026579,41.4905688,-91.7033620,204.9043,1,08,1.5,0.03163,2064
2026679,41.4905688,-91.7033621,204.9118,1,08,1.5,0.13425,2064
2026822,41.4905688,-91.7033621,204.9118,1,08,1.5,0.13425,2064
2026985,41.4905688,-91.7033619,204.9295,1,07,1.6,0.08476,2064
2027203,41.4905689,-91.7033620,204.9104,1,07,1.6,0.03431,2064
2027335,41.4905689,-91.7033620,204.9104,1,07,1.6,0.03431,2064
2027668,41.4905685,-91.7033614,204.8815,1,07,1.6,99.302,2064
2027804,41.4905685,-91.7033614,204.8815,1,07,1.6,99.302,2064
2027970,41.4905684,-91.7033614,204.8508,1,07,1.6,0.04104,2064
2028074,41.4905685,-91.7033614,204.8522,1,07,1.6,0.04592,2064
2028184,41.4905685,-91.7033614,204.8522,1,07,1.6,0.04592,2064
2028274,41.4905682,-91.7033616,204.7982,1,08,1.5,0.04592,2064
2028412,41.4905682,-91.7033616,204.7982,1,08,1.5,0.04592,2064
2028578,41.4905681,-91.7033616,204.8299,1,07,1.8,0.06448,2064
2028794,41.4905681,-91.7033616,204.8131,1,08,1.5,0.01679,2064
2028878,41.4905681,-91.7033616,204.8131,1,08,1.5,0.01679,2064
2029080,41.4905683,-91.7033616,204.7909,1,07,1.8,0.01679,2064
2029203,41.4905683,-91.7033616,204.7909,1,07,1.8,0.01679,2064
2029463,41.4905683,-91.7033602,204.7611,1,07,1.8,0.01679,2064
2029571,41.4905683,-91.7033602,204.7611,1,07,1.8,0.01679,2064
2029871,41.4905684,-91.7033600,204.7112,1,07,1.8,0.04392,2064
2030100,41.4905685,-91.7033601,204.7127,1,07,1.8,0.08340,2064
2030253,41.4905685,-91.7033601,204.7127,1,07,1.8,0.18930,2064
2030513,41.4905686,-91.7033593,204.7000,1,07,1.8,0.05497,2064
2030658,41.4905686,-91.7033593,204.7000,1,07,1.8,0.05497,2064
2030758,41.4905686,-91.7033593,204.6773,1,07,1.8,0.05497,2064
2030873,41.4905686,-91.7033594,204.7521,1,07,1.8,0.15553,2064
2031018,41.4905686,-91.7033594,204.7521,1,07,1.8,0.15553,2064
2031276,41.4905696,-91.7033578,204.6593,1,07,1.8,0.22624,2064
2031424,41.4905696,-91.7033578,204.6593,1,07,1.8,0.22624,2064
2031574,41.4905697,-91.7033577,204.6011,1,07,1.8,0.00536,2064
2031680,41.4905697,-91.7033578,204.6555,1,07,1.8,0.12589,2064
2031833,41.4905697,-91.7033578,204.6555,1,07,1.8,0.12589,2064
2031978,41.4905697,-91.7033578,204.6418,1,07,1.8,0.02721,2064
2032085,41.4905698,-91.7033578,204.6277,1,07,1.8,0.01363,2064
2032220,41.4905698,-91.7033578,204.6277,1,07,1.8,0.01363,2064
2032539,41.4905698,-91.7033578,204.6277,1,07,1.8,0.01363,2064
2032774,41.4905704,-91.7033574,204.6327,1,07,1.8,0.01363,2064
2032851,41.4905704,-91.7033574,204.6327,1,07,1.8,0.01363,2064
2033072,41.4905705,-91.7033573,204.6090,1,07,1.8,0.04558,2064
2033196,41.4905705,-91.7033573,204.6090,1,07,1.8,0.04558,2064
2033459,41.4905696,-91.7033580,204.7267,1,07,1.8,0.04558,2064
2033542,41.4905696,-91.7033580,204.7267,1,07,1.8,0.04558,2064
2033855,41.4905698,-91.7033578,204.6994,1,07,1.8,0.07162,2064
2033938,41.4905698,-91.7033578,204.6994,1,07,1.8,0.07162,2064
2034139,41.4905697,-91.7033578,204.6949,1,07,1.8,0.06762,2064
2034266,41.4905697,-91.7033578,204.6949,1,07,1.8,0.06762,2064
2034668,41.4905686,-91.7033572,204.6180,1,07,1.8,0.06762,2064
2034797,41.4905686,-91.7033572,204.6180,1,07,1.8,0.06762,2064
2035065,41.4905686,-91.7033571,204.6138,1,07,1.8,0.07281,2064
2035151,41.4905686,-91.7033571,204.6138,1,07,1.8,0.07281,2064
2035360,41.4905685,-91.7033567,204.7004,1,07,1.8,0.08910,2064
2035684,41.4905685,-91.7033567,204.6887,1,07,1.8,0.08558,2064
2035816,41.4905685,-91.7033566,204.6485,1,07,1.8,0.08558,2064
2035969,41.4905686,-91.7033567,204.6517,1,06,2.1,0.12652,2064
2036103,41.4905686,-91.7033567,204.6517,1,06,2.1,0.08754,2064
2036261,41.4905686,-91.7033568,204.6953,1,06,2.1,0.08754,2064
2036568,41.4905677,-91.7033560,204.6428,1,05,4.0,0.08137,2064
2036673,41.4905676,-91.7033561,204.6471,1,05,4.0,0.11730,2064
2036831,41.4905676,-91.7033561,204.6471,1,05,4.0,0.11730,2064
2037080,41.4905679,-91.7033558,204.4511,1,05,4.0,0.10099,2064
2037199,41.4905679,-91.7033558,204.4511,1,05,4.0,0.10099,2064
2037417,41.4905675,-91.7033557,204.6829,1,05,4.0,0.10099,2064
2037503,41.4905675,-91.7033557,204.6829,1,05,4.0,0.10099,2064
2037570,41.4905675,-91.7033557,204.6829,1,05,4.0,0.10099,2064
2037636,41.4905674,-91.7033559,204.7260,1,05,4.0,0.10099,2064
2037882,41.4905674,-91.7033558,204.7657,1,05,4.0,0.05746,2064
2038028,41.4905674,-91.7033558,204.7657,1,05,4.0,0.05746,2064
2038597,41.4905670,-91.7033545,204.4812,1,05,3.9,0.04739,2064
2038760,41.4905670,-91.7033545,204.4812,1,05,3.9,0.04739,2064
2038866,41.4905672,-91.7033543,204.4267,1,05,3.9,0.02076,2064
2039005,41.4905672,-91.7033543,204.4267,1,05,3.9,0.02076,2064
2039214,41.4905672,-91.7033544,204.4199,1,05,3.9,0.04101,2064
2039282,41.4905672,-91.7033544,204.4199,1,05,3.9,0.04101,2064
2039463,41.4905670,-91.7033541,204.4251,1,06,1.6,0.04101,2064
2039618,41.4905670,-91.7033541,204.4251,1,06,1.6,0.04101,2064
2039797,41.4905670,-91.7033541,204.4769,1,06,1.6,0.04101,2064
2039871,41.4905670,-91.7033541,204.4769,1,06,1.6,0.04101,2064
2040054,41.4905670,-91.7033541,204.4769,1,06,1.6,0.04101,2064
2040152,41.4905670,-91.7033541,204.4530,1,05,3.9,0.04101,2064
2040214,41.4905670,-91.7033541,204.4530,1,05,3.9,0.04101,2064
2040285,41.4905668,-91.7033532,204.4266,1,05,3.9,0.04101,2064
2040418,41.4905668,-91.7033533,204.4484,1,05,3.9,0.06510,2064
2040579,41.4905668,-91.7033533,204.4484,1,05,3.9,0.06510,2064
2040898,41.4905671,-91.7033530,204.1513,1,05,3.9,0.06510,2064
2041064,41.4905671,-91.7033530,204.1513,1,05,3.9,0.06510,2064
2041210,41.4905670,-91.7033530,204.2910,1,05,3.9,0.06510,2064
2041344,41.4905671,-91.7033531,204.2878,1,05,3.9,0.05645,2064
2041582,41.4905670,-91.7033517,204.2512,1,07,1.6,0.06740,2064
2041671,41.4905671,-91.7033516,204.2243,1,07,1.6,0.05775,2064
2041813,41.4905671,-91.7033516,204.2243,1,07,1.6,0.05775,2064
2041977,41.4905671,-91.7033516,204.2628,1,06,1.6,0.07533,2064
2042081,41.4905670,-91.7033516,204.2613,1,06,1.6,0.12195,2064
2042205,41.4905670,-91.7033516,204.2613,1,06,1.6,0.12195,2064
2042429,41.4905675,-91.7033510,204.1812,1,06,1.6,0.12195,2064
2042594,41.4905675,-91.7033510,204.1812,1,06,1.6,0.12195,2064
2042683,41.4905676,-91.7033511,204.2077,1,06,1.6,0.12195,2064
2042849,41.4905676,-91.7033511,204.2077,1,06,1.6,0.12195,2064
2042978,41.4905675,-91.7033511,204.1648,1,06,1.6,0.14051,2064
2043090,41.4905675,-91.7033511,204.1631,1,06,1.6,0.16725,2064
2043366,41.4905675,-91.7033511,204.1631,1,06,1.6,0.16725,2064
2043572,41.4905675,-91.7033507,204.0876,1,06,1.6,266.613,2064
2043630,41.4905675,-91.7033507,204.0968,1,06,1.6,266.613,2064
2043870,41.4905675,-91.7033507,204.1161,1,06,1.6,0.45657,2063
2044015,41.4905675,-91.7033507,204.1161,1,06,1.6,0.45657,2063
2044371,41.4905663,-91.7033512,204.1376,1,06,1.6,0.43093,2063
2044472,41.4905663,-91.7033511,204.1612,1,06,1.6,0.36299,2063
2044622,41.4905663,-91.7033511,204.1612,1,06,1.6,0.36299,2063
2044775,41.4905664,-91.7033512,204.1548,1,06,1.6,0.34937,2063
2044877,41.4905663,-91.7033511,204.1682,1,06,1.6,0.34310,2063
2045031,41.4905663,-91.7033511,204.1682,1,06,1.6,0.34310,2063
2045621,41.4905653,-91.7033515,204.1356,1,06,1.6,0.36838,2064
2045796,41.4905653,-91.7033515,204.1356,1,06,1.6,0.36838,2064
2046130,41.4905652,-91.7033502,204.0848,1,06,1.6,0.36838,2064
2046333,41.4905644,-91.7033512,204.0901,1,06,1.6,0.21009,2063
2046491,41.4905644,-91.7033512,204.0901,1,06,1.6,0.21009,2063
2046900,41.4905644,-91.7033511,204.1289,1,06,1.6,0.18252,2063
2047032,41.4905644,-91.7033512,204.1257,1,06,1.6,0.12218,2063
2047177,41.4905644,-91.7033512,204.1257,1,06,1.6,0.12218,2063
2047431,41.4905651,-91.7033500,204.2150,1,06,1.6,0.12218,2063
2047569,41.4905651,-91.7033500,204.2150,1,06,1.6,0.02320,2063
2047745,41.4905653,-91.7033501,204.2146,1,05,1.7,0.04637,2063
2047903,41.4905653,-91.7033501,204.2146,1,05,1.7,0.04637,2063
2048203,41.4905651,-91.7033500,204.2357,1,05,1.7,0.03894,2063
2048284,41.4905650,-91.7033475,204.1393,1,05,1.7,0.03894,2063
2048447,41.4905650,-91.7033475,204.1393,1,05,1.7,0.03894,2063
2048679,41.4905649,-91.7033475,204.1437,1,05,1.7,0.19859,2063
2048815,41.4905649,-91.7033475,204.1437,1,05,1.7,0.19859,2063
2049023,41.4905650,-91.7033475,204.0749,1,05,1.7,0.17266,2063
2049099,41.4905650,-91.7033475,204.0749,1,05,1.7,0.17266,2063
2049429,41.4905649,-91.7033475,204.1278,1,05,1.7,0.17266,2063
2049608,41.4905649,-91.7033475,204.1278,1,05,1.7,0.17266,2063
2049955,41.4905652,-91.7033459,204.1430,1,05,1.7,0.09462,2063
2050198,41.4905651,-91.7033460,204.1371,1,06,1.6,0.16502,2063
2050245,41.4905651,-91.7033460,204.1371,1,06,1.6,0.16502,2063
2050370,41.4905651,-91.7033460,204.1371,1,06,1.6,0.23603,2063
2050472,41.4905666,-91.7033451,204.1668,1,05,1.7,0.17610,2063
2050604,41.4905666,-91.7033451,204.1668,1,05,1.7,0.17610,2063
2050809,41.4905666,-91.7033451,204.0881,1,06,1.6,0.27115,2063
2050880,41.4905666,-91.7033451,204.0881,1,06,1.6,0.27115,2063
2051069,41.4905665,-91.7033452,204.1100,1,06,1.6,0.27115,2063
2051217,41.4905665,-91.7033452,204.1100,1,06,1.6,0.27115,2063
2051396,41.4905664,-91.7033451,204.1290,1,06,1.6,0.27115,2063
2051471,41.4905664,-91.7033451,204.1290,1,06,1.6,0.27115,2063
2051659,41.4905664,-91.7033451,204.1290,1,06,1.6,0.27115,2063
2051862,41.4905675,-91.7033431,204.0317,1,06,1.6,0.27115,2063
2052008,41.4905675,-91.7033431,204.0317,1,06,1.6,0.27115,2063
2052094,41.4905675,-91.7033431,204.0317,1,06,1.6,0.20351,2063
2052449,41.4905676,-91.7033431,204.0373,1,06,1.6,0.20351,2063
2052630,41.4905676,-91.7033431,204.0373,1,06,1.6,0.20351,2063
2052869,41.4905683,-91.7033429,204.0522,1,06,1.6,0.20853,2063
2053008,41.4905683,-91.7033429,204.0522,1,06,1.6,0.20853,2063
2053248,41.4905682,-91.7033430,204.0213,1,06,1.6,0.21551,2063
2053407,41.4905682,-91.7033430,204.0213,1,06,1.6,0.21551,2063
2053568,41.4905691,-91.7033438,204.0244,1,06,1.6,0.18348,2063
2053672,41.4905693,-91.7033438,204.0043,1,06,1.6,0.08107,2063
2053818,41.4905693,-91.7033438,204.0043,1,06,1.6,0.08107,2063
2054015,41.4905693,-91.7033437,204.0180,1,06,1.6,0.15089,2063
2054091,41.4905693,-91.7033437,204.0214,1,06,1.6,0.12161,2063
2054244,41.4905693,-91.7033437,204.0214,1,06,1.6,0.12161,2063
2054375,41.4905692,-91.7033441,204.0707,1,06,1.6,0.12161,2063
2054479,41.4905693,-91.7033440,204.1067,1,06,1.6,0.15332,2063
2054634,41.4905693,-91.7033440,204.1067,1,06,1.6,0.15332,2063
2054780,41.4905692,-91.7033441,204.0029,1,06,1.6,0.14371,2063
2054997,41.4905691,-91.7033442,204.0321,1,06,1.6,0.12510,2063
2055165,41.4905691,-91.7033442,204.0321,1,06,1.6,0.12510,2063
2055409,41.4905681,-91.7033451,204.0678,1,06,1.6,0.19275,2063
2055571,41.4905681,-91.7033451,204.0678,1,06,1.6,0.19275,2063
2055640,41.4905681,-91.7033451,204.0678,1,06,1.6,0.19275,2063
2055769,41.4905681,-91.7033451,204.0678,1,06,1.6,0.16074,2063
2055871,41.4905681,-91.7033452,204.0484,1,06,1.6,0.18805,2063
2056022,41.4905681,-91.7033452,204.0484,1,06,1.6,0.18805,2063
2056476,41.4905675,-91.7033464,204.0817,1,07,1.5,0.20584,2063
2056820,41.4905675,-91.7033464,204.0810,1,07,1.5,0.12733,2063
2056998,41.4905675,-91.7033464,204.0810,1,07,1.5,0.12733,2063
2057249,41.4905675,-91.7033464,204.0810,1,07,1.5,0.11858,2063
2057374,41.4905676,-91.7033469,204.0925,1,07,1.5,0.08916,2063
2057480,41.4905676,-91.7033470,204.0833,1,07,1.5,0.05159,2063
2057640,41.4905676,-91.7033470,204.0833,1,07,1.5,0.05159,2063
2057778,41.4905675,-91.7033470,204.0480,1,07,1.5,0.04373,2063
2057998,41.4905675,-91.7033470,204.0476,1,07,1.5,0.08954,2063
2058169,41.4905675,-91.7033470,204.0476,1,07,1.5,0.08954,2063
2058339,41.4905688,-91.7033479,204.1469,1,07,1.5,0.10829,2063
2058498,41.4905688,-91.7033479,204.1469,1,07,1.5,0.10829,2063
2058769,41.4905687,-91.7033478,204.1856,1,07,1.5,0.03895,2063
2058873,41.4905687,-91.7033479,204.1732,1,07,1.5,0.12457,2063
2059024,41.4905687,-91.7033479,204.1732,1,07,1.5,0.12457,2063
2059385,41.4905689,-91.7033468,204.1086,1,07,1.5,0.13383,2063
2059569,41.4905689,-91.7033469,204.0967,1,07,1.5,0.14994,2063
2059728,41.4905689,-91.7033469,204.0967,1,07,1.5,0.14994,2063
2060011,41.4905688,-91.7033468,204.1113,1,07,1.5,0.14994,2063
2060185,41.4905700,-91.7033469,204.0086,1,07,1.5,0.07031,2063
2060280,41.4905701,-91.7033469,203.9979,1,07,1.5,0.06749,2063
2060424,41.4905701,-91.7033469,203.9979,1,07,1.5,0.06749,2063
2060596,41.4905701,-91.7033468,204.0399,1,07,1.5,0.06531,2063
2060732,41.4905700,-91.7033468,204.0303,1,07,1.5,0.14579,2063
2060994,41.4905700,-91.7033468,204.0303,1,07,1.5,0.14579,2063
2061433,41.4905709,-91.7033455,204.0058,1,07,1.5,0.11622,2063
2061568,41.4905709,-91.7033455,203.9920,1,07,1.5,0.13464,2064
2061764,41.4905710,-91.7033455,203.9886,1,07,1.5,0.14186,2064
2061909,41.4905710,-91.7033455,203.9886,1,07,1.5,0.14186,2064
2061970,41.4905709,-91.7033455,203.9941,1,07,1.5,0.14186,2063
2062030,41.4905709,-91.7033455,204.0071,1,07,1.5,0.23474,2063
2062219,41.4905709,-91.7033453,204.0000,1,07,1.5,0.18276,2063
2062327,41.4905709,-91.7033453,204.0000,1,07,1.5,0.18276,2063
2062478,41.4905726,-91.7033454,203.8659,1,07,1.5,0.29063,2064
2062624,41.4905726,-91.7033454,203.8659,1,07,1.5,0.29063,2064
2062792,41.4905726,-91.7033453,203.8684,1,07,1.5,0.33601,2064
2062950,41.4905726,-91.7033454,203.8514,1,07,1.5,0.33234,2063
2063103,41.4905726,-91.7033454,203.8514,1,07,1.5,0.33234,2063
2063556,41.4905737,-91.7033447,203.7727,1,07,1.5,0.26317,2063
2063713,41.4905739,-91.7033448,203.7683,1,06,1.6,0.24182,2063
2063918,41.4905738,-91.7033447,203.8074,1,06,1.6,0.28869,2063
2064158,41.4905738,-91.7033446,203.7926,1,06,1.6,0.20572,2064
2064303,41.4905738,-91.7033446,203.7926,1,06,1.6,0.20572,2064
2064472,41.4905747,-91.7033453,203.6653,1,06,1.6,0.14577,2064
2064610,41.4905747,-91.7033453,203.6653,1,06,1.6,0.14577,2064
2064824,41.4905747,-91.7033453,203.6766,1,06,1.6,0.09264,2064
2064985,41.4905747,-91.7033453,203.6766,1,06,1.6,0.09264,2064
2065056,41.4905747,-91.7033453,203.6766,1,06,1.6,0.09264,2064
2065173,41.4905747,-91.7033453,203.6766,1,06,1.6,0.09264,2064
2065375,41.4905760,-91.7033462,203.6989,1,06,1.6,0.07215,2063
2065479,41.4905760,-91.7033462,203.7328,1,06,1.6,0.09274,2063
2065626,41.4905760,-91.7033462,203.7328,1,06,1.6,0.09274,2063
2065777,41.4905759,-91.7033461,203.7446,1,06,1.6,0.12697,2064
2065882,41.4905759,-91.7033462,203.7383,1,06,1.6,0.03438,2064
2066035,41.4905759,-91.7033462,203.7383,1,06,1.6,0.03438,2064
2066397,41.4905759,-91.7033462,203.7383,1,06,1.6,0.06203,2064
2066587,41.4905767,-91.7033463,203.7939,1,07,1.5,0.06203,2064
2066820,41.4905767,-91.7033462,203.8071,1,07,1.5,0.05085,2064
2066929,41.4905767,-91.7033462,203.8071,1,07,1.5,0.05085,2064
2067065,41.4905767,-91.7033462,203.8071,1,07,1.5,0.05085,2063
2067243,41.4905767,-91.7033462,203.8072,1,07,1.5,0.07320,2063
2067308,41.4905767,-91.7033462,203.8072,1,07,1.5,0.07320,2063
2067388,41.4905767,-91.7033462,203.8072,1,07,1.5,0.07075,2063
2067476,41.4905769,-91.7033457,203.8368,1,06,1.6,0.03010,2063
2067622,41.4905769,-91.7033457,203.8368,1,06,1.6,0.03010,2063
2067879,41.4905768,-91.7033457,203.8579,1,05,1.7,0.05493,2063
2068026,41.4905768,-91.7033457,203.8579,1,05,1.7,0.05493,2063
2068241,41.4905768,-91.7033457,203.8579,1,05,1.7,0.03867,2063
2068375,41.4905768,-91.7033457,203.8579,1,05,1.7,0.12540,2063
2068481,41.4905771,-91.7033450,203.8596,1,06,1.6,0.13304,2063
2068635,41.4905771,-91.7033450,203.8596,1,06,1.6,0.13304,2063
2068886,41.4905770,-91.7033449,203.8949,1,06,1.6,0.05434,2063
2069158,41.4905770,-91.7033449,203.8949,1,06,1.6,0.05434,2063
2069406,41.4905773,-91.7033451,203.9118,1,06,1.6,0.01425,2063
2069481,41.4905773,-91.7033451,203.9118,1,06,1.6,0.01425,2063
2069774,41.4905773,-91.7033451,203.9277,1,06,1.6,0.01425,2063
2069934,41.4905773,-91.7033451,203.9277,1,06,1.6,0.01425,2063
2070130,41.4905773,-91.7033451,203.9277,1,06,1.6,0.01425,2063
2070275,41.4905781,-91.7033460,204.0697,1,07,1.5,0.03187,2063
2070427,41.4905781,-91.7033460,204.0697,1,07,1.5,0.03187,2063
2070574,41.4905780,-91.7033459,204.0681,1,07,1.5,0.10092,2063
2070675,41.4905780,-91.7033458,204.0553,1,07,1.5,0.04508,2063
2070831,41.4905780,-91.7033458,204.0553,1,07,1.5,0.04508,2063
2071085,41.4905780,-91.7033459,204.0736,1,07,1.5,0.05521,2063
2071242,41.4905780,-91.7033459,204.0736,1,07,1.5,0.05521,2063
2071479,41.4905785,-91.7033467,204.1401,1,07,1.5,0.03594,2063
2071620,41.4905785,-91.7033467,204.1401,1,07,1.5,0.03594,2063
2071781,41.4905785,-91.7033466,204.1464,1,07,1.5,0.07735,2063
2071999,41.4905785,-91.7033467,204.1463,1,06,1.7,0.00670,2063
2072157,41.4905785,-91.7033467,204.1463,1,06,1.7,0.00670,2063
2072365,41.4905784,-91.7033472,204.2557,1,06,1.7,0.05099,2063
2072468,41.4905784,-91.7033472,204.2355,1,06,1.7,0.13189,2063
2072566,41.4905784,-91.7033472,204.2355,1,06,1.7,0.13189,2063
2072752,41.4905783,-91.7033472,204.2446,1,06,1.7,0.11188,2063
2072808,41.4905783,-91.7033472,204.2512,1,06,1.7,3.374,2063
2073006,41.4905784,-91.7033472,204.2551,1,06,1.7,0.10269,2063
2073075,41.4905784,-91.7033472,204.2551,1,06,1.7,0.10269,2063
2073247,41.4905783,-91.7033473,204.2674,1,06,1.7,0.10269,2063
2073317,41.4905783,-91.7033473,204.2674,1,06,1.7,0.10269,2063
2073387,41.4905783,-91.7033473,204.2674,1,06,1.7,0.02909,2063
2073478,41.4905784,-91.7033479,204.2699,1,06,1.7,0.10486,2063
2073620,41.4905784,-91.7033479,204.2699,1,06,1.7,0.10486,2063
2073779,41.4905785,-91.7033480,204.2630,1,05,2.0,0.06603,2063
2073882,41.4905784,-91.7033478,204.2696,1,06,1.7,0.06917,2063
2074143,41.4905784,-91.7033478,204.2696,1,06,1.7,0.06917,2063
2074480,41.4905784,-91.7033478,204.2696,1,06,1.7,0.01041,2063
2074655,41.4905783,-91.7033487,204.1568,1,05,2.0,0.09992,2063
2074799,41.4905783,-91.7033487,204.1568,1,05,2.0,0.09992,2063
2074851,41.4905783,-91.7033487,204.1474,1,05,2.0,0.09992,2063
2074908,41.4905783,-91.7033487,204.1474,1,05,2.0,0.09992,2063
2074980,41.4905783,-91.7033487,204.1474,1,05,2.0,0.08503,2063
2075080,41.4905783,-91.7033488,204.1306,1,05,2.0,0.07630,2063
2075197,41.4905783,-91.7033488,204.1306,1,05,2.0,0.07630,2063
2075283,41.4905784,-91.7033495,204.1337,1,06,1.6,0.07630,2063
2075430,41.4905784,-91.7033495,204.1337,1,06,1.6,0.07630,2063
2075680,41.4905782,-91.7033495,204.1004,1,06,1.6,0.07411,2063
2075827,41.4905782,-91.7033495,204.1004,1,06,1.6,0.07411,2063
2076087,41.4905783,-91.7033495,204.1034,1,06,1.6,0.10641,2064
2076234,41.4905783,-91.7033495,204.1034,1,06,1.6,0.10641,2064
2076652,41.4905780,-91.7033509,204.0759,1,05,2.0,0.17904,2063
2077000,41.4905780,-91.7033509,204.0505,1,06,1.6,0.16973,2063
2077166,41.4905780,-91.7033509,204.0505,1,06,1.6,0.16973,2063
2077366,41.4905781,-91.7033529,204.0154,1,06,1.6,0.16708,2063
2077471,41.4905780,-91.7033529,204.0364,1,06,1.6,0.19656,2063
2077612,41.4905780,-91.7033529,204.0364,1,06,1.6,0.19656,2063
2077780,41.4905780,-91.7033530,204.0123,1,06,1.6,0.18831,2063
2077838,41.4905780,-91.7033530,204.0028,1,06,1.6,0.18831,2063
2077973,41.4905780,-91.7033531,203.9276,1,06,1.6,0.21428,2063
2078083,41.4905780,-91.7033530,203.9660,1,06,1.6,0.22430,2063
2078207,41.4905780,-91.7033530,203.9660,1,06,1.6,0.22430,2063
2078431,41.4905786,-91.7033546,203.9114,1,06,1.6,0.22430,2063
2078595,41.4905786,-91.7033546,203.9114,1,06,1.6,0.22430,2063
2078681,41.4905786,-91.7033546,203.9114,1,06,1.6,0.22430,2063
2078927,41.4905784,-91.7033546,203.9016,1,06,1.6,0.22430,2063
2079089,41.4905784,-91.7033546,203.9016,1,06,1.6,0.22430,2063
2079430,41.4905785,-91.7033546,203.9441,1,06,1.6,0.22430,2063
2079659,41.4905785,-91.7033546,203.9441,1,06,1.6,0.21271,2063
2079797,41.4905791,-91.7033561,203.9464,1,05,2.1,0.21271,2063
2079865,41.4905791,-91.7033561,203.9464,1,05,2.1,0.18170,2063
2080063,41.4905791,-91.7033561,203.9018,1,05,2.1,0.18170,2063
2080217,41.4905791,-91.7033561,203.9018,1,05,2.1,0.18170,2063
2080350,41.4905791,-91.7033561,203.9018,1,05,2.1,0.18170,2063
2080593,41.4905794,-91.7033580,203.7605,1,06,1.6,0.14884,2064
2080672,41.4905794,-91.7033580,203.7605,1,06,1.6,0.14884,2064
2080882,41.4905794,-91.7033578,203.7624,1,06,1.6,0.14884,2063
2081055,41.4905794,-91.7033578,203.7624,1,06,1.6,0.14884,2063
2081413,41.4905791,-91.7033590,203.7187,1,05,2.1,0.12673,2064
2081580,41.4905791,-91.7033590,203.7187,1,05,2.1,0.12673,2064
2081833,41.4905792,-91.7033589,203.6970,1,05,2.1,0.1219,2064
2081994,41.4905790,-91.7033590,203.6750,1,05,2.1,0.11580,2064
2082091,41.4905792,-91.7033590,203.7177,1,05,2.1,0.12459,2064
2082248,41.4905792,-91.7033590,203.7177,1,05,2.1,0.12459,2064
2082604,41.4905787,-91.7033602,203.5482,1,06,1.6,0.14369,2064
2082740,41.4905787,-91.7033602,203.5482,1,06,1.6,0.14369,2064
2083072,41.4905788,-91.7033602,203.5434,1,06,1.6,0.08977,2064
2083182,41.4905788,-91.7033602,203.5434,1,06,1.6,0.08977,2064
2083360,41.4905794,-91.7033611,203.5730,1,06,1.6,0.08977,2064
2083486,41.4905794,-91.7033611,203.5730,1,06,1.6,0.08977,2064
2083675,41.4905794,-91.7033611,203.6206,1,06,1.6,0.08977,2063
2083798,41.4905794,-91.7033611,203.6206,1,06,1.6,0.13415,2063
2083877,41.4905794,-91.7033610,203.5916,1,06,1.6,0.13415,2064
2084013,41.4905794,-91.7033610,203.5916,1,06,1.6,0.13415,2064
2084263,41.4905794,-91.7033611,203.6207,1,06,1.6,0.19225,2064
2084418,41.4905794,-91.7033611,203.6207,1,06,1.6,0.19225,2064
2084698,41.4905799,-91.7033618,203.5340,1,05,2.1,0.17706,2064
2084839,41.4905799,-91.7033618,203.5340,1,05,2.1,0.17706,2064
2084978,41.4905799,-91.7033618,203.5309,1,05,2.1,0.36061,2064
2085107,41.4905799,-91.7033617,203.5682,1,05,2.1,0.19947,2064
2085370,41.4905799,-91.7033617,203.5682,1,05,2.1,0.19947,2064
2085690,41.4905808,-91.7033618,203.5841,1,05,2.1,0.06090,2064
2085738,41.4905808,-91.7033618,203.5841,1,05,2.1,0.06090,2064
2085872,41.4905808,-91.7033618,203.5810,1,05,2.1,0.05270,2064
2086008,41.4905808,-91.7033618,203.5810,1,05,2.1,0.05270,2064
2086257,41.4905806,-91.7033618,203.5609,1,05,2.1,0.03239,2064
2086346,41.4905806,-91.7033618,203.5609,1,05,2.1,0.03239,2064
2086545,41.4905817,-91.7033620,203.6866,1,05,2.1,0.05750,2064
2086675,41.4905817,-91.7033620,203.6866,1,05,2.1,0.05750,2064
2086869,41.4905816,-91.7033620,203.6672,1,05,2.1,0.02230,2064
2087057,41.4905818,-91.7033620,203.7245,1,05,2.1,0.02230,2064
2087216,41.4905818,-91.7033620,203.7245,1,05,2.1,0.02230,2064
2087327,41.4905818,-91.7033620,203.7245,1,05,2.1,0.02230,2064
2087484,41.4905815,-91.7033618,203.7683,1,05,2.1,0.02599,2064
2087631,41.4905815,-91.7033618,203.7683,1,05,2.1,0.02599,2064
2087779,41.4905816,-91.7033617,203.7907,1,05,2.1,0.08789,2063
2088000,41.4905814,-91.7033619,203.6971,1,05,2.1,0.06929,2063
2088165,41.4905814,-91.7033619,203.6971,1,05,2.1,0.06929,2063
2088292,41.4905813,-91.7033618,203.8954,1,05,2.1,0.01562,2063
2088346,41.4905813,-91.7033618,203.8954,1,05,2.1,0.01562,2063
2088474,41.4905813,-91.7033618,203.8893,1,05,2.1,0.07819,2063
2088617,41.4905813,-91.7033618,203.8893,1,05,2.1,0.07819,2063
2088880,41.4905813,-91.7033618,203.8893,1,05,2.1,0.08204,2063
2088990,41.4905814,-91.7033619,203.8462,1,05,2.1,0.08906,2063
2089069,41.4905814,-91.7033619,203.8462,1,05,2.1,0.08906,2063
2089247,41.4905813,-91.7033618,203.8675,1,05,2.1,0.08906,2063
2089401,41.4905813,-91.7033618,203.8675,1,05,2.1,0.08906,2063
2089617,41.4905816,-91.7033613,203.9482,1,05,2.1,0.17723,2063
2089778,41.4905816,-91.7033613,203.9482,1,05,2.1,0.17723,2063
2090226,41.4905817,-91.7033614,203.9099,1,05,2.1,0.23371,2063
2090336,41.4905817,-91.7033614,203.9099,1,05,2.1,0.23371,2063
2090500,41.4905826,-91.7033613,203.9975,1,05,2.1,0.24417,2063
2090777,41.4905826,-91.7033613,203.9975,1,05,2.1,0.24417,2063
2091008,41.4905826,-91.7033613,203.9975,1,05,2.1,0.23873,2063
2091084,41.4905827,-91.7033612,204.0323,1,05,2.1,0.23873,2063
2091208,41.4905827,-91.7033612,204.0323,1,05,2.1,0.23873,2063
2091538,41.4905839,-91.7033619,204.0753,1,05,2.1,0.23873,2063
2091736,41.4905838,-91.7033619,204.0989,1,05,2.1,0.30305,2063
2091885,41.4905838,-91.7033619,204.0989,1,05,2.1,0.30305,2063
2092260,41.4905839,-91.7033619,204.0957,1,05,2.1,0.30796,2063
2092423,41.4905839,-91.7033619,204.0957,1,05,2.1,0.30796,2063
2092678,41.4905838,-91.7033619,204.0863,1,05,2.1,0.34539,2063
2092830,41.4905838,-91.7033619,204.0863,1,05,2.1,0.34539,2063
2093098,41.4905839,-91.7033620,204.0742,1,05,2.1,0.19989,2063
2093341,41.4905839,-91.7033619,204.0745,1,05,2.1,0.19989,2063
2093456,41.4905839,-91.7033619,204.0745,1,05,2.1,0.19989,2063
2093601,41.4905839,-91.7033619,204.0745,1,05,2.1,0.02439,2063
2093833,41.4905841,-91.7033620,204.0853,1,05,2.1,0.02439,2063
2094133,41.4905841,-91.7033620,204.0853,1,05,2.1,0.02439,2063
2094455,41.4905848,-91.7033619,203.9120,1,25,0.6,0.03648,2063
2094554,41.4905848,-91.7033619,203.9120,1,25,0.6,0.03648,2063
2094866,41.4905845,-91.7033621,203.8129,1,25,0.6,0.28794,2063
2095013,41.4905846,-91.7033619,T,1,25,0.,0.1480507,2063
2095255,41.4905848,-91.7033619,203.8700,1,24,0.6,0.1480507,2063
2095325,41.4905848,-91.7033619,203.8700,1,24,0.6,0.1480507,2063
2095476,41.4905844,-91.7033620,203.7916,1,23,0.6,0.10862,2063
2095616,41.4905844,-91.7033620,203.7916,1,23,0.6,0.10862,2063
2095879,41.4905845,-91.7033621,203.8238,1,23,0.6,0.06358,2063
2096022,41.4905845,-91.7033621,203.8238,1,23,0.6,0.06358,2063
2096282,41.4905846,-91.7033620,203.8235,1,25,0.6,0.20878,2063
2096431,41.4905846,-91.7033620,203.8235,1,25,0.6,0.20878,2063
2097051,41.4905846,-91.7033621,203.7905,1,25,0.6,0.32963,2063
2097222,41.4905846,-91.7033621,203.7905,1,25,0.6,0.32963,2063
2097605,41.4905819,-91.7033625,203.7727,1,25,0.6,0.32963,2063
2097978,41.4905826,-91.7033624,203.9126,1,25,0.6,0.39172,2063
2098110,41.4905826,-91.7033624,203.9126,1,25,0.6,0.39172,2063
2098569,41.4905825,-91.7033623,203.9267,1,05,2.1,0.11576,2063
2098686,41.4905824,-91.7033624,203.8857,1,05,2.1,0.04827,2063
2098822,41.4905824,-91.7033624,203.8857,1,05,2.1,0.04827,2063
2099077,41.4905825,-91.7033624,203.9068,1,05,2.1,0.11011,2063
2099190,41.4905825,-91.7033624,203.9068,1,05,2.1,0.11011,2063
2099278,41.4905809,-91.7033637,203.8719,1,05,2.1,0.11011,2063
2099421,41.4905809,-91.7033637,203.8719,1,05,2.1,0.11011,2063
2099679,41.4905806,-91.7033638,203.8675,1,05,2.1,0.09340,2063
2099824,41.4905806,-91.7033638,203.8675,1,05,2.1,0.09340,2063
2099981,41.4905808,-91.7033635,203.9172,1,24,0.6,0.07701,2063
2100084,41.4905808,-91.7033635,203.9246,1,24,0.6,0.02081,2063
2100214,41.4905808,-91.7033635,203.9246,1,24,0.6,0.02081,2063
2100365,41.4905808,-91.7033635,203.9246,1,24,0.6,0.02081,2063
2100434,41.4905803,-91.7033634,203.9028,1,05,2.0,0.02081,2063
2100697,41.4905803,-91.7033634,203.9255,1,05,2.0,0.00641,2063
2100819,41.4905803,-91.7033634,203.8988,1,05,2.0,0.02333,2063
2101040,41.4905803,-91.7033634,203.8988,1,05,2.0,0.02333,2063
2101177,41.4905803,-91.7033633,203.8856,1,05,2.0,0.02333,2063
2101302,41.4905803,-91.7033635,203.8856,1,05,2.0,0.02333,2063
2101383,41.4905809,-91.7033636,203.9362,1,06,1.6,0.05463,2063
2101475,41.4905808,-91.7033635,203.9351,1,06,1.6,0.10865,2063
2101620,41.4905808,-91.7033635,203.9351,1,06,1.6,0.10865,2063
2101791,41.4905810,-91.7033637,203.8986,1,06,1.6,0.06190,2063
2101882,41.4905808,-91.7033636,203.9010,1,06,1.6,0.20350,2063
2102035,41.4905808,-91.7033636,203.9010,1,06,1.6,0.20350,2063
2102555,41.4905815,-91.7033641,203.9312,1,06,1.6,0.09656,2063
2102707,41.4905815,-91.7033641,203.9312,1,06,1.6,0.09656,2063
2103031,41.4905816,-91.7033641,203.9439,1,06,1.6,0.10341,2063
2103202,41.4905816,-91.7033641,203.9439,1,06,1.6,0.10341,2063
2103502,41.4905816,-91.7033641,N,1,14.,4129.,0.10341,2063
2103772,41.4905820,-91.7033646,203.8876,1,06,1.6,0.04384,2063
2103969,41.4905819,-91.7033645,203.9371,1,06,1.6,0.04384,2063
2104089,41.4905819,-91.7033645,203.9371,1,06,1.6,0.04384,2063
2104364,41.4905819,-91.7033644,203.9415,1,05,2.1,0.04384,2063
2104570,41.4905819,-91.7033634,203.9802,1,05,2.1,0.24217,2063
2104674,41.4905816,-91.7033635,203.9364,1,05,2.1,0.06627,2063
2104824,41.4905816,-91.7033635,203.9364,1,05,2.1,0.06627,2063
2104993,41.4905817,-91.7033634,203.9646,1,05,2.1,0.06201,2063
2105272,41.4905818,-91.7033634,203.9816,1,05,2.1,0.03522,2063
2105442,41.4905818,-91.7033634,203.9816,1,05,2.1,0.03522,2063
2105680,41.4905815,-91.7033628,203.9594,1,06,1.6,0.06021,2063
2105838,41.4905815,-91.7033628,203.9594,1,06,1.6,0.06021,2063
2105978,41.4905814,-91.7033629,203.9095,1,05,2.1,0.04758,2063
2106088,41.4905816,-91.7033628,203.9564,1,05,2.1,0.05910,2063
2106250,41.4905816,-91.7033628,203.9564,1,05,2.1,0.05910,2063
2106482,41.4905820,-91.7033637,203.9311,1,05,2.1,0.10576,2063
2106763,41.4905820,-91.7033637,203.9311,1,05,2.1,0.10576,2063
2107076,41.4905819,-91.7033639,203.8792,1,24,0.6,0.05898,2063
2107202,41.4905819,-91.7033639,203.8792,1,24,0.6,0.05898,2063
2107470,41.4905828,-91.7033649,204.0195,1,05,2.1,0.03244,2063
2107595,41.4905828,-91.7033649,204.0195,1,05,2.1,0.03244,2063
2107771,41.4905827,-91.7033649,203.9858,1,05,2.1,0.03689,2063
2107832,41.4905827,-91.7033649,203.9858,1,05,2.1,0.03689,2063
2108081,41.4905828,-91.7033650,203.9949,1,05,2.1,0.05840,2063
2108195,41.4905828,-91.7033650,203.9949,1,05,2.1,0.05840,2063
2108326,41.4905829,-91.7033651,203.9987,1,05,2.1,0.05840,2063
2108472,41.4905829,-91.7033651,203.9987,1,05,2.1,0.05840,2063
2108671,41.4905829,-91.7033651,204.0062,1,05,2.1,0.05840,2063
2108879,41.4905832,-91.7033651,204.0496,1,05,2.1,0.01390,2063
2109035,41.4905832,-91.7033651,204.0496,1,05,2.1,0.01390,2063
2109179,41.4905825,-91.7033640,204.0014,1,05,2.1,0.01123,2063
2109283,41.4905826,-91.7033640,203.9973,1,05,2.1,0.02015,2063
2109543,41.4905826,-91.7033640,203.9973,1,05,2.1,0.02015,2063
2109877,41.4905826,-91.7033640,203.9973,1,05,2.1,0.03506,2063
2110048,41.4905827,-91.7033639,204.0314,1,05,2.1,0.07830,2063
2110198,41.4905827,-91.7033639,204.0314,1,05,2.1,0.07830,2063
2110539,41.4905827,-91.7033639,204.0314,1,05,2.1,0.07830,2063
2110784,41.4905824,-91.7033635,203.9650,1,05,2.1,0.13359,2063
2110991,41.4905823,-91.7033634,203.9736,1,23,0.6,0.14014,2063
2111125,41.4905821,-91.7033633,203.9386,1,23,0.6,0.11510.1,2063
2111238,41.4905821,-91.7033633,203.9386,1,23,0.6,0.11510.1,2063
2111526,41.4905833,-91.7033633,204.1043,1,05,2.1,0.10406,2063
2111664,41.4905833,-91.7033633,204.1043,1,05,2.1,0.10406,2063
2111858,41.4905833,-91.7033633,204.1043,1,05,2.1,0.11734,2063
2112044,41.4905832,-91.7033633,204.1115,1,21,0.7,0.11734,2063
2112213,41.4905832,-91.7033633,204.1115,1,21,0.7,0.11734,2063
2112484,41.4905840,-91.7033623,203.9754,1,05,2.1,0.11802,2063
2112637,41.4905840,-91.7033623,203.9754,1,05,2.1,0.11802,2063
2112904,41.4905837,-91.7033623,203.9563,1,05,2.1,0.08737,2063
2113026,41.4905836,-91.7033623,203.9418,1,05,2.1,0.10395,2063
2113210,41.4905836,-91.7033623,203.9418,1,05,2.1,0.10395,2063
2113363,41.4905847,-91.7033627,203.9826,1,05,2.1,0.10395,2063
2113430,41.4905847,-91.7033627,203.9826,1,05,2.1,0.10395,2063
2113516,41.4905845,-91.7033627,203.9580,1,05,2.1,0.10395,2063
2113661,41.4905845,-91.7033627,203.9360,1,05,2.1,0.07576,2063
2113772,41.4905844,-91.7033627,203.9344,1,05,2.1,0.06961,2063
2113846,41.4905844,-91.7033627,203.9344,1,05,2.1,0.06961,2063
2113978,41.4905844,-91.7033627,203.9344,1,05,2.1,0.14073,2063
2114085,41.4905845,-91.7033628,203.9308,1,05,2.1,0.15685,2063
2114212,41.4905845,-91.7033628,203.9308,1,05,2.1,0.15685,2063
2114520,41.4905846,-91.7033626,203.9716,1,05,2.1,0.15400,2063
2114669,41.4905846,-91.7033626,203.9716,1,05,2.1,0.15400,2063
2114881,41.4905846,-91.7033626,203.9716,1,05,2.1,0.09513,2063
2115089,41.4905848,-91.7033626,204.0133,1,05,2.1,0.09513,2063
2115381,41.4905848,-91.7033626,204.0133,1,05,2.1,0.09513,2063
2115879,41.4905852,-91.7033622,204.0414,1,05,2.1,0.13920,2063
2116026,41.4905852,-91.7033622,204.0414,1,05,2.1,0.13920,2063
2116305,41.4905858,-91.7033617,203.9809,1,05,2.1,0.16272,2063
2116456,41.4905858,-91.7033617,203.9809,1,05,2.1,0.16272,2063
2116540,41.4905858,-91.7033618,203.9769,1,05,2.1,0.16272,2063
2116675,41.4905859,-91.7033617,203.9964,1,05,2.1,0.13084,2063
2116826,41.4905859,-91.7033617,203.9964,1,05,2.1,0.13084,2063
2116976,41.4905858,-91.7033618,203.9778,1,05,2.1,0.07581,2063
2117082,41.4905858,-91.7033617,204.0215,1,05,2.1,0.07469,2063
2117215,41.4905858,-91.7033617,204.0215,1,05,2.1,0.07469,2063
2117575,41.4905864,-91.7033602,203.9426,1,05,2.1,0.21451,2063
2117681,41.4905865,-91.7033601,203.9567,1,05,2.1,0.21379,2063
2117843,41.4905865,-91.7033601,203.9567,1,05,2.1,0.21379,2063
2117978,41.4905866,-91.7033601,203.9562,1,05,2.1,0.15968,2063
2118088,41.4905867,-91.7033601,203.9837,1,05,2.1,0.12255,2063
2118343,41.4905867,-91.7033601,203.9837,1,05,2.1,0.12255,2063
2118675,41.4905867,-91.7033601,203.9837,1,05,2.1,0.12255,2063
2118930,41.4905864,-91.7033601,203.9060,1,05,2.1,0.37186,2063
2119090,41.4905864,-91.7033601,203.9060,1,05,2.1,0.37186,2063
2119287,41.4905864,-91.7033601,203.9060,1,05,2.1,0.37186,2063
2119676,41.4905867,-91.7033601,203.9769,1,05,2.1,0.24577,2063
2119809,41.4905867,-91.7033601,203.9769,1,05,2.1,0.24577,2063
2120022,41.4905866,-91.7033601,203.9357,1,05,2.1,0.31866,2063
2120090,41.4905866,-91.7033601,203.9357,1,05,2.1,0.31866,2063
2120445,41.4905864,-91.7033601,203.9108,1,05,2.1,0.31866,2063
2120557,41.4905864,-91.7033601,203.9108,1,05,2.1,0.31866,2063
2120672,41.4905866,-91.7033600,203.9726,1,05,2.1,0.10196,2063
2120789,41.4905867,-91.7033600,203.9617,1,05,2.1,0.33319,2063
2120852,41.4905867,-91.7033600,203.9617,1,05,2.1,0.33319,2063
2120933,41.4905866,-91.7033599,203.9703,1,05,2.1,0.33319,2063
2121203,41.4905867,-91.7033601,203.9961,1,05,2.1,0.18046,2063
2121451,41.4905867,-91.7033601,203.9961,1,05,2.1,0.18046,2063
2121634,41.4905865,-91.7033599,203.9708,1,05,2.1,0.24309,2063
2121765,41.4905867,-91.7033599,203.9785,1,05,2.1,0.07127,2063
2121869,41.4905865,-91.7033599,203.9658,1,05,2.1,0.07812,2063
2122003,41.4905865,-91.7033599,203.9658,1,05,2.1,0.07812,2063
2122252,41.4905866,-91.7033600,203.9771,1,05,2.1,0.05087,2063
2122374,41.4905866,-91.7033600,203.9771,1,05,2.1,0.05087,2063
2122523,41.4905871,-91.7033559,204.0473,1,05,2.1,0.08274,2063
2122678,41.4905874,-91.7033559,204.1165,1,05,2.1,0.10988,2063
2122820,41.4905874,-91.7033559,204.1165,1,05,2.1,0.10988,2063
2123175,41.4905872,-91.7033558,204.0577,1,05,2.1,0.19227,2063
2123283,41.4905874,-91.7033559,204.0631,1,05,2.1,0.21229,2063
2123430,41.4905874,-91.7033559,204.0631,1,05,2.1,0.21229,2063
2123579,41.4905873,-91.7033558,204.0760,1,05,2.1,0.21684,2063
2123682,41.4905872,-91.7033558,204.0555,1,05,2.1,0.17446,2063
2123832,41.4905872,-91.7033558,204.0555,1,05,2.1,0.17446,2063
2124402,41.4905889,-91.7033508,204.0946,1,06,1.6,0.13778,2063
2124534,41.4905889,-91.7033508,204.0946,1,06,1.6,0.13778,2063
2124868,41.4905889,-91.7033508,204.1048,1,06,1.6,0.08102,2063
2125007,41.4905889,-91.7033508,204.1048,1,06,1.6,0.08102,2063
2125198,41.4905889,-91.7033508,204.1009,1,06,1.6,0.05698,2063
2125268,41.4905889,-91.7033508,204.1009,1,06,1.6,0.05698,2063
2125439,41.4905892,-91.7033476,204.1296,1,06,1.6,0.05698,2063
2125516,41.4905892,-91.7033476,204.1296,1,06,1.6,0.05698,2063
2125676,41.4905894,-91.7033474,204.1458,1,06,1.6,0.15764,2063
2125818,41.4905894,-91.7033474,204.1458,1,06,1.6,0.15764,2063
2126279,41.4905903,-91.7033447,204.1505,1,06,1.6,0.30098,2063
2126429,41.4905903,-91.7033447,204.1505,1,06,1.6,0.30098,2063
2126578,41.4905903,-91.7033448,204.1168,1,06,1.6,0.29647,2063
2126681,41.4905903,-91.7033446,204.1219,1,06,1.6,0.31790,2063
2126840,41.4905903,-91.7033446,204.1219,1,06,1.6,0.31790,2063
2126984,41.4905903,-91.7033447,204.1449,1,06,1.6,0.34297,2063
2127209,41.4905903,-91.7033448,204.1164,1,06,1.6,0.36492,2063
2127349,41.4905903,-91.7033448,204.1164,1,06,1.6,0.36492,2063
2127669,41.4905903,-91.7033447,204.1279,1,06,1.6,0.12751,2063
2127816,41.4905903,-91.7033447,204.1279,1,06,1.6,0.12751,2063
2127972,41.4905903,-91.7033448,204.0875,1,06,1.6,0.23226,2063
2128098,41.4905903,-91.7033448,204.1007,1,06,1.6,0.16614,2063
2128222,41.4905903,-91.7033448,204.1007,1,06,1.6,0.16614,2063
2128744,41.4905937,-91.7033462,204.1100,1,06,1.6,0.11515,2063
2128902,41.4905937,-91.7033462,204.1100,1,06,1.6,0.11515,2063
2129177,41.4905942,-91.7033468,204.1178,1,05,2.0,0.10904,2063
2129280,41.4905944,-91.7033468,204.1415,1,05,2.0,0.16084,2063
2129433,41.4905944,-91.7033468,204.1415,1,05,2.0,0.16084,2063
2129726,41.4905942,-91.7033467,204.1354,1,05,2.0,0.22451,2063
2129879,41.4905942,-91.7033467,204.1354,1,05,2.0,0.22451,2063
2130285,41.4905940,-91.7033466,204.1722,1,25,0.6,0.25975,2063
2130443,41.4905940,-91.7033466,204.1722,1,25,0.6,0.25975,2063
2130899,41.4905942,-91.7033466,204.1803,1,25,0.6,0.26078,2063
2131029,41.4905942,-91.7033466,204.1803,1,25,0.6,0.26078,2063
2131197,41.4905942,-91.7033466,204.1803,1,25,0.6,0.26078,2063
2131280,41.4905923,-91.7033452,204.2856,1,05,2.0,0.26078,2063
2131426,41.4905923,-91.7033452,204.2856,1,05,2.0,0.26078,2063
2131574,41.4905923,-91.7033453,204.2516,1,25,0.6,0.34427,2063
2131800,41.4905921,-91.7033452,204.2606,1,25,0.6,0.38786,2063
2131940,41.4905921,-91.7033452,204.2606,1,25,0.6,0.38786,2063
2132262,41.4905925,-91.7033454,204.2834,1,24,0.6,0.32504,2063
2132344,41.4905925,-91.7033454,204.2834,1,24,0.6,0.32504,2063
2132484,41.4905915,-91.7033448,204.2529,1,25,0.6,0.23391,2063
2132622,41.4905915,-91.7033448,204.2529,1,25,0.6,0.23391,2063
2132968,41.4905915,-91.7033449,204.2448,1,25,0.6,0.20202,2063
2133074,41.4905915,-91.7033449,204.2448,1,25,0.6,0.20202,2063
2133226,41.4905915,-91.7033449,204.2448,1,25,0.6,0.20202,2063
2133297,41.4905913,-91.7033444,204.2893,1,25,0.6,0.20202,2063
2133567,41.4905913,-91.7033444,204.2893,1,25,0.6,0.20202,2063
2133777,41.4905913,-91.7033443,204.2636,1,25,0.6,0.02841,2063
2133872,41.4905912,-91.7033442,204.2741,1,25,0.6,0.14499,2063
2134005,41.4905912,-91.7033442,204.2741,1,25,0.6,0.14499,2063
2134275,41.4905907,-91.7033436,204.2686,1,25,0.6,0.12561,2063
2134409,41.4905907,-91.7033436,204.2686,1,25,0.6,0.12561,2063
2134678,41.4905907,-91.7033435,204.2805,1,25,0.6,0.01790,2063
2134817,41.4905907,-91.7033435,204.2805,1,25,0.6,0.01790,2063
2135082,41.4905907,-91.7033436,204.2589,1,25,0.6,0.06111,2063
2135196,41.4905907,-91.7033436,204.2589,1,25,0.6,0.06111,2063
2135284,41.4905905,-91.7033431,204.2463,1,25,0.6,0.06111,2063
2135424,41.4905905,-91.7033431,204.2463,1,25,0.6,0.06111,2063
2135684,41.4905905,-91.7033432,204.2509,1,25,0.6,0.10118,2063
2135828,41.4905905,-91.7033432,204.2509,1,25,0.6,0.10118,2063
2136066,41.4905905,-91.7033431,204.2716,1,24,0.6,0.09728,2063
2136173,41.4905906,-91.7033430,204.2846,1,23,0.6,0.08369,2063
2136367,41.4905906,-91.7033430,204.2846,1,23,0.6,0.08369,2063
2136583,41.4905910,-91.7033435,204.1848,1,25,0.6,0.08142,2063
2136709,41.4905910,-91.7033435,204.1848,1,25,0.6,0.08142,2063
2136766,41.4905910,-91.7033436,204.1924.34,1,24,0.6,0.04439,2063
2136823,41.4905910,-91.7033435,204.1892,1,24,0.6,0.04439,2063
2137009,41.4905910,-91.7033434,204.2041,1,24,0.6,0.04380,2063
2137070,41.4905910,-91.7033434,204.2041,1,24,0.6,0.04380,2063
2137200,41.4905909,-91.7033434,204.1943,1,24,0.6,0.04380,2063
2137268,41.4905909,-91.7033434,204.1943,1,24,0.6,0.04380,2063
2137504,41.4905920,-91.7033439,204.2106,1,24,0.6,0.04380,2063
2137659,41.4905920,-91.7033439,204.2106,1,24,0.6,0.04380,2063
2137789,41.4905918,-91.7033440,204.1691,1,24,0.6,0.22173,2063
2137884,41.4905917,-91.7033439,204.1821,1,24,0.6,0.23053,2063
2138034,41.4905917,-91.7033439,204.1821,1,24,0.6,0.23053,2063
2138286,41.4905931,-91.7033441,204.2222,1,24,0.6,0.12565,2063
2138439,41.4905931,-91.7033441,204.2222,1,24,0.6,0.12565,2063
2138804,41.4905931,-91.7033443,204.1912,1,24,0.6,0.09985,2063
2138935,41.4905931,-91.7033443,204.1912,1,24,0.6,0.09985,2063
2139374,41.4905941,-91.7033440,204.1940,1,23,0.6,0.21104,2063
2139610,41.4905941,-91.7033440,204.1940,1,23,0.6,0.03951,2063
2139780,41.4905940,-91.7033440,204.2020,1,23,0.6,0.03951,2063
2140002,41.4905942,-91.7033441,204.1733,1,24,0.6,0.08560.0,2063
2140255,41.4905940,-91.7033440,204.2003,1,24,0.6,0.08171,2063
2140334,41.4905940,-91.7033440,204.2003,1,24,0.6,0.08171,2063
2140483,41.4905949,-91.7033436,204.2586,1,24,0.6,0.05491,2063
2140633,41.4905949,-91.7033436,204.2586,1,24,0.6,0.05491,2063
2140878,41.4905951,-91.7033436,204.3142,1,24,0.6,0.10866,2063
2141030,41.4905951,-91.7033436,204.3142,1,24,0.6,0.10866,2063
2141390,41.4905940,-91.7033419,204.2426,1,24,0.6,0.17384,2063
2141488,41.4905939,-91.7033417,204.2396,1,24,0.6,0.14800,2063
2141643,41.4905939,-91.7033417,204.2396,1,24,0.6,0.14800,2063
2141888,41.4905936,-91.7033416,204.2046,1,24,0.6,0.09843,2063
2142164,41.4905936,-91.7033416,204.2046,1,24,0.6,0.09843,2063
2142468,41.4905943,-91.7033414,204.3279,1,22,0.6,0.12574,2063
2142612,41.4905943,-91.7033414,204.3279,1,22,0.6,0.12574,2063
2142871,41.4905943,-91.7033413,204.3467,1,24,0.6,0.11560,2063
2143019,41.4905943,-91.7033413,204.3467,1,24,0.6,0.11560,2063
2143474,41.4905947,-91.7033407,204.2748,1,24,0.6,0.08557,2063
2143623,41.4905947,-91.7033407,204.2748,1,24,0.6,0.08557,2063
2144012,41.4905947,-91.7033408,204.2650,1,24,0.6,0.04104,2063
2144256,41.4905947,-91.7033406,204.2878,1,24,0.6,0.09033,2063
2144471,41.4905947,-91.7033406,204.2878,1,24,0.6,0.14071,2063
2144656,41.4905957,-91.7033418,204.3255,1,05,2.0,0.14071,2063
2144810,41.4905957,-91.7033418,204.3255,1,05,2.0,0.14071,2063
2144873,41.4905957,-91.7033418,204.3255,1,05,2.0,0.14071,2063
2145107,41.4905959,-91.7033417,204.3740,1,24,0.6,0.14071,2063
2145256,41.4905959,-91.7033417,204.3740,1,24,0.6,0.14071,2063
2145383,41.4905956,-91.7033432,204.3073,1,24,0.6,0.06742,2063
2145605,41.4905956,-91.7033433,204.2971,1,24,0.6,0.04635,2063
2145765,41.4905956,-91.7033433,204.2971,1,24,0.6,0.04635,2063
2146044,41.4905956,-91.7033433,204.2602,1,24,0.6,0.04635,2063
2146190,41.4905956,-91.7033433,204.2602,1,24,0.6,0.04635,2063
2146275,41.4905965,-91.7033435,204.2547,1,05,2.0,0.13960,2063
2146416,41.4905965,-91.7033435,204.2547,1,05,2.0,0.13960,2063
2146511,41.4905965,-91.7033435,204.2547,1,05,2.0,0.09239,2063
2146582,41.4905965,-91.7033436,204.2578,1,05,2.0,0.09239,2063
2146678,41.4905966,-91.7033435,204.2888,1,24,0.6,0.13853,2063
2146816,41.4905966,-91.7033435,204.2888,1,24,0.6,0.13853,2063
2147192,41.4905970,-91.7033439,204.2273,1,24,0.6,0.07599,2063
2147312,41.4905972,-91.7033440,204.2018,1,24,0.6,0.11917,2063
2147455,41.4905972,-91.7033440,204.2018,1,24,0.6,0.11917,2063
2147786,41.4905972,-91.7033440,204.2208,1,24,0.6,0.11191,2063
2147895,41.4905972,-91.7033440,204.2208,1,24,0.6,0.11191,2063
2148168,41.4905972,-91.7033439,204.2273,1,24,0.6,0.11191,2063
2148538,41.4905979,-91.7033445,204.2050,1,24,0.6,0.23879,2063
2148817,41.4905978,-91.7033444,204.1917,1,23,0.6,0.2629M,2063
2148878,41.4905978,-91.7033444,204.1917,1,23,0.6,0.2629M,2063
2149178,41.4905979,-91.7033445,204.2078,1,22,0.6,0.2629M,2063
2149350,41.4905979,-91.7033445,204.2078,1,22,0.6,0.2629M,2063
2149478,41.4906004,-91.7033451,204.1893,1,24,0.6,0.26787,2063
2149614,41.4906004,-91.7033451,204.1893,1,24,0.6,0.26787,2063
2150002,41.4906003,-91.7033451,204.1879,1,22,0.6,0.32785,2063
2150125,41.4906003,-91.7033451,204.1879,1,22,0.6,0.32785,2063
2150370,41.4906003,-91.7033453,204.173,1,22,0.6,0.32785,2063
2150451,41.4906014,-91.7033453,204.2529,1,24,0.6,0.11455,2063
2150682,41.4906013,-91.7033454,204.2016,1,22,0.6,0.02335,2063
2150828,41.4906013,-91.7033454,204.2016,1,22,0.6,0.02335,2063
2151246,41.4906012,-91.7033455,204.1653,1,22,0.6,0.14781,2063
2151485,41.4906017,-91.7033460,204.2426,1,24,0.6,0.09235,2063
2151638,41.4906017,-91.7033460,204.2426,1,24,0.6,0.09235,2063
2152003,41.4906018,-91.7033461,204.2141,1,23,0.6,0.09121,2063
2152136,41.4906018,-91.7033461,204.2141,1,23,0.6,0.09121,2063
2152381,41.4906005,-91.7033467,204.1410,1,22,0.6,0.13675,2063
2152473,41.4906005,-91.7033465,204.2038,1,22,0.6,0.21632,2063
2152616,41.4906005,-91.7033465,204.2038,1,22,0.6,0.21632,2063
2152877,41.4906005,-91.7033465,204.1731,1,22,0.6,0.13887,2063
2153021,41.4906005,-91.7033465,204.1731,1,22,0.6,0.13887,2063
2153278,41.4906006,-91.7033466,204.1849,1,05,2.0,0.22538,2063
2153426,41.4906006,-91.7033466,204.1849,1,05,2.0,0.22538,2063
2153591,41.4906006,-91.7033467,204.1485,1,05,2.0,0.24440,2063
2153682,41.4906007,-91.7033467,204.1760,1,05,2.0,0.51403,2063
2153838,41.4906007,-91.7033467,204.1760,1,05,2.0,0.51403,2063
2153978,41.4906006,-91.7033467,204.1614,1,05,2.0,0.51857,2063
2154089,41.4906006,-91.7033466,204.2109,1,05,2.0,0.44909,2063
2154240,41.4906006,-91.7033466,204.2109,1,05,2.0,0.44909,2063
2154487,41.4906032,-91.7033478,204.0682,1,05,2.0,0.37306,2063
2154767,41.4906032,-91.7033478,204.0682,1,05,2.0,0.37306,2063
2154902,41.4906032,-91.7033478,204.0682,1,05,2.0,0.38055,2063
2154978,41.4906032,-91.7033479,204.0711,1,05,2.0,0.38055,2063
2155154,41.4906031,-91.7033478,204.0819,1,05,2.0,0.37255,2063
2155279,41.4906031,-91.7033478,204.0819,1,05,2.0,0.37255,2063
2155663,41.4906052,-91.7033489,204.1647,1,23,0.6,0.37255,2063
2155777,41.4906052,-91.7033489,204.1647,1,23,0.6,0.37255,2063
2156023,41.4906051,-91.7033491,204.1340,1,22,0.6,0.35962,2063
2156359,41.4906051,-91.7033491,204.1340,1,22,0.6,0.3357299,2063
2156477,41.4906052,-91.7033491,204.1170,1,20,0.6,0.3357299,2063
2156652,41.4906052,-91.7033491,204.1170,1,20,0.6,0.29873,2063
2156884,41.4906064,-91.7033483,204.2319,1,23,0.6,0.33777,2063
2157024,41.4906064,-91.7033483,204.2319,1,23,0.6,0.33777,2063
2157422,41.4906064,-91.7033483,204.2226,1,05,2.0,0.32396,2063
2157551,41.4906064,-91.7033483,204.2226,1,05,2.0,0.32396,2063
2157816,41.4906064,-91.7033483,204.2226,1,05,2.0,0.32396,2063
2158151,41.4906064,-91.7033483,204.2479,1,05,2.0,0.30865,2063
2158324,41.4906064,-91.7033483,204.2479,1,05,2.0,0.30865,2063
2158450,41.4906064,-91.7033483,204.2479,1,05,2.0,0.30865,2063
2158671,41.4906068,-91.7033482,204.3195,1,25,0.6,0.29388,2063
2158773,41.4906068,-91.7033482,204.3195,1,25,0.6,0.29388,2063
2159083,41.4906063,-91.7033483,204.2211,1,24,0.6,0.32790,2063
2159195,41.4906063,-91.7033483,204.2211,1,24,0.6,0.32790,2063
2159281,41.4906086,-91.7033520,204.1652,1,25,0.6,0.32790,2063
2159423,41.4906086,-91.7033520,204.1652,1,25,0.6,0.32790,2063
2159678,41.4906086,-91.7033518,204.1833,1,25,0.6,0.20303,2063
2159822,41.4906086,-91.7033518,204.1833,1,25,0.6,0.20303,2063
2160104,41.4906086,-91.7033520,204.1842,1,25,0.6,0.14142,2063
2160254,41.4906086,-91.7033520,204.1842,1,25,0.6,0.14142,2063
2160483,41.4906090,-91.7033521,204.1647,1,25,0.6,0.11237,2063
2160634,41.4906090,-91.7033521,204.1647,1,25,0.6,0.11237,2063
2161032,41.4906090,-91.7033522,204.1360,1,25,0.6,0.07323,2063
2161299,41.4906076,-91.7033525,204.1288,1,25,0.6,0.10608,2063
2161420,41.4906076,-91.7033525,204.1122,1,25,0.6,0.28098,2063
2161488,41.4906076,-91.7033525,204.1122,1,25,0.6,0.28098,2063
2161625,41.4906075,-91.7033526,204.0791,1,25,0.6,0.28098,2063
2161780,41.4906075,-91.7033526,204.0791,1,25,0.6,0.28098,2063
2162083,41.4906073,-91.7033526,204.0448,1,21,0.6,0.20875,2063
2162199,41.4906073,-91.7033526,204.0448,1,21,0.6,0.20875,2063
2162458,41.4906058,-91.7033533,204.0922,1,25,0.6,0.20875,2063
2162572,41.4906058,-91.7033533,204.0922,1,25,0.6,0.20875,2063
2162809,41.4906057,-91.7033533,204.1205,1,23,0.6,0.17879,2063
2163065,41.4906057,-91.7033533,204.1202,1,22,0.6,0.34120.2,2063
2163219,41.4906057,-91.7033533,204.1202,1,22,0.6,0.34120.2,2063
2163478,41.4906057,-91.7033533,204.1202,1,22,0.6,0.36268,2063
2163616,41.4906039,-91.7033536,204.0179,1,25,0.6,0.35515,2063
2163799,41.4906039,-91.7033536,204.0179,1,25,0.6,0.35515,2063
2163888,41.4906039,-91.7033536,204.0179,1,25,0.6,0.08684,2063
2164303,41.4906036,-91.7033535,204.0194,1,25,0.6,0.08684,2063
2164435,41.4906036,-91.7033535,204.0194,1,25,0.6,0.08684,2063
2164676,41.4906020,-91.7033539,204.0829,1,25,0.6,0.06042,2063
2164834,41.4906020,-91.7033539,204.0829,1,25,0.6,0.06042,2063
2165079,41.4906019,-91.7033538,204.0857,1,25,0.6,0.01530,2063
2165204,41.4906019,-91.7033538,204.0857,1,25,0.6,0.01530,2063
2165482,41.4906006,-91.7033542,204.1109,1,25,0.6,0.01530,2063
2165648,41.4906006,-91.7033542,204.1109,1,25,0.6,0.01530,2063
2165780,41.4906010,-91.7033543,204.1451,1,23,0.6,0.14687,2063
2165880,41.4906008,-91.7033542,204.1632,1,25,0.6,0.14935,2063
2166034,41.4906008,-91.7033542,204.1632,1,25,0.6,0.14935,2063
2166464,41.4906010,-91.7033546,204.1658,1,24,0.6,0.13472,2063
2166592,41.4906010,-91.7033546,204.1658,1,24,0.6,0.13472,2063
2166837,41.4906011,-91.7033547,204.1645,1,24,0.6,0.12795,2063
2167089,41.4906010,-91.7033547,204.1405,1,22,0.6,0.07834,2063
2167226,41.4906010,-91.7033547,204.1405,1,22,0.6,0.07834,2063
2167606,41.4906011,-91.7033550,204.0948,1,22,0.6,0.07834,2063
2167749,41.4906011,-91.7033550,204.0948,1,22,0.6,0.07834,2063
2167989,41.4906012,-91.7033552,204.1125,1,22,0.6,0.07666,2063
2168080,41.4906012,-91.7033552,204.1155,1,23,0.6,0.06806,2063
2168202,41.4906012,-91.7033552,204.1155,1,23,0.6,0.06806,2063
2168463,41.4906027,-91.7033550,204.1184,1,25,0.6,0.06806,2063
2168584,41.4906027,-91.7033550,204.1184,1,25,0.6,0.06806,2063
2168819,41.4906025,-91.7033550,204.1132,1,24,0.6,0.06758,2063
2169083,41.4906027,-91.7033551,204.0970,1,22,0.6,0.06874,2063
2169214,41.4906027,-91.7033551,204.0970,1,22,0.6,0.06874,2063
2169483,41.4906026,-91.7033555,204.1035,1,24,0.6,0.06874,2063
2169643,41.4906026,-91.7033555,204.1035,1,24,0.6,0.06874,2063
2169884,41.4906026,-91.7033555,204.1144,1,24,0.6,0.14970,2063
2170041,41.4906026,-91.7033555,204.1144,1,24,0.6,0.14970,2063
2170392,41.4906030,-91.7033559,204.1219,1,24,0.6,0.16822,2063
2170489,41.4906030,-91.7033560,204.0867,1,24,0.6,0.13431,2063
2170752,41.4906030,-91.7033560,204.0867,1,24,0.6,0.13431,2063
2171073,41.4906030,-91.7033561,204.0708,1,21,0.6,0.14037,2063
2171155,41.4906031,-91.7033561,204.0818,1,21,0.6,0.13082,2063
2171217,41.4906031,-91.7033561,204.0818,1,21,0.6,0.13082,2063
2171457,41.4906032,-91.7033565,204.1766,1,23,0.6,0.10609,2063
2171558,41.4906032,-91.7033565,204.1766,1,23,0.6,0.10609,2063
2171806,41.4906031,-91.7033567,204.1172,1,23,0.6,0.05804,2063
2172061,41.4906030,-91.7033567,204.1091,1,23,0.6,0.03229,2063
2172174,41.4906030,-91.7033567,204.1091,1,23,0.6,0.03229,2063
2172423,41.4906030,-91.7033572,204.2189,1,24,0.6,0.18017,2063
2172681,41.4906030,-91.7033573,204.2147,1,21,0.6,0.38658,2063
2172824,41.4906030,-91.7033573,204.2147,1,21,0.6,0.38658,2063
2173236,41.4906032,-91.7033574,204.2090,1,20,0.6,0.39110,2063
2173347,41.4906032,-91.7033574,204.2090,1,20,0.6,0.39110,2063
2173622,41.4906032,-91.7033574,204.2090,1,20,0.6,0.48647,2063
2173823,41.4906030,-91.7033573,204.2018,1,23,0.6,0.48647,2063
2174080,41.4906030,-91.7033573,204.2018,1,23,0.6,0.48647,2063
2174381,41.4906032,-91.7033573,204.2259,1,23,0.6,0.48647,2063
2174752,41.4906031,-91.7033572,204.2490,1,23,0.6,0.40017,2063
2174840,41.4906031,-91.7033572,204.2490,1,23,0.6,0.40017,2063
2175081,41.4906030,-91.7033575,204.1804,1,21,0.7,0.30814,2063
2175196,41.4906030,-91.7033575,204.1804,1,21,0.7,0.30814,2063
2175279,41.4905975,-91.7033596,204.6081,1,23,0.6,0.30814,2063
2175423,41.4905975,-91.7033596,204.6081,1,23,0.6,0.30814,2063
2175660,41.4905974,-91.7033598,204.5878,1,23,0.6,0.07490,2063
2175760,41.4905975,-91.7033597,204.6126,1,22,0.6,0.16567,2063
2175838,41.4905975,-91.7033597,204.6126,1,22,0.6,0.16567,2063
2175980,41.4905975,-91.7033598,204.5916,1,21,0.6,0.11440,2063
2176168,41.4905974,-91.7033597,204.5885,1,22,0.6,0.03934,2063
2176280,41.4905974,-91.7033597,204.5885,1,22,0.6,0.03934,2063
2176674,41.4905971,-91.7033595,204.5318,1,23,0.6,0.20029,2063
2176878,41.4905972,-91.7033596,204.5138,1,23,0.6,0.17016,2063
2177169,41.4905972,-91.7033596,204.5138,1,23,0.6,0.17016,2063
2177338,41.4905972,-91.7033596,204.5138,1,23,0.6,0.17016,2063
2177671,41.4905965,-91.7033606,204.5350,1,23,0.6,0.22226,2063
2177813,41.4905965,-91.7033606,204.5350,1,23,0.6,0.22226,2063
2178082,41.4905966,-91.7033605,204.5552,1,21,0.6,0.19817,2063
2178206,41.4905966,-91.7033605,204.5552,1,21,0.6,0.19817,2063
2178466,41.4905957,-91.7033620,204.4406,1,25,0.6,0.19817,2063
2178592,41.4905957,-91.7033620,204.4406,1,25,0.6,0.19817,2063
2178793,41.4905957,-91.7033619,204.4614,1,25,0.6,0.14937,2063
2178973,41.4905957,-91.7033619,204.4614,1,25,0.6,0.18508,2063
2179100,41.4905957,-91.7033619,204.4614,1,25,0.6,0.18508,2063
2179483,41.4905956,-91.7033619,204.4344,1,23,0.6,0.15146,2063
2179638,41.4905956,-91.7033619,204.4344,1,23,0.6,0.15146,2063
2179886,41.4905958,-91.7033619,204.4566,1,23,0.6,0.20282,2063
2180044,41.4905958,-91.7033619,204.4566,1,23,0.6,0.20282,2063
2180444,41.4905959,-91.7033623,204.3447,1,25,0.6,0.22209,2063
2180803,41.4905959,-91.7033622,204.3231,1,24,0.6,0.19279,2063
2180942,41.4905959,-91.7033622,204.3231,1,24,0.6,0.19279,2063
2181554,41.4905963,-91.7033627,204.3311,1,25,0.6,0.18612,2063
2181655,41.4905963,-91.7033627,204.3311,1,25,0.6,0.18612,2063
2181970,41.4905962,-91.7033628,204.2766,1,25,0.6,0.23718,2063
2182087,41.4905962,-91.7033628,204.2766,1,25,0.6,0.23718,2063
2182251,41.4905962,-91.7033628,204.2766,1,25,0.6,0.23718,2063
2182479,41.4905971,-91.7033628,204.3101,1,25,0.6,0.24964,2063
2182633,41.4905971,-91.7033628,204.3101,1,25,0.6,0.24964,2063
2182881,41.4905968,-91.7033629,204.2525,1,25,0.6,0.28876,2063
2183041,41.4905968,-91.7033629,204.2525,1,25,0.6,0.28876,2063
2183394,41.4905978,-91.7033633,204.3053,1,24,0.6,0.24907,2063
2183567,41.4905978,-91.7033633,204.3053,1,24,0.6,0.24907,2063
2184025,41.4905979,-91.7033632,204.3156,1,25,0.6,0.24907,2063
2184185,41.4905979,-91.7033632,204.3156,1,25,0.6,0.24907,2063
2184411,41.4905977,-91.7033631,204.3271,1,24,0.6,0.24907,2063
2184780,41.4905978,-91.7033633,204.3030,1,23,0.7,0.2620M,2063
2184922,41.4905978,-91.7033633,204.3030,1,23,0.7,0.2620M,2063
2184973,41.4905978,-91.7033633,204.2824,1,23,0.7,0.21121,2063
2185077,41.4905977,-91.7033634,204.2685,1,23,0.7,0.16968,2063
2185187,41.4905977,-91.7033634,204.2685,1,23,0.7,0.16968,2063
2185278,41.4905989,-91.7033655,204.2556,1,24,0.6,0.16968,2063
2185413,41.4905989,-91.7033655,204.2556,1,24,0.6,0.16968,2063
2185678,41.4905990,-91.7033655,204.2906,1,24,0.6,0.20636,2063
2185816,41.4905990,-91.7033655,204.2906,1,24,0.6,0.20636,2063
2186085,41.4905988,-91.7033655,204.2602,1,23,0.6,0.13819,2063
2186202,41.4905988,-91.7033655,204.2602,1,23,0.6,0.13819,2063
2186289,41.4905982,-91.7033666,204.1266,1,24,0.6,0.13819,2063
2186431,41.4905982,-91.7033666,204.1266,1,24,0.6,0.13819,2063
2186858,41.4905983,-91.7033665,204.1662,1,22,0.7,0.20322,2063
2186975,41.4905983,-91.7033665,204.1662,1,22,0.7,0.20322,2063
2187328,41.4905982,-91.7033667,204.1110,1,22,0.7,0.18579,2063
2187619,41.4905983,-91.7033667,204.1464,1,24,0.6,0.18797,2063
2187748,41.4905983,-91.7033667,204.1464,1,24,0.6,0.18797,2063
2187988,41.4905983,-91.7033667,204.1430,1,24,0.6,0.15475,2063
2188077,41.4905982,-91.7033666,204.1506,1,24,0.6,0.18595,2063
2188191,41.4905982,-91.7033666,204.1506,1,24,0.6,0.18595,2063
2188279,41.4905987,-91.7033690,204.1245,1,24,0.6,0.18595,2063
2188423,41.4905987,-91.7033690,204.1245,1,24,0.6,0.18595,2063
2188679,41.4905987,-91.7033690,204.1067,1,24,0.6,0.16520,2063
2188823,41.4905987,-91.7033690,204.1067,1,24,0.6,0.16520,2063
2189085,41.4905986,-91.7033691,204.0636,1,24,0.6,0.27678,2063
2189209,41.4905986,-91.7033691,204.0636,1,24,0.6,0.27678,2063
2189470,41.4905995,-91.7033696,204.1068,1,24,0.6,0.27678,2063
2189633,41.4905995,-91.7033696,204.1068,1,24,0.6,0.27678,2063
2189790,41.4905996,-91.7033694,204.1709,1,24,0.6,0.31050,2063
2189887,41.4905997,-91.7033694,204.1736,1,24,0.6,0.29147,2063
2190043,41.4905997,-91.7033694,204.1736,1,24,0.6,0.29147,2063
2190593,41.4905992,-91.7033708,204.0570,1,24,0.6,0.22543,2063
2190782,41.4905992,-91.7033708,204.0570,1,24,0.6,0.22543,2063
2190991,41.4905994,-91.7033708,204.0767,1,24,0.6,0.24962,2063
2191079,41.4905994,-91.7033707,204.0743,1,24,0.6,0.30724,2063
2191195,41.4905994,-91.7033707,204.0743,1,24,0.6,0.30724,2063
2191454,41.4905993,-91.7033708,204.0654,1,24,0.6,0.30724,2063
2191568,41.4905993,-91.7033708,204.0654,1,24,0.6,0.30724,2063
2191808,41.4905993,-91.7033709,204.0253,1,24,0.6,0.31623,2063
2192068,41.4905993,-91.7033709,204.0471,1,24,0.6,0.3833M,2063
2192186,41.4905993,-91.7033709,204.0471,1,24,0.6,0.3833M,2063
2192432,41.4905992,-91.7033709,204.0144,1,24,0.6,0.43969,2063
2192617,41.4905992,-91.7033711,4129.435953,1,24,00,0.3230M,2063
2192806,41.4905992,-91.7033711,4129.435953,1,24,00,0.3230M,2063
2192891,41.4905993,-91.7033712,203.9632,1,24,0.6,0.3230M,2063
2193215,41.4905993,-91.7033710,203.9811,1,24,0.6,0.3230M,2063
2193339,41.4905993,-91.7033710,203.9811,1,24,0.6,0.3230M,2063
2193716,41.4905991,-91.7033711,203.9555,1,24,0.6,0.19895,2063
2194222,41.4905993,-91.7033711,203.9714,1,22,0.7,0.30968,2063
2194370,41.4905991,-91.7033712,203.9600,1,24,0.6,0.24582,2063
2194473,41.4905993,-91.7033711,203.9805,1,24,0.6,0.23767,2063
2194624,41.4905993,-91.7033711,203.9805,1,24,0.6,0.23767,2063
2194877,41.4905993,-91.7033710,204.0029,1,24,0.6,0.17536,2063
2195028,41.4905993,-91.7033710,204.0029,1,24,0.6,0.17536,2063
2195588,41.4905991,-91.7033710,204.0126,1,24,0.6,0.21401,2063
2195819,41.4905992,-91.7033711,203.9977,1,24,0.6,0.22722,2063
2195968,41.4905992,-91.7033711,203.9977,1,24,0.6,0.22722,2063
2196252,41.4905991,-91.7033710,204.0359,1,24,0.6,0.22722,2063
2196563,41.4905992,-91.7033713,204.0324,1,24,0.6,0.07765,2063
2196684,41.4905992,-91.7033713,204.0324,1,24,0.6,0.07765,2063
2197092,41.4905992,-91.7033711,204.0591,1,23,0.6,0.07069,2063
2197249,41.4905992,-91.7033711,204.0591,1,23,0.6,0.07069,2063
2197487,41.4905993,-91.7033711,204.0737,1,24,0.6,0.04589,2063
2197788,41.4905993,-91.7033711,204.0737,1,24,0.6,0.04589,2063
2197970,41.4905991,-91.7033712,204.0482,1,24,0.6,0.10359,2063
2198080,41.4905992,-91.7033711,204.0513,1,23,0.6,0.07816,2063
2198184,41.4905992,-91.7033711,204.0513,1,23,0.6,0.07816,2063
2198385,41.4905969,-91.7033799,203.9223,1,23,0.6,0.07816,2063
2198479,41.4905969,-91.7033799,203.9223,1,23,0.6,0.07816,2063
2199023,41.4905971,-91.7033800,203.9575,1,23,0.6,0.00397,2063
2199113,41.4905971,-91.7033800,203.9575,1,23,0.6,0.00397,2063
2199480,41.4905968,-91.7033804,203.9929,1,24,0.6,0.00347,2063
2199617,41.4905968,-91.7033804,203.9929,1,24,0.6,0.00347,2063
2199882,41.4905973,-91.7033807,204.0475,1,24,0.6,0.03517,2063
2200022,41.4905973,-91.7033807,204.0475,1,24,0.6,0.03517,2063
2200379,41.4905965,-91.7033814,203.9670,1,23,0.6,0.07762,2063
2200479,41.4905965,-91.7033814,203.9670,1,23,0.6,0.07762,2063
2200969,41.4905967,-91.7033815,203.9690,1,23,0.6,0.12189,2063
2201074,41.4905967,-91.7033815,203.9690,1,23,0.6,0.12189,2063
2201345,41.4905967,-91.7033815,203.9690,1,23,0.6,0.12189,2063
2201599,41.4905965,-91.7033814,204.0034,1,23,0.6,0.12189,2063
2201664,41.4905965,-91.7033814,204.0034,1,23,0.6,0.12189,2063
2201875,41.4905970,-91.7033815,204.0786,1,23,0.6,0.11973,2063
2202010,41.4905970,-91.7033815,204.0786,1,23,0.6,0.11973,2063
2202279,41.4905971,-91.7033815,204.0612,1,23,0.6,0.13779,2063
2202415,41.4905971,-91.7033815,204.0612,1,23,0.6,0.13779,2063
2202680,41.4905968,-91.7033814,203.9981,1,22,0.7,0.16056,2063
2202825,41.4905968,-91.7033814,203.9981,1,22,0.7,0.16056,2063
2203084,41.4905965,-91.7033816,203.9509,1,21,0.7,0.23913,2063
2203203,41.4905965,-91.7033816,203.9509,1,21,0.7,0.23913,2063
2203391,41.4905975,-91.7033836,203.9698,1,23,0.6,0.23913,2063
2203499,41.4905975,-91.7033836,203.9698,1,23,0.6,0.23913,2063
2203802,41.4905973,-91.7033835,203.9761,1,23,0.6,0.05840,2063
2203889,41.4905973,-91.7033836,203.9400,1,23,0.6,0.13308,2063
2204038,41.4905973,-91.7033836,203.9400,1,23,0.6,0.13308,2063
2204612,41.4905975,-91.7033836,203.9520,1,05,2.1,0.02031,2063
2204729,41.4905973,-91.7033836,203.9471,1,05,2.1,0.10735,2063
2204797,41.4905973,-91.7033836,203.9471,1,05,2.1,0.10735,2063
2204875,41.4905974,-91.7033835,203.9805,1,05,2.1,0.25589,2063
2204966,41.4905974,-91.7033835,203.9805,1,05,2.1,0.25589,2063
2205103,41.4905974,-91.7033836,203.9644,1,21,0.7,0.28090,2063
2205577,41.4905976,-91.7033836,203.9203018,1,23,0.6,0.26599,2063
2205831,41.4905976,-91.7033836,203.9662,1,23,0.6,0.32081,2063
2205914,41.4905976,-91.7033836,203.9859,1,23,0.6,0.32081,2063
2205990,41.4905976,-91.7033837,203.9639,1,23,0.6,0.24900.2,2063
2206088,41.4905975,-91.7033836,203.9400,1,23,0.6,0.38803,2063
2206219,41.4905975,-91.7033836,203.9400,1,23,0.6,0.38803,2063
2206465,41.4905975,-91.7033836,203.9400,1,23,0.6,0.38803,2063
2206673,41.4905991,-91.7033818,204.1260,1,23,0.6,0.30849,2063
2206848,41.4905991,-91.7033818,204.1260,1,23,0.6,0.30849,2063
2206939,41.4905991,-91.7033818,204.1260,1,23,0.6,0.30849,2063
2207209,41.4905991,-91.7033817,204.1142,1,21,0.7,0.25995,2063
2207342,41.4905991,-91.7033817,204.1142,1,21,0.7,0.25995,2063
2207584,41.4905991,-91.7033816,204.1337,1,23,0.6,0.27951,2063
2207675,41.4905991,-91.7033818,204.1215,1,23,0.6,0.22723,2063
2207820,41.4905991,-91.7033818,204.1215,1,23,0.6,0.22723,2063
2208082,41.4905992,-91.7033818,204.1259,1,05,2.1,0.16111,2063
2208204,41.4905992,-91.7033818,204.1259,1,05,2.1,0.16111,2063
2208463,41.4905987,-91.7033806,204.1244,1,23,0.6,0.16111,2063
2208579,41.4905987,-91.7033806,204.1244,1,23,0.6,0.16111,2063
2208814,41.4905987,-91.7033806,204.1281,1,23,0.6,0.23814,2063
2209191,41.4905989,-91.7033806,204.1331,1,23,0.6,0.1968583,2063
2209314,41.4905989,-91.7033806,204.1331,1,23,0.6,0.1968583,2063
2209612,41.4905991,-91.7033794,204.1928,1,23,0.6,0.1968583,2063
2209813,41.4905989,-91.7033793,204.1886,1,23,0.6,0.09685,2063
2209979,41.4905989,-91.7033793,204.1886,1,23,0.6,0.09685,2063
2210094,41.4905989,-91.7033793,204.1886,1,23,0.6,0.09685,2063
2210497,41.4905990,-91.7033794,204.1707,1,23,0.6,0.09685,2063
2210681,41.4905990,-91.7033794,204.1707,1,23,0.6,0.09685,2064
2210975,41.4905993,-91.7033789,204.1617,1,23,0.6,0.06917,2064
2211143,41.4905993,-91.7033789,204.1575,1,23,0.6,0.0419305,2064
2211221,41.4905993,-91.7033789,204.1447,1,23,0.6,0.0419305,2064
2211463,41.4905998,-91.7033782,204.2442,1,23,0.6,0.0419305,2064
2211556,41.4905998,-91.7033782,204.2442,1,23,0.6,0.0419305,2064
2211685,41.4905997,-91.7033781,204.2099,1,23,0.6,0.05974,2064
2211876,41.4905997,-91.7033783,204.1885,1,23,0.6,0.0755598,2064
2212480,41.4906004,-91.7033779,204.1862,1,23,0.6,0.07286,2064
2212619,41.4906004,-91.7033779,204.1862,1,23,0.6,0.07286,2064
2212964,41.4906004,-91.7033780,204.1386,1,23,0.6,0.02405,2064
2213064,41.4906004,-91.7033780,204.1386,1,23,0.6,0.02405,2064
2213285,41.4906008,-91.7033777,204.2089,1,23,0.6,0.02405,2064
2213429,41.4906008,-91.7033777,204.2089,1,23,0.6,0.02405,2064
2213687,41.4906009,-91.7033777,204.1811,1,23,0.6,0.13083,2063
2213951,41.4906009,-91.7033777,204.1811,1,23,0.6,0.13083,2063
2214170,41.4906013,-91.7033786,204.1969,1,23,0.6,0.17673,2063
2214273,41.4906014,-91.7033786,204.1988,1,23,0.6,0.31927,2063
2214370,41.4906014,-91.7033786,204.1988,1,23,0.6,0.31927,2063
2214592,41.4906013,-91.7033789,204.1580,1,23,0.6,0.33666,2063
2214804,41.4906013,-91.7033787,204.1871,1,23,0.6,0.31692,2063
2214948,41.4906013,-91.7033787,204.1871,1,23,0.6,0.31692,2063
2215260,41.4906014,-91.7033788,204.1845,1,22,0.7,0.31692,2063
2215355,41.4906014,-91.7033788,204.1845,1,22,0.7,0.31692,2063
2215484,41.4906012,-91.7033788,204.1425,1,23,0.6,0.22003,2063
2215642,41.4906012,-91.7033788,204.1425,1,23,0.6,0.22003,2063
2215884,41.4906014,-91.7033788,204.1710,1,23,0.6,0.19426,2063
2216028,41.4906014,-91.7033788,204.1710,1,23,0.6,0.19426,2063
2216464,41.4906012,-91.7033789,204.1098,1,23,0.6,0.21442,2063
2216580,41.4906012,-91.7033789,204.1098,1,23,0.6,0.21442,2063
2216813,41.4906014,-91.7033788,204.1682,1,23,0.6,0.21338,2063
2217187,41.4906014,-91.7033788,204.1562,1,23,0.6,0.24180.2,2064
2217359,41.4906014,-91.7033788,204.1562,1,23,0.6,0.24180.2,2064
2217617,41.4906013,-91.7033788,204.1891,1,23,0.6,0.13015,2064
2217692,41.4906012,-91.7033787,204.1867,1,23,0.6,0.19430.1,2063
2217831,41.4906012,-91.7033787,204.1867,1,23,0.6,0.19430.1,2063
2218081,41.4906013,-91.7033788,204.1895,1,23,0.6,0.21052,2064
2218198,41.4906013,-91.7033788,204.1895,1,23,0.6,0.21052,2064
2218285,41.4906013,-91.7033789,204.1473,1,23,0.6,0.21052,2064
2218427,41.4906013,-91.7033789,204.1473,1,23,0.6,0.21052,2064
2218683,41.4906015,-91.7033786,204.2152,1,23,0.6,0.25170,2064
2218832,41.4906015,-91.7033786,204.2152,1,23,0.6,0.25170,2064
2218999,41.4906014,-91.7033788,204.1976,1,23,0.6,0.19624,2064
2219088,41.4906014,-91.7033787,204.1938,1,23,0.6,0.15750,2064
2219217,41.4906014,-91.7033787,204.1938,1,23,0.6,0.15750,2064
2219485,41.4906014,-91.7033787,204.1938,1,23,0.6,0.15750,2064
2219777,41.4906015,-91.7033790,204.1705,1,23,0.6,0.15750,2064
2220089,41.4906015,-91.7033790,204.1705,1,23,0.6,0.15750,2063
2220258,41.4906015,-91.7033790,204.1902,1,23,0.6,0.15113,2063
2220474,41.4906044,-91.7033829,204.2621,1,23,0.6,0.16276,2063
2220620,41.4906044,-91.7033829,204.2621,1,23,0.6,0.16276,2063
2220877,41.4906043,-91.7033828,204.2406,1,23,0.6,0.09399,2063
2221023,41.4906043,-91.7033828,204.2406,1,23,0.6,0.09399,2063
2221460,41.4906035,-91.7033844,204.0970,1,23,0.6,0.15782,2063
2221577,41.4906035,-91.7033844,204.0970,1,23,0.6,0.15782,2063
2221813,41.4906035,-91.7033844,204.0968,1,23,0.6,0.09688,2063
2222208,41.4906036,-91.7033844,204.1006,1,23,0.6,0.08140.1,2063
2222373,41.4906036,-91.7033844,204.1006,1,23,0.6,0.08140.1,2064
2222681,41.4906028,-91.7033857,204.0920.04,1,23,0.6,0.14410,2064
2222991,41.4906028,-91.7033857,204.0930,1,23,0.6,0.14410,2063
2223182,41.4906028,-91.7033857,204.0930,1,23,0.6,0.14410,2064
2223466,41.4906028,-91.7033858,204.0798,1,21,0.7,0.15612,2064
2223889,41.4906026,-91.7033860,204.0317,1,23,0.6,0.19861,2063
2224171,41.4906026,-91.7033860,204.0317,1,23,0.6,0.19861,2063
2224469,41.4906027,-91.7033861,204.0274,1,23,0.6,0.19897,2064
2224620,41.4906027,-91.7033861,204.0274,1,23,0.6,0.19897,2064
2224877,41.4906027,-91.7033862,204.0402,1,22,0.7,0.25756,2064
2225035,41.4906027,-91.7033862,204.0402,1,22,0.7,0.25756,2064
2225480,41.4906028,-91.7033863,204.0557,1,23,0.6,0.20277,2064
2225616,41.4906028,-91.7033863,204.0557,1,23,0.6,0.20277,2064
2225975,41.4906027,-91.7033863,204.0430,1,05,2.2,0.08446,2064
2226085,41.4906027,-91.7033864,204.0488,1,05,2.2,0.01364,2064
2226201,41.4906027,-91.7033864,204.0488,1,05,2.2,0.01364,2064
2226341,41.4906029,-91.7033867,203.9967,1,05,2.2,0.01364,2064
2226454,41.4906029,-91.7033867,203.9967,1,05,2.2,0.01364,2064
2226686,41.4906028,-91.7033865,204.0575,1,05,2.2,0.07964,2064
2226831,41.4906028,-91.7033865,204.0575,1,05,2.2,0.07964,2064
2227093,41.4906029,-91.7033864,204.0433,1,05,2.2,0.07579,2064
2227240,41.4906029,-91.7033864,204.0433,1,05,2.2,0.07579,2064
2227501,41.4906029,-91.7033869,203.9997,1,05,2.2,0.07579,2064
2227615,41.4906028,-91.7033867,204.0137,1,05,2.2,0.08510,2064
2227773,41.4906028,-91.7033867,204.0137,1,05,2.2,0.08510,2064
2227878,41.4906029,-91.7033867,204.0231,1,05,2.2,0.08510,2064
2228020,41.4906029,-91.7033867,204.0231,1,05,2.2,0.08510,2064
2228184,41.4906029,-91.7033867,204.0231,1,05,2.2,0.08510,2064
2228255,41.4906029,-91.7033868,204.0249,1,05,2.2,0.08510,2064
2228377,41.4906029,-91.7033868,204.0249,1,05,2.2,0.12383,2064
2228522,41.4906030,-91.7033869,204.0244,1,05,2.2,0.13507,2064
2228672,41.4906030,-91.7033869,204.0244,1,05,2.2,0.13507,2064
2228878,41.4906029,-91.7033870,204.0153,1,05,2.2,0.13507,2064
2229009,41.4906029,-91.7033870,204.0153,1,05,2.2,0.20764,2064
2229182,41.4906029,-91.7033868,204.0423,1,05,2.2,0.20764,2064
2229344,41.4906029,-91.7033868,204.0423,1,05,2.2,0.20764,2064
2229423,41.4906024,-91.7033888,203.9749,1,05,2.2,0.20764,2064
2229647,41.4906024,-91.7033888,203.9749,1,05,2.2,0.13598,2064
2229921,41.4906024,-91.7033888,203.9719,1,05,2.2,0.13598,2064
2230076,41.4906024,-91.7033889,203.9749,1,05,2.2,0.15773,2064
2230188,41.4906024,-91.7033889,203.9749,1,05,2.2,0.15773,2064
2230276,41.4906019,-91.7033878,203.9790,1,05,2.2,0.15773,2064
2230417,41.4906019,-91.7033878,203.9790,1,05,2.2,0.15773,2064
2230524,41.4906017,-91.7033877,203.9917,1,05,2.2,0.08624,2064
2230582,41.4906018,-91.7033876,204.0052,1,05,2.2,0.08624,2064
2230680,41.4906017,-91.7033875,204.0127,1,05,2.2,0.13081,2064
2230826,41.4906017,-91.7033875,204.0127,1,05,2.2,0.13081,2064
2230990,41.4906018,-91.7033878,203.9827,1,05,2.2,0.13970,2064
2231084,41.4906018,-91.7033877,203.9907,1,05,2.2,0.11740,2064
2231212,41.4906018,-91.7033877,203.9907,1,05,2.2,0.11740,2064
2231308,41.4906018,-91.7033877,203.9907,1,05,2.2,0.11740,2064
2231395,41.4906019,-91.7033877,203.9840,1,05,2.2,0.05347,2064
2231489,41.4906019,-91.7033876,204.0025,1,05,2.2,0.04528,2064
2231651,41.4906019,-91.7033876,204.0025,1,05,2.2,0.04528,2064
2231903,41.4906017,-91.7033877,203.9543,1,05,2.2,0.06294,2064
2232031,41.4906019,-91.7033877,203.9591,1,05,2.2,0.08457,2064
2232199,41.4906019,-91.7033877,203.9591,1,05,2.2,0.08457,2064
2232262,41.4906019,-91.7033877,203.9591,1,05,2.2,0.08457,2064
2232345,41.4906019,-91.7033877,203.9825,1,05,2.2,0.08457,2064
2232421,41.4906019,-91.7033877,203.9825,1,05,2.2,0.08457,2064
2232736,41.4906019,-91.7033877,203.9825,1,05,2.2,0.09178,2064
2232972,41.4906018,-91.7033877,203.9801,1,05,2.2,0.09178,2064
2233176,41.4906020,-91.7033876,203.9986,1,05,2.2,0.04603,2064
2233282,41.4906020,-91.7033876,203.9814,1,23,0.6,0.04568,2064
2233442,41.4906020,-91.7033876,203.9814,1,23,0.6,0.04568,2064
2233685,41.4906021,-91.7033875,203.9749,1,23,0.6,0.05700,2064
2233843,41.4906021,-91.7033875,203.9749,1,23,0.6,0.05700,2064
2234089,41.4906021,-91.7033876,203.9870,1,23,0.6,0.07495,2064
2234227,41.4906021,-91.7033876,203.9870,1,23,0.6,0.07495,2064
2234431,41.4906021,-91.7033876,203.9870,1,23,0.6,0.07495,2064
2234783,41.4906021,-91.7033875,203.9681,1,22,0.7,0.07495,2064
2235075,41.4906021,-91.7033875,203.9681,1,21,0.7,0.11277,2064
2235205,41.4906021,-91.7033875,203.9681,1,21,0.7,0.11277,2064
2235293,41.4906022,-91.7033875,203.9723,1,05,2.2,0.11277,2064
2235445,41.4906022,-91.7033875,203.9723,1,05,2.2,0.11277,2064
2235572,41.4906022,-91.7033874,203.9729,1,05,2.2,0.13634,2064
2235691,41.4906021,-91.7033874,203.9821,1,05,2.2,0.13975,2064
2235826,41.4906021,-91.7033874,203.9821,1,05,2.2,0.13975,2064
2235985,41.4906021,-91.7033876,203.9437,1,05,2.2,0.16947,2064
2236085,41.4906021,-91.7033874,203.9703,1,05,2.2,0.08541,2064
2236200,41.4906021,-91.7033874,203.9703,1,05,2.2,0.08541,2064
2236375,41.4906024,-91.7033875,203.9834,1,05,2.2,0.08541,2064
2236513,41.4906024,-91.7033875,203.9834,1,05,2.2,0.08541,2064
2236584,41.4906024,-91.7033874,203.9955,1,05,2.2,0.08541,2064
2236654,41.4906025,-91.7033874,204.0101,1,05,2.2,0.04418,2064
2236782,41.4906025,-91.7033874,204.0101,1,05,2.2,0.14271,2064
2237018,41.4906024,-91.7033875,203.9947,1,05,2.2,0.04714,2064
2237183,41.4906024,-91.7033875,203.9947,1,05,2.2,0.04714,2064
2237604,41.4906024,-91.7033874,204.0296,1,05,2.2,0.11256,2064
2237673,41.4906024,-91.7033874,204.0296,1,05,2.2,0.11256,2064
2237852,41.4906024,-91.7033874,204.0175,1,05,2.2,0.11256,2064
2237924,41.4906024,-91.7033874,204.0175,1,05,2.2,0.11256,2063
2237992,41.4906024,-91.7033874,204.0175,1,05,2.2,0.15888,2063
2238082,41.4906025,-91.7033874,204.0523,1,05,2.2,0.18716,2063
2238197,41.4906025,-91.7033874,204.0523,1,05,2.2,0.18716,2063
2238413,41.4906024,-91.7033874,204.0131,1,05,2.2,0.18716,2063
2238490,41.4906024,-91.7033874,204.0131,1,05,2.2,0.18716,2063
2238679,41.4906025,-91.7033874,204.0406,1,05,2.2,0.18716,2063
2238839,41.4906025,-91.7033874,204.0406,1,05,2.2,0.18716,2063
2239037,41.4906025,-91.7033874,204.0226,1,05,2.2,0.18716,2063
2239201,41.4906025,-91.7033874,204.0226,1,05,2.2,0.18716,2063
2239396,41.4906024,-91.7033874,204.0159,1,21,0.7,0.13378,2063
2239784,41.4906024,-91.7033873,204.0395,1,23,0.6,0.13378,2063
2239927,41.4906024,-91.7033873,204.0395,1,23,0.6,0.13378,2063
2240081,41.4906025,-91.7033874,204.0233,1,23,0.6,0.06211,2063
2240371,41.4906026,-91.7033872,204.0240,1,05,1.7,0.04126,2063
2240476,41.4906026,-91.7033873,204.0267,1,05,1.7,0.06334,2063
2240618,41.4906026,-91.7033873,204.0267,1,05,1.7,0.06334,2063
2240775,41.4906026,-91.7033873,203.9987,1,05,1.7,0.05727,2063
2240880,41.4906026,-91.7033873,203.9861,1,05,1.7,0.05148,2063
2241027,41.4906026,-91.7033873,203.9861,1,05,1.7,0.05148,2063
2241190,41.4906025,-91.7033871,204.0658,1,23,0.6,0.04023,2063
2241281,41.4906026,-91.7033872,204.0470,1,23,0.6,0.02671,2063
2241433,41.4906026,-91.7033872,204.0470,1,23,0.6,0.02671,2063
2241682,41.4906026,-91.7033873,204.0203,1,23,0.6,0.06373,2063
2241837,41.4906026,-91.7033873,204.0203,1,23,0.6,0.06373,2063
2242208,41.4906026,-91.7033872,204.0115,1,23,0.6,0.13469,2063
2242381,41.4906026,-91.7033872,204.0115,1,23,0.6,0.13469,2063
2242607,41.4906026,-91.7033871,204.0474,1,23,0.6,0.13469,2063
2242762,41.4906026,-91.7033871,204.0474,1,23,0.6,0.13469,2063
2243080,41.4906026,-91.7033872,204.0250,1,21,0.7,0.10000.1,2063
2243202,41.4906026,-91.7033872,204.0250,1,21,0.7,0.10000.1,2063
2243466,41.4906064,-91.7033808,204.3692,1,23,0.6,0.10000.1,2063
2243630,41.4906064,-91.7033808,204.3692,1,23,0.6,0.10000.1,2063
2243875,41.4906064,-91.7033807,204.3637,1,23,0.6,0.12629,2063
2244028,41.4906064,-91.7033807,204.3637,1,23,0.6,0.12629,2063
2244404,41.4906064,-91.7033808,204.3793,1,23,0.6,0.11684,2063
2244476,41.4906064,-91.7033808,204.3411,1,23,0.6,0.11684,2063
2244593,41.4906064,-91.7033808,204.3411,1,23,0.6,0.11684,2063
2244832,41.4906064,-91.7033808,204.3432,1,23,0.6,0.11684,2063
2245005,41.4906064,-91.7033808,204.3432,1,23,0.6,0.11684,2064
2245286,41.4906059,-91.7033812,204.2934,1,23,0.6,0.11684,2063
2245446,41.4906059,-91.7033812,204.2934,1,23,0.6,0.11684,2063
2245687,41.4906059,-91.7033814,204.2358,1,23,0.6,0.26694,2063
2245965,41.4906059,-91.7033814,204.2358,1,23,0.6,0.26694,2063
2246173,41.4906059,-91.7033821,204.2241,1,23,0.6,0.30572,2063
2246273,41.4906060,-91.7033821,204.2276,1,23,0.6,0.32386,2063
2246423,41.4906060,-91.7033821,204.2276,1,23,0.6,0.32386,2063
2246863,41.4906060,-91.7033822,204.2203,1,20,0.7,0.32081,2063
2246981,41.4906060,-91.7033822,204.2203,1,20,0.7,0.32081,2063
2247199,41.4906059,-91.7033822,204.2188,1,19,0.7,0.33986,2063
2247479,41.4906060,-91.7033835,204.2066,1,23,0.6,0.24278,2063
2247616,41.4906060,-91.7033835,204.2066,1,23,0.6,0.24278,2063
2247881,41.4906061,-91.7033835,204.2185,1,23,0.6,0.21751,2063
2248024,41.4906061,-91.7033835,204.2185,1,23,0.6,0.21751,2063
2248388,41.4906054,-91.7033840,204.1355,1,23,0.6,0.16584,2063
2248539,41.4906054,-91.7033840,204.1355,1,23,0.6,0.16584,2063
2248788,41.4906055,-91.7033838,204.1836,1,23,0.6,0.16584,2063
2248899,41.4906055,-91.7033838,204.1836,1,23,0.6,0.16584,2063
2249125,41.4906055,-91.7033838,204.1809,1,23,0.6,0.16584,2063
2249509,41.4906055,-91.7033838,204.1809,1,23,0.6,0.26857,2063
2249591,41.4906049,-91.7033829,204.2109,1,23,0.6,0.24275,2063
2249674,41.4906049,-91.7033828,204.2354,1,23,0.6,0.24434,2063
2249808,41.4906049,-91.7033828,204.2354,1,23,0.6,0.24434,2063
2250082,41.4906050,-91.7033829,204.1880,1,23,0.6,0.31741,2063
2250195,41.4906050,-91.7033829,204.1880,1,23,0.6,0.31741,2063
2250280,41.4906040,-91.7033815,204.2985,1,23,0.6,0.31741,2063
2250421,41.4906040,-91.7033815,204.2985,1,23,0.6,0.31741,2063
2250814,41.4906040,-91.7033814,204.3079,1,23,0.6,0.21125,2063
2250972,41.4906040,-91.7033814,204.3079,1,23,0.6,0.21125,2063
2251215,41.4906040,-91.7033815,204.2758,1,23,0.6,0.21125,2063
2251376,41.4906040,-91.7033815,204.2758,1,23,0.6,0.21125,2063
2251627,41.4906040,-91.7033797,204.3344,1,23,0.6,0.21125,2063
2251790,41.4906040,-91.7033797,204.3344,1,23,0.6,0.21125,2063
2252061,41.4906039,-91.7033799,204.3131,1,23,0.6,0.21125,2063
2252228,41.4906039,-91.7033799,204.3131,1,23,0.6,0.21125,2063
2252517,41.4906040,-91.7033798,204.3237,1,21,0.7,0.12850,2063
2252874,41.4906040,-91.7033798,204.2894,1,21,0.7,0.14017,2064
2253013,41.4906040,-91.7033798,204.2894,1,21,0.7,0.14017,2064
2253277,41.4906040,-91.7033798,204.3043,1,23,0.6,0.12736,2064
2253421,41.4906040,-91.7033798,204.3043,1,23,0.6,0.12736,2064
2253595,41.4906040,-91.7033798,204.2853,1,23,0.6,0.21377,2064
2253679,41.4906040,-91.7033798,204.2879,1,23,0.6,0.25626,2064
2253824,41.4906040,-91.7033798,204.2879,1,23,0.6,0.25626,2064
2254087,41.4906040,-91.7033798,204.2921,1,23,0.6,0.31373,2064
2254209,41.4906040,-91.7033798,204.2921,1,23,0.6,0.31373,2064
2254354,41.4906041,-91.7033797,204.3089,1,23,0.6,0.31373,2064
2254476,41.4906041,-91.7033797,204.3089,1,23,0.6,0.31373,2064
2254804,41.4906041,-91.7033799,204.3008,1,23,0.6,0.16343,2064
2254951,41.4906041,-91.7033797,204.2868,1,23,0.6,0.30256,2064
2255078,41.4906041,-91.7033797,204.2868,1,23,0.6,0.30256,2064
2255261,41.4906041,-91.7033797,204.2868,1,23,0.6,N,2064
2255575,41.4906041,-91.7033798,204.3013,1,23,0.6,N,2064
2255758,41.4906041,-91.7033798,204.3013,1,23,0.6,N,2064
2255943,41.4906041,-91.7033798,204.3013,1,23,0.6,0.2027,2064
2256020,41.4906041,-91.7033797,204.3046,1,23,0.6,0.2027,2064
2256278,41.4906043,-91.7033792,204.3173,1,23,0.6,0.19419,2064
2256426,41.4906043,-91.7033792,204.3173,1,23,0.6,0.19419,2064
2256681,41.4906044,-91.7033792,204.3507,1,23,0.6,0.10218,2064
2256831,41.4906044,-91.7033792,204.3507,1,23,0.6,0.10218,2064
2257123,41.4906043,-91.7033793,204.2853,1,23,0.6,0.10335,2064
2257279,41.4906043,-91.7033793,204.2853,1,23,0.6,0.10335,2064
2257868,41.4906043,-91.7033793,204.2785,1,23,0.6,0.03143,2063
2258037,41.4906043,-91.7033793,204.2785,1,23,0.6,0.03143,2063
2258188,41.4906049,-91.7033786,204.2129,1,23,0.6,0.03345,2064
2258289,41.4906050,-91.7033784,204.2437,1,23,0.6,0.05796,2064
2258448,41.4906050,-91.7033784,204.2437,1,23,0.6,0.05796,2064
2258686,41.4906050,-91.7033784,204.2549,1,23,0.6,0.10561,2063
2258963,41.4906050,-91.7033784,204.2549,1,23,0.6,0.10561,2063
2259177,41.4906051,-91.7033785,204.2359,1,23,0.6,0.12309,2063
2259276,41.4906051,-91.7033782,204.2817,1,23,0.6,0.10191,2063
2259426,41.4906051,-91.7033782,204.2817,1,23,0.6,0.10191,2063
2259677,41.4906051,-91.7033783,204.2862,1,23,0.6,0.19976,2063
2259831,41.4906051,-91.7033783,204.2862,1,23,0.6,0.19976,2063
2260084,41.4906051,-91.7033783,204.2677,1,23,0.6,0.08781,2063
2260219,41.4906051,-91.7033783,204.2677,1,23,0.6,0.08781,2063
2260483,41.4906051,-91.7033783,204.2677,1,23,0.6,0.08781,2063
2260763,41.4906052,-91.7033782,204.2419,1,23,0.6,0.09612,2063
2260938,41.4906052,-91.7033782,204.2419,1,23,0.6,0.09612,2063
2261263,41.4906052,-91.7033782,204.2408,1,23,0.6,0.19393,2063
2261364,41.4906052,-91.7033782,204.2408,1,23,0.6,0.19393,2063
2261658,41.4906053,-91.7033781,204.2559,1,05,1.7,0.11533,2063
2261828,41.4906052,-91.7033782,-32.9430,1,05,1.7,0.1791331,2063
2261959,41.4906052,-91.7033782,-32.9430,1,05,1.7,0.20401,2063
2262198,41.4906054,-91.7033782,204.2649,1,05,1.7,0.20401,2063
2262402,41.4906053,-91.7033782,204.2425,1,05,1.7,0.11180,2063
2262462,41.4906053,-91.7033782,204.2425,1,05,1.7,0.11180,2063
2262565,41.4906054,-91.7033782,204.2358,1,05,1.7,0.11180,2063
2262626,41.4906054,-91.7033782,204.2358,1,05,1.7,0.11180,2063
2262682,41.4906053,-91.7033781,204.2519,1,05,1.7,0.14917,2063
2262822,41.4906053,-91.7033781,204.2519,1,05,1.7,0.14917,2063
2263086,41.4906053,-91.7033780,204.2713,1,23,0.6,0.11527,2063
2263202,41.4906053,-91.7033780,204.2713,1,23,0.6,0.11527,2063
2263457,41.4906054,-91.7033779,204.3172,1,23,0.6,0.11527,2063
2263569,41.4906054,-91.7033779,204.3172,1,23,0.6,0.11527,2063
2263796,41.4906053,-91.7033781,204.2942,1,23,0.6,0.10928,2063
2263884,41.4906054,-91.7033781,204.2571,1,23,0.6,0.05310.0,2063
2264028,41.4906054,-91.7033781,204.2571,1,23,0.6,0.05310.0,2063
2264403,41.4906054,-91.7033782,204.2312,1,06,1.6,0.05596,2063
2264483,41.4906054,-91.7033782,204.2312,1,06,1.6,0.05596,2063
2264895,41.4906054,-91.7033783,204.1983,1,06,1.6,0.05596,2063
2265069,41.4906054,-91.7033783,204.1983,1,06,1.6,0.05596,2063
2265152,41.4906054,-91.7033782,204.1775,1,06,1.6,0.05596,2063
2265400,41.4906054,-91.7033782,204.1885,1,06,1.6,0.04262,2063
2265470,41.4906054,-91.7033782,204.1885,1,06,1.6,0.04262,2063
2265678,41.4906053,-91.7033783,204.2127,1,06,1.6,0.04262,2063
2265818,41.4906053,-91.7033783,204.2127,1,06,1.6,0.04262,2063
2265978,41.4906055,-91.7033782,204.2278,1,06,1.6,0.02188,2063
2266082,41.4906055,-91.7033782,204.2251,1,06,1.6,0.04821,2063
2266201,41.4906055,-91.7033782,204.2251,1,06,1.6,0.04821,2063
2266419,41.4906073,-91.7033693,204.2171,1,06,1.6,0.04821,2063
2266541,41.4906073,-91.7033693,204.2171,1,06,1.6,0.04821,2063
2266760,41.4906073,-91.7033694,204.2157,1,06,1.6,0.04821,2063
2266917,41.4906073,-91.7033694,204.2157,1,06,1.6,0.04821,2063
2267075,41.4906072,-91.7033693,204.2159,1,06,1.6,0.04821,2063
2267237,41.4906073,-91.7033693,204.2528,1,06,1.6,0.11609,2063
2267505,41.4906073,-91.7033693,204.2528,1,06,1.6,0.11609,2063
2267733,41.4906096,-91.7033663,204.2119,1,06,1.6,0.11609,2063
2267877,41.4906097,-91.7033662,204.2067,1,06,1.6,0.12200,2063
2268016,41.4906097,-91.7033662,204.2067,1,06,1.6,0.12200,2063
2268278,41.4906117,-91.7033648,204.2180,1,06,1.6,0.03008,2063
2268422,41.4906117,-91.7033648,204.2180,1,06,1.6,0.03008,2063
2268578,41.4906116,-91.7033648,204.2375,1,06,1.6,0.10072,2063
2268680,41.4906117,-91.7033649,204.2358,1,05,1.7,0.14650,2063
2268826,41.4906117,-91.7033649,204.2358,1,05,1.7,0.14650,2063
2269165,41.4906117,-91.7033648,204.2308,1,05,2.0,0.16821,2063
2269291,41.4906117,-91.7033648,204.2308,1,05,2.0,0.16821,2063
2269479,41.4906137,-91.7033641,204.2351,1,05,2.0,46,2063
2269641,41.4906136,-91.7033641,204.2621,1,05,2.0,46,2063
2269721,41.4906136,-91.7033641,204.2621,1,05,2.0,46,2063
2269887,41.4906138,-91.7033640,204.2516,1,05,2.0,0.09518,2063
2270045,41.4906138,-91.7033640,204.2516,1,05,2.0,0.09518,2063
2270406,41.4906158,-91.7033632,204.2740,1,22,0.7,0.04846,2063
2270541,41.4906158,-91.7033632,204.2740,1,22,0.7,0.04846,2063
2270780,41.4906157,-91.7033632,204.2549,1,21,0.7,0.10286,2063
2270877,41.4906156,-91.7033634,204.2552,1,21,0.7,0.10839,2063
2271023,41.4906156,-91.7033634,204.2552,1,21,0.7,0.10839,2063
2271279,41.4906250,-91.7033604,204.3257,1,05,1.7,0.07708,2063
2271427,41.4906250,-91.7033604,204.3257,1,05,1.7,0.07708,2063
2271859,41.4906250,-91.7033604,204.3159,1,05,1.7,0.11766,2063
2271948,41.4906250,-91.7033604,204.3159,1,05,1.7,0.11766,2063
2272261,41.4906250,-91.7033604,204.3323,1,05,1.7,0.11367,2063
2272374,41.4906250,-91.7033604,204.3323,1,05,1.7,0.11367,2063
2272559,41.4906256,-91.7033586,204.2801,1,05,1.7,0.10529,2063
2272673,41.4906256,-91.7033585,204.3056,1,05,1.8,0.1749840,2063
2272820,41.4906255,-91.7033586,204.2953,1,05,1.7,0.17769,2063
2272891,41.4906255,-91.7033586,204.2953,1,05,1.7,0.17769,2063
2273130,41.4906256,-91.7033586,204.2763,1,06,1.6,0.17769,2063
2273394,41.4906256,-91.7033586,204.2763,1,06,1.6,0.17769,2063
2273772,41.4906260,-91.7033564,204.2515,1,06,1.6,0.16976,2063
2273817,41.4906260,-91.7033564,204.2515,1,06,1.6,0.16976,2063
2273866,41.4906260,-91.7033564,204.2368,1,05,1.8,0.16976,2063
2274009,41.4906260,-91.7033564,204.2553,1,06,1.6,0.18881,2063
2274070,41.4906260,-91.7033564,204.2553,1,06,1.6,0.18881,2063
2274252,41.4906261,-91.7033565,204.2419,1,06,1.6,0.18881,2063
2274400,41.4906261,-91.7033565,204.2419,1,06,1.6,0.18881,2063
2274479,41.4906272,-91.7033535,204.3193,1,06,1.6,0.20696,2063
2274617,41.4906272,-91.7033535,204.3193,1,06,1.6,0.20696,2063
2274778,41.4906271,-91.7033536,204.2987,1,06,1.6,0.20278,2063
2274886,41.4906272,-91.7033535,204.3140,1,06,1.6,0.24469,2063
2275030,41.4906272,-91.7033535,204.3140,1,06,1.6,0.24469,2063
2275284,41.4906289,-91.7033515,204.2938,1,05,1.8,0.24428,2063
2275431,41.4906289,-91.7033515,204.2938,1,05,1.8,0.24428,2063
2275585,41.4906290,-91.7033515,204.2989,1,05,1.8,0.19845,2063
2275804,41.4906290,-91.7033515,204.2957,1,05,1.8,0.24361,2063
2275937,41.4906290,-91.7033515,204.2957,1,05,1.8,0.24361,2063
2276272,41.4906304,-91.7033498,204.3021,1,07,1.6,0.20673,2063
2276397,41.4906304,-91.7033498,204.3021,1,07,1.6,0.20673,2063
2276572,41.4906305,-91.7033498,204.2858,1,07,1.6,0.14144,2063
2276676,41.4906306,-91.7033499,204.2504,1,07,1.6,0.18771,2063
2276817,41.4906306,-91.7033499,204.2504,1,07,1.6,0.18771,2063
2276978,41.4906305,-91.7033498,204.2840,1,06,1.8,0.19627,2063
2277086,41.4906303,-91.7033498,204.2753,1,06,1.8,0.14595,2063
2277200,41.4906303,-91.7033498,204.2753,1,06,1.8,0.14595,2063
2277456,41.4906302,-91.7033488,204.2654,1,06,1.8,0.14595,2063
2277618,41.4906302,-91.7033488,204.2654,1,06,1.8,0.14595,2063
2277789,41.4906302,-91.7033488,204.2699,1,06,1.8,0.21643,2063
2277884,41.4906303,-91.7033488,204.2671,1,06,1.8,0.20987,2063
2278034,41.4906303,-91.7033488,204.2671,1,06,1.8,0.20987,2063
2278185,41.4906309,-91.7033479,204.1941,1,07,1.6,0.13760,2063
2278403,41.4906310,-91.7033479,204.1866,1,07,1.6,0.19744,2063
2278546,41.4906310,-91.7033479,204.1866,1,07,1.6,0.19744,2063
2278769,41.4906309,-91.7033479,204.1977,1,07,1.6,0.19615,2063
2278875,41.4906309,-91.7033480,204.1614,1,07,1.6,0.15251,2063
2279017,41.4906309,-91.7033480,204.1614,1,07,1.6,0.15251,2063
2279278,41.4906305,-91.7033481,204.1006,1,07,1.4,0.10909,2063
2279422,41.4906305,-91.7033481,204.1006,1,07,1.4,0.10909,2063
2279577,41.4906306,-91.7033481,204.1208,1,06,1.6,0.22174,2063
2279680,41.4906305,-91.7033481,204.1005,1,06,1.6,0.05814,2063
2279827,41.4906305,-91.7033481,204.1005,1,06,1.6,0.05814,2063
2280269,41.4906306,-91.7033481,204.1188,1,07,1.4,0.14500,2063
2280431,41.4906306,-91.7033481,204.1188,1,07,1.4,0.14500,2063
2280684,41.4906304,-91.7033498,204.1446,1,07,1.6,0.29035,2063
2280838,41.4906304,-91.7033498,204.1446,1,07,1.6,0.29035,2063
2281111,41.4906304,-91.7033498,204.1417,1,07,1.6,0.21828,2063
2281273,41.4906304,-91.7033498,204.1417,1,07,1.6,0.21828,2063
2281686,41.4906299,-91.7033515,204.1044,1,07,1.6,0.26851,2063
2281865,41.4906299,-91.7033515,204.1044,1,07,1.6,0.26851,2063
2282069,41.4906300,-91.7033515,204.1127,1,07,1.6,0.26851,2063
2282238,41.4906300,-91.7033515,204.1127,1,07,1.6,0.178292,2063
2282501,41.4906300,-91.7033535,204.1366,1,07,1.6,0.178292,2063
2282774,41.4906300,-91.7033536,204.1500,1,07,1.6,3.6,2063
2283022,41.4906299,-91.7033536,204.1359,1,07,1.6,0.02575,2063
2283108,41.4906299,-91.7033536,204.1359,1,07,1.6,0.02575,2063
2283460,41.4906291,-91.7033543,204.0821,1,06,1.6,0.02575,2063
2283557,41.4906291,-91.7033543,204.0821,1,06,1.6,0.02575,2063
2283750,41.4906291,-91.7033543,204.0751,1,06,1.6,0.07528,2063
2283981,41.4906292,-91.7033542,204.0998,1,06,1.6,0.20575,2063
2284088,41.4906292,-91.7033542,204.0916,1,06,1.6,0.17029,2063
2284226,41.4906292,-91.7033542,204.0916,1,06,1.6,0.17029,2063
2284457,41.4906292,-91.7033542,204.0916,1,06,1.6,0.17029,2063
2284689,41.4906291,-91.7033543,204.0853,1,07,1.6,0.26445,2063
2284953,41.4906291,-91.7033543,204.0853,1,07,1.6,0.26445,2063
2285098,41.4906291,-91.7033543,204.0836,1,07,1.6,0.27922,2063
2285474,41.4906292,-91.7033543,204.0984,1,07,1.6,0.36555,2063
2285609,41.4906292,-91.7033543,204.0984,1,07,1.6,0.36555,2063
2285773,41.4906292,-91.7033542,204.1296,1,06,1.6,0.35197,2063
2285913,41.4906293,-91.7033543,204.1024,1,06,1.6,0.41874,2063
2286054,41.4906293,-91.7033543,204.1024,1,06,1.6,0.41874,2063
2286281,41.4906293,-91.7033544,204.0995,1,08,1.4,0.25160,2063
2286423,41.4906293,-91.7033544,204.0995,1,08,1.4,0.25160,2063
2286583,41.4906293,-91.7033544,204.1216,1,07,1.4,0.25938,2063
2286684,41.4906293,-91.7033544,204.0926,1,07,1.4,0.08434,2063
2286830,41.4906293,-91.7033544,204.0926,1,07,1.4,0.08434,2063
2287091,41.4906293,-91.7033543,204.1166,1,06,1.7,0.29666,2063
2287239,41.4906293,-91.7033543,204.1166,1,06,1.7,0.29666,2063
2287617,41.4906337,-91.7033572,203.9415,1,05,1.9,0.13737,2063
2287698,41.4906338,-91.7033572,203.9547,1,05,1.9,0.13737,2063
2287964,41.4906338,-91.7033572,203.9547,1,05,1.9,0.13737,2063
2288318,41.4906340,-91.7033570,203.9809,1,06,1.8,0.16795,2063
2288456,41.4906340,-91.7033570,203.9809,1,06,1.8,0.16795,2063
2288575,41.4906339,-91.7033571,203.9679,1,05,1.9,0.07116,2063
2288678,41.4906339,-91.7033570,203.9810,1,05,1.9,0.10714,2063
2288817,41.4906339,-91.7033570,203.9810,1,05,1.9,0.10714,2063
2288973,41.4906338,-91.7033571,203.9574,1,05,1.9,0.11274,2063
2289184,41.4906338,-91.7033570,203.9692,1,05,1.9,0.14036,2063
2289296,41.4906338,-91.7033570,203.9692,1,05,1.9,0.14036,2063
2289654,41.4906339,-91.7033572,203.9445,1,05,1.9,107.355,2063
2289885,41.4906338,-91.7033572,203.9372,1,05,1.9,0.07668,2063
2290034,41.4906338,-91.7033572,203.9372,1,05,1.9,0.07668,2063
2290374,41.4906339,-91.7033572,203.9548,1,05,1.9,0.08172,2063
2290537,41.4906339,-91.7033572,203.9548,1,05,1.9,0.08172,2063
2290638,41.4906339,-91.7033573,203.9275,1,05,1.9,0.08172,2063
2290886,41.4906338,-91.7033572,203.9483,1,05,1.9,0.08225,2063
2291159,41.4906338,-91.7033572,203.9483,1,05,1.9,0.08225,2063
2291369,41.4906340,-91.7033572,203.9701,1,06,1.6,0.07804,2063
2291471,41.4906339,-91.7033572,204.0142,1,06,1.6,0.09727,2063
2291612,41.4906339,-91.7033572,204.0142,1,06,1.6,0.09727,2063
2291774,41.4906340,-91.7033572,203.9949,1,06,1.6,0.12665,2063
2291875,41.4906338,-91.7033572,203.9966,1,06,1.6,0.16498,2063
2292023,41.4906338,-91.7033572,203.9966,1,06,1.6,0.16498,2063
2292278,41.4906341,-91.7033575,203.9708,1,06,1.6,0.11654,2063
2292427,41.4906341,-91.7033575,203.9708,1,06,1.6,0.11654,2063
2292681,41.4906341,-91.7033574,203.9900,1,06,1.6,0.15437,2063
2292832,41.4906341,-91.7033574,203.9900,1,06,1.6,0.15437,2063
2293090,41.4906340,-91.7033575,203.9982,1,06,1.6,0.15895,2063
2293220,41.4906340,-91.7033575,203.9982,1,06,1.6,0.15895,2063
2293582,41.4906343,-91.7033583,203.9785,1,06,1.6,0.20261,2063
2293685,41.4906344,-91.7033583,203.9853,1,06,1.6,0.14195,2063
2293849,41.4906344,-91.7033583,203.9853,1,06,1.6,0.14195,2063
2294108,41.4906343,-91.7033583,203.9887,1,06,1.6,0.14910,2063
2294361,41.4906344,-91.7033583,203.9992,1,06,1.6,0.17702,2063
2294549,41.4906344,-91.7033583,203.9992,1,06,1.6,0.17702,2063
2294765,41.4906345,-91.7033584,204.0136,1,06,1.6,0.22000,2063
2295012,41.4906344,-91.7033585,203.9972,1,06,1.6,0.21097,2063
2295084,41.4906345,-91.7033585,203.9979,1,06,1.6,0.14849,2063
2295218,41.4906345,-91.7033585,203.9979,1,06,1.6,0.14849,2063
2295410,41.4906345,-91.7033585,203.9979,1,06,1.6,0.14849,2063
2295491,41.4906346,-91.7033588,204.0040,1,06,1.6,0.14849,2063
2295655,41.4906346,-91.7033588,204.0040,1,06,1.6,0.14849,2063
2295796,41.4906345,-91.7033587,203.9962,1,06,1.6,0.15591,2063
2296064,41.4906346,-91.7033588,203.9951,1,06,1.6,0.17616,2063
2296245,41.4906346,-91.7033588,203.9951,1,06,1.6,0.17616,2063
2296485,41.4906346,-91.7033590,204.0145,1,06,1.8,0.23826,2063
2296648,41.4906346,-91.7033590,204.0145,1,06,1.8,0.23826,2063
2296798,41.4906346,-91.7033591,204.0186,1,06,1.8,0.25366,2063
2297214,41.4906346,-91.7033591,204.0036,1,06,1.8,0.23028,2063
2297343,41.4906346,-91.7033591,204.0036,1,06,1.8,0.23028,2063
2297574,41.4906347,-91.7033591,204.0381,1,06,1.8,0.27020,2063
2297810,41.4906348,-91.7033592,204.0239,1,06,1.8,0.27018,2063
2297875,41.4906348,-91.7033592,204.0239,1,06,1.8,0.27018,2063
2298083,41.4906348,-91.7033592,204.0222,1,06,1.8,0.27018,2063
2298192,41.4906348,-91.7033592,204.0222,1,06,1.8,0.27018,2063
2298427,41.4906396,-91.7033621,204.0550,1,07,1.6,0.27018,2063
2298512,41.4906396,-91.7033621,204.0550,1,07,1.6,0.27018,2063
2298685,41.4906395,-91.7033620,204.0851,1,06,1.8,3.6,2063
2298826,41.4906395,-91.7033620,204.0851,1,06,1.8,3.6,2063
2298985,41.4906396,-91.7033621,204.0970,1,06,1.8,0.21945,2063
2299088,41.4906395,-91.7033620,204.0863,1,06,1.8,0.16637,2063
2299209,41.4906395,-91.7033620,204.0863,1,06,1.8,0.16637,2063
2299466,41.4906420,-91.7033651,204.1442,1,07,1.7,0.16637,2063
2299545,41.4906420,-91.7033651,204.1442,1,07,1.7,0.16637,2063
2299806,41.4906421,-91.7033650,204.1434,1,07,1.7,0.13331,2063
2299967,41.4906421,-91.7033650,204.1434,1,07,1.7,0.13331,2063
2300241,41.4906420,-91.7033651,204.1355,1,07,1.7,0.14384,2063
2300477,41.4906425,-91.7033754,204.1044,1,07,1.6,0.03464,2063
2300617,41.4906425,-91.7033754,204.1044,1,07,1.6,0.03464,2063
2300782,41.4906423,-91.7033755,204.0778,1,07,1.6,0.02003,2063
2300881,41.4906423,-91.7033755,204.0676,1,07,1.6,0.03483,2063
2301025,41.4906423,-91.7033755,204.0676,1,07,1.6,0.03483,2063
2301283,41.4906423,-91.7033761,204.1071,1,07,1.6,0.03504,2063
2301428,41.4906423,-91.7033761,204.1071,1,07,1.6,0.03504,2063
2301684,41.4906423,-91.7033762,204.1021,1,07,1.6,0.07920,2063
2301831,41.4906423,-91.7033762,204.1021,1,07,1.6,0.07920,2063
2302087,41.4906423,-91.7033763,204.0930,1,06,1.6,0.18796,2063
2302212,41.4906423,-91.7033763,204.0930,1,06,1.6,0.18796,2063
2302474,41.4906419,-91.7033767,204.1266,1,06,1.6,0.18796,2063
2302593,41.4906419,-91.7033767,204.1266,1,06,1.6,0.18796,2063
2302951,41.4906418,-91.7033768,204.1274,1,06,1.6,0.20238,2063
2303220,41.4906419,-91.7033769,204.1110,1,06,1.6,0.2389829,2063
2303345,41.4906419,-91.7033769,204.1110,1,06,1.6,0.23912,2063
2303577,41.4906409,-91.7033781,204.1256,1,07,1.3,0.18253,2063
2303678,41.4906410,-91.7033781,204.1043,1,07,1.3,0.16868,2063
2303822,41.4906410,-91.7033781,204.1043,1,07,1.3,0.16868,2063
2304264,41.4906410,-91.7033781,204.0850,1,07,1.3,0.17474,2063
2304411,41.4906410,-91.7033781,204.0850,1,07,1.3,0.17474,2063
2304639,41.4906410,-91.7033781,204.0850,1,07,1.3,0.12426,2063
2304778,41.4906404,-91.7033801,204.1384,1,07,1.3,0.13549,2063
2304883,41.4906403,-91.7033801,204.1468,1,07,1.3,0.12818,2063
2305039,41.4906403,-91.7033801,204.1468,1,07,1.3,0.12818,2063
2305289,41.4906394,-91.7033821,204.1504,1,06,1.6,0.11481,2063
2305447,41.4906394,-91.7033821,204.1504,1,06,1.6,0.11481,2063
2305596,41.4906395,-91.7033821,204.1581,1,06,1.6,0.10917,2063
2305692,41.4906395,-91.7033821,204.1336,1,06,1.6,0.12367,2063
2305970,41.4906395,-91.7033821,204.1336,1,06,1.6,0.12367,2063
2306273,41.4906389,-91.7033840,204.1387,1,07,1.6,0.10343,2063
2306421,41.4906389,-91.7033840,204.1387,1,07,1.6,0.10343,2063
2306591,41.4906390,-91.7033839,204.1735,1,07,1.6,0.08368,2063
2306678,41.4906390,-91.7033840,204.1560,1,07,1.6,0.05926,2063
2306831,41.4906390,-91.7033840,204.1560,1,07,1.6,0.05926,2063
2306994,41.4906390,-91.7033840,204.1414,1,07,1.6,0.04356,2063
2307087,41.4906390,-91.7033840,204.1314,1,07,1.6,0.05492,2063
2307218,41.4906390,-91.7033840,204.1314,1,07,1.6,0.05492,2063
2307483,41.4906387,-91.7033857,204.1366,1,07,1.6,0.05492,2063
2307641,41.4906387,-91.7033857,204.1366,1,07,1.6,0.05492,2063
2307792,41.4906387,-91.7033857,204.1442,1,07,1.6,0.03345,2063
2307888,41.4906387,-91.7033858,204.1210,1,07,1.6,0.03223,2063
2308053,41.4906387,-91.7033858,204.1210,1,07,1.6,0.03223,2063
2308289,41.4906384,-91.7033874,204.1167,1,07,1.6,0.02353,2063
2308452,41.4906384,-91.7033874,204.1167,1,07,1.6,0.02353,2063
2308721,41.4906384,-91.7033874,204.0990,1,06,1.6,0.03463,2063
2308880,41.4906385,-91.7033874,204.0859,1,06,1.6,0.06909,2063
2309090,41.4906385,-91.7033874,204.1139,1,06,1.6,0.07799,2063
2309178,41.4906384,-91.7033874,204.1175,1,06,1.6,0.06460,2063
2309237,41.4906384,-91.7033874,204.1175,1,06,1.6,0.06460,2063
2309375,41.4906384,-91.7033874,204.1166,1,06,1.6,0.07544,2063
2309476,41.4906385,-91.7033873,204.1110,1,06,1.6,0.07152,2063
2309612,41.4906385,-91.7033873,204.1110,1,06,1.6,0.07152,2063
2309776,41.4906385,-91.7033874,204.1443,1,06,1.6,0.08021,2063
2309881,41.4906385,-91.7033874,204.1283,1,06,1.6,0.11176,2063
2310024,41.4906385,-91.7033874,204.1283,1,06,1.6,0.11176,2063
2310191,41.4906382,-91.7033884,204.0510,1,06,1.6,0.10966,2063
2310284,41.4906383,-91.7033884,204.0714,1,06,1.6,0.13215,2063
2310432,41.4906383,-91.7033884,204.0714,1,06,1.6,0.13215,2063
2310860,41.4906382,-91.7033884,204.0549,1,06,1.6,0.14128,2063
2311027,41.4906382,-91.7033884,204.0549,1,06,1.6,0.14128,2063
2311320,41.4906396,-91.7033879,203.8583,1,06,1.6,0.14161,2063
2311574,41.4906397,-91.7033879,203.8864,1,06,1.6,0.20356,2063
2311673,41.4906397,-91.7033879,203.8772,1,06,1.6,0.21931,2063
2311813,41.4906397,-91.7033879,203.8772,1,06,1.6,0.21931,2063
2311974,41.4906397,-91.7033878,203.8890,1,06,1.6,0.24547,2063
2312084,41.4906398,-91.7033878,203.8824,1,06,1.6,0.14710,2063
2312201,41.4906398,-91.7033878,203.8824,1,06,1.6,0.14710,2063
2312286,41.4906402,-91.7033873,203.6559,1,06,1.6,0.14710,2063
2312428,41.4906402,-91.7033873,203.6559,1,06,1.6,0.14710,2063
2312581,41.4906402,-91.7033872,203.6660,1,06,1.6,0.19963,2063
2312685,41.4906403,-91.7033873,203.6775,1,06,1.6,0.20435,2063
2312832,41.4906403,-91.7033873,203.6775,1,06,1.6,0.20435,2063
2312983,41.4906402,-91.7033873,203.6812,1,06,1.6,0.20855,2063
2313091,41.4906401,-91.7033873,203.6646,1,06,1.6,0.12875,2063
2313219,41.4906401,-91.7033873,203.6646,1,06,1.6,0.12875,2063
2313400,41.4906399,-91.7033868,203.5927,1,07,1.3,0.12875,2063
2313606,41.4906399,-91.7033869,203.5948,1,07,1.3,0.11986,2063
2313741,41.4906399,-91.7033869,203.5948,1,07,1.3,0.11986,2063
2313974,41.4906400,-91.7033868,203.5880,1,07,1.3,0.13130,2063
2314081,41.4906399,-91.7033868,203.5864,1,07,1.3,0.12713,2063
2314199,41.4906399,-91.7033868,203.5864,1,07,1.3,0.12713,2063
2314458,41.4906398,-91.7033868,203.5896,1,07,1.3,0.12713,2063
2314534,41.4906398,-91.7033868,203.5896,1,07,1.3,0.12713,2063
2314679,41.4906400,-91.7033868,203.5881,1,07,1.3,0.15095,2063
2314828,41.4906400,-91.7033868,203.5881,1,07,1.3,0.15095,2063
2314982,41.4906399,-91.7033867,203.5891,1,06,1.6,0.08676,2063
2315089,41.4906399,-91.7033867,203.5817,1,06,1.6,0.07358,2063
2315223,41.4906399,-91.7033867,203.5817,1,06,1.6,0.07358,2063
2315605,41.4906376,-91.7033848,203.4147,1,06,1.6,0.07358,2063
2315692,41.4906376,-91.7033848,203.4147,1,06,1.6,0.07358,2063
2316042,41.4906375,-91.7033850,203.3998,1,06,1.6,0.07358,2063
2316222,41.4906375,-91.7033850,203.3998,1,06,1.6,0.07358,2063
2316506,41.4906365,-91.7033846,203.4143,1,06,1.6,0.07358,2063
2316636,41.4906366,-91.7033846,203.3992,1,06,1.6,0.07347,2063
2316748,41.4906366,-91.7033846,203.3992,1,06,1.6,0.07347,2063
2316974,41.4906366,-91.7033846,203.3869,1,06,1.6,0.06138,2063
2317079,41.4906366,-91.7033846,203.3637,1,06,1.6,0.06745,2063
2317203,41.4906366,-91.7033846,203.3637,1,06,1.6,0.06745,2063
2317462,41.4906370,-91.7033841,203.4414,1,06,1.6,0.06745,2063
2317548,41.4906370,-91.7033841,203.4414,1,06,1.6,0.06745,2063
2317865,41.4906370,-91.7033841,203.4580,1,06,1.6,0.05197,2063
2317958,41.4906370,-91.7033841,203.4580,1,06,1.6,0.05197,2063
2318088,41.4906370,-91.7033842,203.4623,1,06,1.6,0.06532,2063
2318224,41.4906370,-91.7033841,203.4588,1,06,1.6,0.03998,2063
2318375,41.4906370,-91.7033841,203.4588,1,06,1.6,0.03998,2063
2318478,41.4906370,-91.7033841,203.4588,1,06,1.6,0.03998,2063
2318611,41.4906365,-91.7033833,203.4543,1,06,1.6,0.03998,2063
2318870,41.4906365,-91.7033833,203.4554,1,06,1.6,0.03998,2063
2319270,41.4906365,-91.7033833,203.4529,1,06,1.6,0.02226,2063
2319474,41.4906365,-91.7033833,203.4529,1,06,1.6,0.02226,2063
2319678,41.4906364,-91.7033833,203.4397,1,06,1.6,0.02226,2063
2319819,41.4906364,-91.7033833,203.4397,1,06,1.6,0.02226,2063
2320011,41.4906364,-91.7033833,203.4397,1,06,1.6,0.02471,2063
2320076,41.4906372,-91.7033816,203.4697,1,06,1.6,0.02471,2063
2320234,41.4906373,-91.7033815,203.4835,1,06,1.6,0.02471,2063
2320385,41.4906373,-91.7033815,203.4835,1,06,1.6,0.02471,2063
2320567,41.4906373,-91.7033815,203.4835,1,06,1.6,0.02471,2063
2320861,41.4906369,-91.7033815,203.4177,1,06,1.6,0.02471,2063
2321030,41.4906369,-91.7033815,203.4177,1,06,1.6,0.01631,2063
2321087,41.4906369,-91.7033815,203.4177,1,06,1.6,0.04355,2063
2321260,41.4906369,-91.7033815,203.4164,1,06,1.6,0.04355,2063
2321387,41.4906369,-91.7033815,203.4164,1,06,1.6,0.04355,2063
2321689,41.4906376,-91.7033805,203.5103,1,06,1.6,0.0576829,2063
2321833,41.4906376,-91.7033805,203.5103,1,06,1.6,0.0576829,2063
2322104,41.4906377,-91.7033805,203.4929,1,06,1.6,0.05229,2063
2322216,41.4906376,-91.7033806,203.4841,1,06,1.6,0.04984,2063
2322368,41.4906376,-91.7033806,203.4841,1,06,1.6,0.04984,2063
2322510,41.4906379,-91.7033803,203.4826,1,06,1.6,0.04984,2063
2322609,41.4906379,-91.7033803,203.4826,1,06,1.6,0.04984,2063
2322794,41.4906379,-91.7033804,203.4706,1,06,1.6,0.06601,2063
2322859,41.4906379,-91.7033804,203.4706,1,06,1.6,0.06601,2063
2323229,41.4906378,-91.7033805,203.4621,1,06,1.6,0.12383,2063
2323384,41.4906378,-91.7033805,203.4621,1,06,1.6,0.12383,2063
2323567,41.4906378,-91.7033805,203.4621,1,06,1.6,0.12383,2063
2323736,41.4906377,-91.7033805,203.4345,1,06,1.6,0.12383,2063
2323993,41.4906378,-91.7033804,203.4745,1,06,1.6,0.20146,2074
2324090,41.4906379,-91.7033804,203.4388,1,06,1.6,0.17333,2074
2324215,41.4906379,-91.7033804,203.4388,1,06,1.6,0.17333,2074
2324303,41.4906378,-91.7033804,203.4668,1,06,1.6,0.17333,2074
2324454,41.4906378,-91.7033804,203.4668,1,06,1.6,0.17333,2074
2324707,41.4906377,-91.7033803,203.4757,1,05,1.9,0.19390,2074
2324824,41.4906378,-91.7033803,203.4722,1,05,1.9,0.20266,2074
2324979,41.4906378,-91.7033803,203.4722,1,05,1.9,0.20266,2074
2325186,41.4906378,-91.7033804,203.4961,1,05,1.9,0.20266,2074
2325358,41.4906378,-91.7033804,203.4767,1,05,1.9,0.20266,2074
2325477,41.4906365,-91.7033801,204.1656,1,05,1.9,0.22350,2075
2325618,41.4906365,-91.7033801,204.1656,1,05,1.9,0.22350,2075
2325776,41.4906365,-91.7033801,204.1621,1,05,1.9,0.24955,2075
2325880,41.4906366,-91.7033802,204.1365,1,05,1.9,0.21828,2075
2326029,41.4906366,-91.7033802,204.1365,1,05,1.9,0.21828,2075
2326184,41.4906361,-91.7033800,204.4218,1,06,1.8,0.15327,2075
2326284,41.4906360,-91.7033798,204.4195,1,05,1.9,0.18449,2077
2326434,41.4906360,-91.7033798,204.4195,1,05,1.9,0.18449,2078
2326688,41.4906360,-91.7033798,204.4328,1,05,1.9,0.23135,2079
2326840,41.4906360,-91.7033798,204.4328,1,05,1.9,0.23135,2079
2327096,41.4906360,-91.7033798,204.4418,1,05,1.9,0.13418,2079
2327367,41.4906360,-91.7033798,204.4418,1,05,1.9,0.13418,2079
2327591,41.4906361,-91.7033798,204.4425,1,05,1.9,0.09136,2079
2327672,41.4906360,-91.7033800,204.4045,1,05,1.9,0.06823,2079
2327814,41.4906360,-91.7033800,204.4045,1,05,1.9,0.06823,2079
2327977,41.4906361,-91.7033799,204.4278,1,05,1.9,0.04655,2079
2328085,41.4906360,-91.7033799,204.4327,1,05,1.9,0.09768,2079
2328206,41.4906360,-91.7033799,204.4327,1,05,1.9,0.09768,2079
2328463,41.4906355,-91.7033792,204.6552,1,06,1.6,0.09768,2079
2328542,41.4906355,-91.7033792,204.6552,1,06,1.6,0.09768,2079
2328684,41.4906356,-91.7033792,204.6479,1,06,1.6,0.05890,2079
2328835,41.4906356,-91.7033792,204.6479,1,06,1.6,0.05890,2079
2329103,41.4906356,-91.7033792,204.7074,1,06,1.6,0.08756,2079
2329257,41.4906356,-91.7033792,204.7074,1,06,1.6,0.08756,2079
2329406,41.4906355,-91.7033792,204.6751,1,06,1.6,0.13813,2079
2329664,41.4906356,-91.7033791,204.6947,1,06,1.6,0.09399,2079
2329843,41.4906356,-91.7033791,204.6947,1,06,1.6,0.09399,2079
2330214,41.4906356,-91.7033791,204.6873,1,06,1.6,0.09338,2080
2330355,41.4906356,-91.7033791,204.6873,1,06,1.6,0.09338,2080
2330573,41.4906358,-91.7033791,204.6796,1,06,1.6,0.16753,2080
2330810,41.4906356,-91.7033790,204.6821,1,06,1.6,0.08895,2080
2330894,41.4906356,-91.7033790,204.6821,1,06,1.6,0.08895,2080
2331048,41.4906356,-91.7033791,204.6748,1,05,1.7,0.08895,2080
2331463,41.4906356,-91.7033789,204.7020,1,05,1.7,0.08895,2080
2331528,41.4906356,-91.7033789,204.7020,1,05,1.7,0.08895,2080
2331581,41.4906357,-91.7033789,204.6958,1,05,1.7,0.11172,2080
2331811,41.4906357,-91.7033790,204.6863,1,05,1.7,0.20131,2080
2331878,41.4906357,-91.7033790,204.6863,1,05,1.7,0.20131,2080
2332093,41.4906357,-91.7033790,204.6803,1,05,1.7,0.20131,2080
2332231,41.4906357,-91.7033790,204.6803,1,05,1.7,0.20131,2080
2332388,41.4906356,-91.7033790,204.6744,1,05,1.7,0.24429,2080
2332488,41.4906357,-91.7033790,204.6725,1,05,1.7,0.18435,2080
2332634,41.4906357,-91.7033790,204.6725,1,05,1.7,0.18435,2080
2333139,41.4906356,-91.7033790,204.6884,1,05,1.7,0.17805,2080
2333316,41.4906356,-91.7033790,204.6884,1,05,1.7,0.17805,2080
2333476,41.4906357,-91.7033790,204.6653,1,06,1.6,0.17805,2080
2333611,41.4906357,-91.7033790,204.6653,1,06,1.6,0.17805,2080
2333775,41.4906356,-91.7033789,204.6926,1,06,1.6,0.09752,2080
2333881,41.4906356,-91.7033789,204.6769,1,05,1.7,0.13829,2080
2334016,41.4906356,-91.7033789,204.6769,1,05,1.7,0.13829,2080
2334372,41.4906354,-91.7033674,204.5311,1,06,1.6,0.16075,2080
2334522,41.4906354,-91.7033674,204.5311,1,06,1.6,0.16075,2080
2334670,41.4906354,-91.7033674,204.5143,1,06,1.6,0.16075,2080
2334870,41.4906355,-91.7033674,204.5524,1,05,1.7,0.17849,2080
2335010,41.4906355,-91.7033674,204.5524,1,05,1.7,0.17849,2080
2335123,41.4906355,-91.7033675,204.5073,1,05,1.7,0.18162,2080
2335310,41.4906355,-91.7033675,204.5073,1,05,1.7,0.18162,2080
2335490,41.4906355,-91.7033674,204.4958,1,05,1.7,0.09889,2080
2335639,41.4906355,-91.7033674,204.4958,1,05,1.7,0.09889,2080
2335903,41.4906355,-91.7033674,204.5080,1,05,1.7,0.04910,2080
2336021,41.4906355,-91.7033675,204.5160,1,05,1.7,0.10053,2080
2336177,41.4906355,-91.7033675,204.5160,1,05,1.7,0.10053,2080
2336324,41.4906356,-91.7033674,204.5525,1,05,1.7,0.10053,2080
2336417,41.4906356,-91.7033674,204.5525,1,05,1.7,0.10053,2080
2336666,41.4906354,-91.7033674,204.5123,1,06,1.6,0.09016,2080
2336735,41.4906354,-91.7033674,204.5123,1,06,1.6,0.09016,2080
2336882,41.4906354,-91.7033674,204.5031,1,06,1.6,0.11579,2080
2337024,41.4906354,-91.7033674,204.5031,1,06,1.6,0.11579,2080
2337196,41.4906354,-91.7033673,204.5048,1,06,1.6,0.12301,2080
2337287,41.4906355,-91.7033674,204.5070,1,06,1.6,0.09814,2080
2337433,41.4906355,-91.7033674,204.5070,1,06,1.6,0.09814,2080
2337758,41.4906353,-91.7033673,204.4881,1,06,1.6,0.18510,2081
2337914,41.4906353,-91.7033673,204.4881,1,06,1.6,0.18510,2092
2338269,41.4906353,-91.7033673,204.5114,1,06,1.6,0.05958,2091
2338397,41.4906353,-91.7033673,204.5114,1,06,1.6,0.05958,2092
2338724,41.4906353,-91.7033672,204.5048,1,05,1.9,0.15318,2092
2338972,41.4906354,-91.7033672,204.4895,1,06,1.6,0.1624430,2092
2339079,41.4906353,-91.7033673,204.4881,1,06,1.6,0.12580,2090
2339198,41.4906353,-91.7033673,204.4881,1,06,1.6,0.12580,2090
2339423,41.4906353,-91.7033671,204.5073,1,06,1.6,0.12580,2090
2339507,41.4906353,-91.7033671,204.5073,1,06,1.6,0.12580,2090
2339580,41.4906353,-91.7033671,204.4900,1,06,1.6,0.12580,2090
2339682,41.4906353,-91.7033672,204.4703,1,06,1.6,0.07132,2090
2339831,41.4906353,-91.7033672,204.4703,1,06,1.6,0.07132,2090
2340090,41.4906352,-91.7033671,204.4900,1,05,1.9,0.06064,2090
2340217,41.4906352,-91.7033671,204.4900,1,05,1.9,0.06064,2090
2340487,41.4906353,-91.7033670,204.4670,1,05,1.9,0.06064,2090
2340640,41.4906353,-91.7033670,204.4670,1,05,1.9,0.06064,2090
2340888,41.4906353,-91.7033669,204.4881,1,05,1.9,0.04383,2090
2341045,41.4906353,-91.7033669,204.4881,1,05,1.9,0.04383,2090
2341478,41.4906351,-91.7033668,204.4500,1,06,1.6,0.02558,2090
2341735,41.4906351,-91.7033668,204.4500,1,06,1.6,0.02558,2090
2341975,41.4906350,-91.7033668,204.4529,1,06,1.6,0.01998,2090
2342082,41.4906351,-91.7033667,204.4795,1,06,1.6,0.03107,2090
2342207,41.4906351,-91.7033667,204.4795,1,06,1.6,0.03107,2090
2342295,41.4906343,-91.7033658,204.4851,1,06,1.6,0.03107,2090
2342452,41.4906343,-91.7033658,204.4851,1,06,1.6,0.03107,2090
2342589,41.4906344,-91.7033658,204.4747,1,06,1.6,0.02318,2090
2342684,41.4906343,-91.7033658,204.4872,1,06,1.6,0.01648,2090
2342821,41.4906343,-91.7033658,204.4872,1,06,1.6,0.01648,2090
2342980,41.4906343,-91.7033658,204.4795,1,06,1.6,0.02305,2090
2343093,41.4906343,-91.7033658,204.4738,1,06,1.6,0.01131,2090
2343213,41.4906343,-91.7033658,204.4738,1,06,1.6,0.01131,2090
2343466,41.4906288,-91.7033583,204.6483,1,06,1.6,0.01131,2090
2343542,41.4906288,-91.7033583,204.6483,1,06,1.6,0.01131,2090
2343686,41.4906289,-91.7033582,204.6681,1,06,1.6,0.00348,2090
2343834,41.4906289,-91.7033582,204.6681,1,06,1.6,0.00348,2090
2344214,41.4906288,-91.7033583,204.6377,1,06,1.6,0.00327,2090
2344343,41.4906288,-91.7033583,204.6377,1,06,1.6,0.00327,2090
2344572,41.4906285,-91.7033579,204.6745,1,05,1.7,0.01920,2090
2344675,41.4906285,-91.7033579,204.6688,1,05,1.7,0.04184,2090
2344813,41.4906285,-91.7033579,204.6688,1,05,1.7,0.04184,2090
2344977,41.4906285,-91.7033578,204.6707,1,05,1.7,0.05077,2090
2345089,41.4906284,-91.7033578,204.6795,1,05,1.7,0.03763,2090
2345209,41.4906284,-91.7033578,204.6795,1,05,1.7,0.03763,2090
2345463,41.4906286,-91.7033572,204.6392,1,05,1.7,0.03763,2090
2345539,41.4906286,-91.7033572,204.6392,1,05,1.7,0.03763,2090
2345752,41.4906286,-91.7033572,204.6504,1,05,1.7,0.05413,2090
2345908,41.4906286,-91.7033572,204.6504,1,05,1.7,0.05413,2090
2346092,41.4906286,-91.7033572,204.6683,1,05,1.7,0.04098,2090
2346217,41.4906286,-91.7033572,204.6683,1,05,1.7,0.04098,2090
2346387,41.4906290,-91.7033569,204.6152,1,05,1.7,0.04098,2090
2346489,41.4906290,-91.7033569,204.6450,1,05,1.7,0.03410,2090
2346757,41.4906290,-91.7033569,204.6450,1,05,1.7,0.03410,2090
2347080,41.4906291,-91.7033568,204.6518,1,05,1.7,0.06603,2090
2347196,41.4906291,-91.7033568,204.6518,1,05,1.7,0.06603,2090
2347426,41.4906290,-91.7033563,204.6662,1,24,0.6,0.06603,2090
2347582,41.4906290,-91.7033563,204.6662,1,24,0.6,0.06603,2090
2347858,41.4906290,-91.7033562,204.6656,1,24,0.6,0.08506,2090
2348085,41.4906290,-91.7033562,204.6736,1,24,0.6,0.06267,2090
2348205,41.4906290,-91.7033562,204.6736,1,24,0.6,0.06267,2090
2348463,41.4906290,-91.7033557,204.6348,1,05,1.9,0.06267,2090
2348546,41.4906290,-91.7033557,204.6348,1,05,1.9,0.06267,2090
2348688,41.4906290,-91.7033555,204.6719,1,05,1.9,0.06383,2090
2348840,41.4906290,-91.7033555,204.6719,1,05,1.9,0.06383,2090
2348986,41.4906290,-91.7033555,204.6658,1,05,1.9,0.05006,2090
2349093,41.4906291,-91.7033556,204.6370,1,05,1.9,0.03822,2090
2349252,41.4906291,-91.7033556,204.6370,1,05,1.9,0.03822,2090
2349401,41.4906289,-91.7033548,204.6986,1,24,0.6,0.04308,2090
2349701,41.4906289,-91.7033549,204.6880,1,23,0.6,0.03074,2090
2349827,41.4906289,-91.7033549,204.6880,1,23,0.6,0.03074,2090
2350260,41.4906288,-91.7033548,204.7206,1,23,0.6,0.03074,2090
2350382,41.4906288,-91.7033548,204.7206,1,23,0.6,0.03074,2090
2350628,41.4906293,-91.7033548,204.5987,1,24,0.6,0.01168,2090
2350967,41.4906293,-91.7033548,204.5987,1,24,0.6,0.01100.0,2090
2351207,41.4906292,-91.7033547,204.6214,1,23,0.6,0.01100.0,2090
2351483,41.4906287,-91.7033545,204.6149,1,24,0.6,0.17969,2090
2351635,41.4906287,-91.7033545,204.6149,1,24,0.6,0.17969,2090
2352051,41.4906288,-91.7033546,204.5845,1,24,0.6,0.18457,2090
2352222,41.4906288,-91.7033546,204.5845,1,24,0.6,0.18457,2090
2352385,41.4906283,-91.7033562,204.5840,1,05,1.9,0.21138,2090
2352487,41.4906282,-91.7033561,204.5803,1,05,1.9,0.21503,2090
2352647,41.4906282,-91.7033561,204.5803,1,05,1.9,0.21503,2090
2352794,41.4906282,-91.7033562,204.5738,1,05,1.9,0.21617,2090
2352891,41.4906283,-91.7033561,204.5925,1,05,1.9,0.17542,2090
2353169,41.4906283,-91.7033561,204.5925,1,05,1.9,0.17542,2090
2353377,41.4906270,-91.7033556,204.6085,1,05,1.9,0.24583,2090
2353476,41.4906270,-91.7033556,204.6129,1,05,1.9,0.22342,2090
2353628,41.4906270,-91.7033556,204.6129,1,05,1.9,0.22342,2090
2353776,41.4906269,-91.7033557,204.6042,1,05,1.9,0.20465,2090
2353880,41.4906270,-91.7033556,204.6119,1,05,1.9,0.19826,2090
2354033,41.4906270,-91.7033556,204.6119,1,05,1.9,0.19826,2090
2354298,41.4906265,-91.7033554,204.5702,1,24,0.6,0.20779,2090
2354456,41.4906265,-91.7033554,204.5702,1,24,0.6,0.20779,2090
2354686,41.4906266,-91.7033555,204.5659,1,24,0.6,0.17741,2090
2354827,41.4906266,-91.7033555,204.5659,1,24,0.6,0.17741,2090
2355091,41.4906266,-91.7033555,204.5806,1,24,0.6,0.10199,2090
2355212,41.4906266,-91.7033555,204.5806,1,24,0.6,0.10199,2090
2355467,41.4906266,-91.7033555,204.5785,1,24,0.6,0.10199,2090
2355583,41.4906266,-91.7033555,204.5785,1,24,0.6,0.10199,2090
2355819,41.4906266,-91.7033555,204.5789,1,24,0.6,0.10509,2090
2356024,41.4906265,-91.7033554,204.5774,1,22,0.7,0.1974172,2090
2356190,41.4906265,-91.7033554,204.5774,1,22,0.7,0.1974172,2090
2356291,41.4906263,-91.7033554,204.6255,1,05,1.9,137.7549,2090
2356428,41.4906263,-91.7033554,204.6255,1,05,1.9,137.7549,2090
2356574,41.4906264,-91.7033554,204.6129,1,05,1.9,0.13750,2090
2356682,41.4906264,-91.7033553,204.6248,1,24,0.6,0.14285,2090
2356818,41.4906264,-91.7033553,204.6248,1,24,0.6,0.14285,2090
2357087,41.4906265,-91.7033553,204.6154,1,23,0.6,0.10284,2090
2357204,41.4906265,-91.7033553,204.6154,1,23,0.6,0.10284,2090
2357290,41.4906265,-91.7033554,204.5834,1,24,0.6,0.10284,2090
2357433,41.4906265,-91.7033554,204.5834,1,24,0.6,0.10284,2090
2357688,41.4906265,-91.7033555,204.5647,1,24,0.6,0.18808,2091
2357834,41.4906265,-91.7033555,204.5647,1,24,0.6,0.18808,2091
2358276,41.4906264,-91.7033553,204.6073,1,24,0.6,0.06028,2091
2358401,41.4906264,-91.7033553,204.6073,1,24,0.6,0.06028,2091
2358569,41.4906264,-91.7033554,2.848,1,24,4.213,0.07909,2091
2358782,41.4906265,-91.7033555,204.5713,1,24,0.6,0.07909,2091
2358926,41.4906265,-91.7033554,204.5776,1,23,0.6,0.03802,2091
2358996,41.4906265,-91.7033554,204.5776,1,23,0.6,0.03802,2091
2359189,41.4906265,-91.7033555,204.5542,1,24,0.6,0.08354,2091
2359294,41.4906265,-91.7033555,204.5542,1,24,0.6,0.08354,2091
2359581,41.4906233,-91.7033532,204.9586,1,05,1.9,0.06079,2091
2359677,41.4906233,-91.7033532,204.9530,1,05,1.9,0.03980,2091
2359823,41.4906233,-91.7033532,204.9530,1,05,1.9,0.03980,2091
2359979,41.4906232,-91.7033530,204.9737,1,24,0.6,0.10842,2091
2360215,41.4906233,-91.7033532,204.9381,1,23,0.6,0.04868,2091
2360378,41.4906233,-91.7033532,204.9381,1,23,0.6,0.04868,2091
2360593,41.4906223,-91.7033523,204.8797,1,24,0.6,0.04868,2091
2360699,41.4906223,-91.7033523,204.8797,1,24,0.6,0.04868,2091
2361002,41.4906222,-91.7033522,204.8907,1,24,0.6,0.04868,2091
2361099,41.4906224,-91.7033524,204.8634,1,24,0.6,0.05524,2091
2361256,41.4906224,-91.7033524,204.8634,1,24,0.6,0.05524,2091
2361619,41.4906223,-91.7033523,204.8767,1,05,1.9,0.07487,2091
2361767,41.4906223,-91.7033523,204.8767,1,05,1.9,0.07487,2091
2362082,41.4906222,-91.7033523,204.8835,1,24,0.6,0.0799M,2091
2362201,41.4906222,-91.7033523,204.8835,1,24,0.6,0.0799M,2091
2362458,41.4906220,-91.7033521,204.9575,1,24,0.6,0.0799M,2091
2362574,41.4906220,-91.7033521,204.9575,1,24,0.6,0.0799M,2091
