timestamp_ms,latitude,longitude,altitude_m,fix_quality,satellites,hdop,speed_kn,heading_deg
272585,41.4906068,-91.7033203,200.8384,2,09,1.1,0.10508,159
272654,41.4906068,-91.7033203,200.8384,2,09,1.1,0.10508,159
272907,41.4906068,-91.7033202,200.8140,2,09,1.1,0.15484,159
273068,41.4906067,-91.7033204,200.8297,2,09,1.1,0.16402,159
273148,41.4906067,-91.7033204,200.8297,2,09,1.1,0.16402,159
273319,41.4906068,-91.7033261,200.6040,2,10,1.1,0.16402,159
273364,41.4906068,-91.7033261,200.6040,2,10,1.1,0.16402,159
273524,41.4906069,-91.7033261,200.6145,2,10,1.1,0.16402,159
273725,41.4906069,-91.7033261,200,2,10,1.1,0.16402,159
273765,41.4906068,-91.7033261,200.6018,2,10,1.1,0.16402,159
273872,41.4906068,-91.7033261,200,2,10,1.1,0.16402,159
274098,41.4906069,-91.7033259,200.5799,2,10,1.1,0.16402,159
274204,41.4906069,-91.7033259,20030,2,10,1.1,0.16402,159
274683,41.4906069,-91.7033261,200.5792,2,10,1.1,0.12099,159
274780,41.4906068,-91.7033261,200.5883,2,10,1.1,0.15510,159
274873,41.4906068,-91.7033261,200.5883,2,10,1.1,0.15510,159
275129,41.4906069,-91.7033261,200.5952,2,10,1.1,0.17581,159
275320,41.4906068,-91.7033261,200.5900,2,10,1.1,7,159
275377,41.4906068,-91.7033261,200.5900,2,10,1.1,7,159
275530,41.4906069,-91.7033262,200.5861,2,10,1.1,7,159
275589,41.4906069,-91.7033262,200,2,10,1.1,7,159
275764,41.4906069,-91.7033261,200.5827,2,10,1.1,7,159
275915,41.4906069,-91.7033261,200.5827,2,10,1.1,7,159
276431,41.4906069,-91.7033261,200.5812,2,11,0.9,7,159
276584,41.4906069,-91.7033261,200.5812,2,11,0.9,7,159
276733,41.4906069,-91.7033261,200.5812,2,11,0.9,7,159
276918,41.4906066,-91.7033262,200.5959,2,11,0.9,7,159
276983,41.4906066,-91.7033262,200.5959,2,11,0.9,7,159
277046,41.4906067,-91.7033262,200.5918,2,11,0.9,7,159
277153,41.4906067,-91.7033262,200.5918,2,11,0.9,7,159
277382,41.4906067,-91.7033263,200.5924,2,11,0.9,31,159
277477,41.4906067,-91.7033263,200.5924,2,11,0.9,31,159
277615,41.4906066,-91.7033262,200.5921,2,11,0.9,0.09314,159
277692,41.4906065,-91.7033264,200.6090,2,11,0.9,0.09314,159
277782,41.4906065,-91.7033265,200.6115,2,11,0.9,0.12125,159
277884,41.4906065,-91.7033265,200.6115,2,11,0.9,0.12125,159
278052,41.4906067,-91.7033265,200.6090,2,11,0.9,0.14429,159
278186,41.4906067,-91.7033265,200.6015,2,10,1.0,0.13910,159
278309,41.4906067,-91.7033265,200.6015,2,10,1.0,0.13910,159
278505,41.4906067,-91.7033265,200.6024,2,10,1.0,0.05280,159
278664,41.4906067,-91.7033265,200.6024,2,10,1.0,0.05280,159
278982,41.4906066,-91.7033264,200.5921,2,10,1.0,0.07368,159
279086,41.4906066,-91.7033264,200.5921,2,10,1.0,0.07368,159
279176,41.4906063,-91.7033267,200.6042,2,11,0.9,0.07368,159
279289,41.4906063,-91.7033267,200.6042,2,11,0.9,0.07368,159
279464,41.4906063,-91.7033267,200.6232,2,11,0.9,0.06678,159
279614,41.4906063,-91.7033267,200.6232,2,11,0.9,0.06678,159
280048,41.4906064,-91.7033266,200.6074,2,11,0.9,0.12201,159
280180,41.4906061,-91.7033269,200.5969,2,11,0.9,0.13646,159
280309,41.4906061,-91.7033269,200.5969,2,11,0.9,0.13646,159
280513,41.4906062,-91.7033268,200.6013,2,11,0.9,0.08955,159
280590,41.4906062,-91.7033268,200.6013,2,11,0.9,0.08955,159
280757,41.4906062,-91.7033268,200.6179,2,11,0.9,0.08955,159
280923,41.4906062,-91.7033268,200.A,2,11,0.9,0.08955,159
280992,41.4906060,-91.7033270,200.6202,2,11,0.9,0.08955,159
281247,41.4906060,-91.7033270,200.,2,11,0.9,0.08955,159
281338,41.4906062,-91.7033268,200.6067,2,11,0.9,0.08955,159
281480,41.4906062,-91.7033268,200.9870,2,11,0.9,0.08955,159
281587,41.4906062,-91.7033268,200.9870,2,11,0.9,0.08955,159
281676,41.4906059,-91.7033269,200.6303,2,10,1.0,0.08955,159
281803,41.4906061,-91.7033269,200.6204,2,10,1.0,0.21087,159
281888,41.4906060,-91.7033270,200.6294,2,10,1.0,0.23480,159
281985,41.4906060,-91.7033269,200.6354,2,10,1.0,0.20566,159
282104,41.4906060,-91.7033269,200.6354,2,10,1.0,0.20566,159
282304,41.4906060,-91.7033270,200.6319,2,10,1.0,0.20566,159
282378,41.4906060,-91.7033270,200.6319,2,10,1.0,0.20566,159
282530,41.4906062,-91.7033269,200.6230,2,10,1.0,0.20566,159
282670,41.4906062,-91.7033269,200.,2,10,1.0,0.20566,159
282794,41.4906062,-91.7033269,200.,2,10,1.0,0.20566,159
282908,41.4906059,-91.7033270,200.6263,2,10,1.0,0.20566,159
282993,41.4906061,-91.7033269,200.6162,2,10,1.0,0.20566,159
283213,41.4906061,-91.7033269,200.6162,2,10,1.0,0.20566,159
283562,41.4906061,-91.7033269,200.6162,2,10,1.0,0.20566,159
283631,41.4906061,-91.7033269,200.6162,2,10,1.0,0.20566,159
283676,41.4906061,-91.7033269,200.6162,2,10,1.0,0.20566,159
283725,41.4906003,-91.7033310,200.5415,2,10,1.0,0.12217,159
283842,41.4906004,-91.7033310,200.5300,2,10,1.0,0.12110,159
283936,41.4906004,-91.7033310,200.5300,2,10,1.0,0.12110,159
284120,41.4906004,-91.7033310,200.5160,2,10,1.0,0.13556,159
284175,41.4906004,-91.7033310,200.5160,2,10,1.0,0.13556,159
284517,41.4906002,-91.7033311,200.5521,2,10,1.0,0.13556,159
284725,41.4906002,-91.7033311,200.550,2,10,1.0,0.13556,159
284992,41.4906003,-91.7033311,200.5578,2,10,1.0,0.05781,159
285129,41.4906003,-91.7033311,200.5578,2,10,1.0,0.05781,159
285204,41.4906004,-91.7033312,200.5356,2,10,1.0,0.05781,159
285330,41.4906004,-91.7033312,200.5356,2,10,1.0,0.05781,159
285698,41.4906002,-91.7033311,200.5385,2,10,1.0,0.11503,159
285973,41.4906002,-91.7033311,200.5385,2,10,1.0,0.11503,159
286263,41.4906001,-91.7033312,200.5358,2,10,1.0,0.05656,159
286381,41.4906001,-91.7033312,200.5358,2,10,1.0,0.05656,159
287303,41.4905979,-91.7033300,200.3574,2,10,1.0,0.08158,159
287361,41.4905979,-91.7033300,200.3574,2,10,1.0,0.08158,159
287509,41.4905979,-91.7033300,200.3414,2,10,1.0,0.08158,159
287571,41.4905979,-91.7033300,200,2,10,1.0,0.08158,159
287738,41.4905980,-91.7033299,200.3487,2,10,1.0,0.08158,159
287892,41.4905980,-91.7033299,200.3487,2,10,1.0,0.08158,159
288182,41.4905975,-91.7033304,200.3720,2,11,0.9,0.08158,159
288303,41.4905975,-91.7033304,200.3720,2,11,0.9,0.08158,159
288386,41.4905976,-91.7033305,200.3842,2,11,0.9,0.08199,159
288512,41.4905976,-91.7033305,200.3842,2,11,0.9,0.08199,159
288663,41.4905974,-91.7033306,200.3959,2,11,0.9,0.08924,159
288762,41.4905976,-91.7033304,200.3695,2,11,0.9,0.08924,159
288868,41.4905976,-91.7033304,200.3701,2,11,0.9,0.04118,159
289045,41.4905976,-91.7033304,200$GNGGA,2,11,0.9,0.04118,159
289164,41.4905975,-91.7033306,200.3892,2,11,0.9,0.05367,159
289362,41.4905975,-91.7033306,200$GNRMC,2,11,0.9,0.05367,159
289431,41.4905971,-91.7033307,200.3901,2,10,1.0,0.05367,159
289549,41.4905971,-91.7033307,20035,2,10,1.0,0.05367,159
289613,41.4905971,-91.7033308,200.3930,2,10,1.0,0.03341,159
289689,41.4905971,-91.7033307,200.3882,2,10,1.0,0.05814,159
289782,41.4905972,-91.7033307,200.3666,2,10,1.0,0.05180,159
289911,41.4905972,-91.7033307,200.3666,2,10,1.0,0.05180,159
290275,41.4905972,-91.7033307,200.3902,2,10,1.0,0.07916,159
290410,41.4905966,-91.7033310,200.4221,2,11,0.9,0.08076,159
290469,41.4905966,-91.7033310,200.4221,2,11,0.9,0.08076,159
290537,41.4905966,-91.7033311,200.4347,2,11,0.9,0.08076,159
290690,41.4905966,-91.7033311,200.4347,2,11,0.9,0.06419,159
290934,41.4905966,-91.7033311,200.4240,2,11,0.9,0.06419,159
291011,41.4905966,-91.7033311,200.4172,2,11,0.9,0.06419,159
291305,41.4905965,-91.7033313,200.4037,2,12,0.9,0.07640,159
291470,41.4905965,-91.7033313,200.4037,2,12,0.9,0.07640,159
291744,41.4905966,-91.7033314,200.4346,2,12,0.9,0.05147,159
292003,41.4905965,-91.7033314,200.4099,2,12,0.9,0.05147,159
292301,41.4905968,-91.7033316,200.4470,2,11,0.9,0.06493,159
292369,41.4905968,-91.7033316,200.4470,2,11,0.9,0.06493,159
292516,41.4905968,-91.7033316,200.4352,2,11,0.9,0.06493,159
292586,41.4905968,-91.7033316,200.43,2,11,0.9,0.06493,159
292784,41.4905968,-91.7033315,200.4352,2,11,0.9,0.06493,159
292948,41.4905968,-91.7033315,200.4352,2,11,0.9,0.06493,159
293182,41.4905970,-91.7033313,200.4838,2,11,0.9,0.12603,159
293313,41.4905970,-91.7033313,200.4838,2,11,0.9,0.12603,159
293526,41.4905970,-91.7033314,200.4732,2,11,0.9,0.05395,159
293704,41.4905970,-91.7033314,200.4732,2,11,0.9,0.05395,159
294087,41.4905971,-91.7033313,200.4837,2,11,0.9,0.03135,159
294187,41.4905970,-91.7033313,200.4751,2,11,0.9,0.03529,159
294438,41.4905970,-91.7033313,200.4751,2,11,0.9,0.03529,159
294771,41.4905970,-91.7033312,200.4718,2,11,0.9,0.03835,159
294898,41.4905970,-91.7033312,200.4718,2,11,0.9,0.03835,159
295059,41.4905971,-91.7033313,200.4863,2,11,0.9,0.03907,159
295181,41.4905971,-91.7033313,200.4863,2,11,0.9,0.03907,159
295380,41.4905971,-91.7033310,200.4811,2,11,0.9,0.03907,159
295480,41.4905971,-91.7033310,200.4811,2,11,0.9,0.03907,159
295579,41.4905971,-91.7033310,200.4938,2,11,0.9,0.04448,159
295693,41.4905971,-91.7033310,200.4938,2,11,0.9,0.04448,159
295837,41.4905971,-91.7033310,200.4831,2,11,0.9,0.02372,159
295990,41.4905971,-91.7033310,200.4845,2,11,0.9,0.03071,159
296113,41.4905971,-91.7033310,200.4845,2,11,0.9,0.03071,159
296190,41.4905975,-91.7033305,200.5366,2,11,1.0,0.03071,159
296295,41.4905975,-91.7033305,200.5366,2,11,1.0,0.03071,159
296387,41.4905975,-91.7033306,200.5388,2,11,1.0,0.01480,159
296508,41.4905975,-91.7033306,200.5388,2,11,1.0,0.01480,159
296781,41.4905974,-91.7033306,200.5261,2,11,1.0,0.02823,159
296964,41.4905975,-91.7033307,200.5310,2,11,1.0,0.02823,159
297173,41.4905974,-91.7033300,200.5644,2,12,0.9,0.00300,159
297267,41.4905974,-91.7033300,200.5644,2,12,0.9,0.00300,159
297539,41.4905975,-91.7033300,200.5538,2,12,0.9,0.03579,159
297779,41.4905974,-91.7033301,200.5639,2,12,0.9,0.04862,159
297892,41.4905974,-91.7033301,200.5639,2,12,0.9,0.04862,159
297986,41.4905974,-91.7033302,200.5726,2,12,0.9,0.05111,159
298093,41.4905974,-91.7033302,200.5726,2,12,0.9,0.05111,159
298184,41.4905977,-91.7033295,200.5654,2,12,0.9,0.05111,159
298286,41.4905977,-91.7033295,200.5654,2,12,0.9,0.05111,159
298385,41.4905977,-91.7033296,200.5775,2,12,0.9,0.04084,159
298508,41.4905977,-91.7033296,200.5775,2,12,0.9,0.04084,159
298590,41.4905977,-91.7033294,200.5692,2,12,0.9,0.05351,159
298754,41.4905977,-91.7033294,200.5692,2,12,0.9,0.05351,159
298995,41.4905977,-91.7033295,200.5620,2,12,0.9,0.05165,159
299257,41.4905977,-91.7033295,200.5620,2,12,0.9,0.05165,159
299710,41.4905979,-91.7033291,200.5936,2,11,1.0,0.02175,159
299769,41.4905979,-91.7033291,200.5936,2,11,1.0,0.02175,159
299916,41.4905979,-91.7033290,200.5701,2,11,1.0,0.02175,159
299976,41.4905979,-91.7033290,200,2,11,1.0,0.02175,159
300149,41.4905979,-91.7033289,200.5838,2,11,1.0,0.02175,159
300284,41.4905979,-91.7033289,200.5838,2,11,1.0,0.02175,159
300597,41.4905981,-91.7033287,200.6064,2,11,1.0,0.02135,159
300724,41.4905981,-91.7033287,200.6064,2,11,1.0,0.02135,159
301184,41.4905980,-91.7033286,200.6396,2,11,1.0,0.02371,159
301307,41.4905980,-91.7033286,200.6396,2,11,1.0,0.02371,159
301515,41.4905980,-91.7033285,200.6271,2,11,1.0,0.02921,159
301685,41.4905980,-91.7033285,200.6271,2,11,1.0,0.02921,159
301995,41.4905979,-91.7033285,200.6261,2,11,1.0,0.07547,159
302140,41.4905979,-91.7033285,200.6261,2,11,1.0,0.07547,159
302589,41.4905980,-91.7033283,200.6527,2,12,0.9,0.05864,159
302870,41.4905980,-91.7033283,200.6527,2,12,0.9,0.05864,159
303197,41.4905980,-91.7033283,200.6527,2,12,0.9,0.02396,159
303250,41.4905980,-91.7033283,200.6527,2,12,0.9,0.00881,159
303377,41.4905975,-91.7033285,200.6755,2,12,0.9,0.01326,159
303478,41.4905975,-91.7033285,200.6755,2,12,0.9,0.01326,159
303592,41.4905975,-91.7033284,200.6778,2,12,0.9,0.02147,159
303722,41.4905975,-91.7033284,200.6778,2,12,0.9,0.02147,159
304182,41.4905975,-91.7033284,200.6763,2,12,0.9,0.01633,159
304313,41.4905975,-91.7033284,200.6763,2,12,0.9,0.01633,159
304519,41.4905976,-91.7033284,200.6826,2,12,0.9,0.00169,159
304721,41.4905976,-91.7033284,200.6826,2,12,0.9,0.00169,159
305143,41.4905976,-91.7033285,200.6743,2,12,0.9,0.00169,159
305321,41.4905976,-91.7033285,200.6743,2,12,0.9,0.00169,159
305589,41.4905976,-91.7033283,200.7110,2,12,0.9,0.00169,159
305731,41.4905976,-91.7033283,200.7110,2,12,0.9,0.00169,159
306409,41.4905976,-91.7033286,200.7265,2,12,0.9,0.03219,159
306668,41.4905976,-91.7033286,200.7265,2,12,0.9,0.03219,159
307166,41.4905976,-91.7033286,4.649,2,12.,1.586,0.04588,159
307325,41.4905974,-91.7033289,200.7653,2,12,0.9,0.04588,158
307578,41.4905972,-91.7033292,200.7910,2,12,0.9,0.04239,158
307714,41.4905972,-91.7033292,200.7910,2,12,0.9,0.04239,158
308047,41.4905973,-91.7033289,200.7654,2,12,0.9,0.03326,158
308188,41.4905973,-91.7033289,200.7654,2,12,0.9,0.03326,158
308516,41.4905973,-91.7033292,200.7868,2,11,1.0,0.03977,158
308570,41.4905973,-91.7033292,200.7868,2,11,1.0,0.03977,158
308723,41.4905973,-91.7033292,200.8000,2,11,1.0,0.03977,158
308836,41.4905973,-91.7033292,200K,2,11,1.0,0.03977,158
309038,41.4905972,-91.7033294,200.8100,2,11,1.0,0.03977,158
309163,41.4905972,-91.7033294,2002,2,11,1.0,0.03977,158
309233,41.4905973,-91.7033292,0.06018,2,118,M,0.06766,158
309304,41.4905970,-91.7033296,200.8204,2,12,0.9,0.06766,158
309386,41.4905971,-91.7033294,200.8085,2,12,0.9,0.05815,158
309614,41.4905971,-91.7033294,200.8085,2,12,0.9,0.05815,158
309776,41.4905971,-91.7033295,200.8105,2,12,0.9,0.07716,158
309957,41.4905971,-91.7033296,200.8127,2,12,0.9,4129.4358,158
310092,41.4905971,-91.7033296,200.8127,2,12,0.9,4129.4358,158
310424,41.4905969,-91.7033298,200.8602,2,12,0.9,0.05942,158
310473,41.4905969,-91.7033298,200.8602,2,12,0.9,0.05942,158
310529,41.4905970,-91.7033296,200.8607,2,12,0.9,0.05942,158
310721,41.4905970,-91.7033296,200.8468,2,12,0.9,0.08123,158
310893,41.4905970,-91.7033296,200.8468,2,12,0.9,0.08123,158
311779,41.4905966,-91.7033295,200.8507,2,12,0.9,0.08548,158
311904,41.4905966,-91.7033295,200.8507,2,12,0.9,0.08548,158
311992,41.4905968,-91.7033294,200.8276,2,12,0.9,0.08251,158
312136,41.4905968,-91.7033294,200.8276,2,12,0.9,0.08251,158
312586,41.4905964,-91.7033295,200.8849,2,12,0.9,0.08067,158
312718,41.4905964,-91.7033295,200.8849,2,12,0.9,0.08067,158
313174,41.4905964,-91.7033295,200.8785,2,12,0.9,0.10217,158
313502,41.4905963,-91.7033296,200.8917,2,11,1.0,0.08487,158
313666,41.4905963,-91.7033296,200.8917,2,11,1.0,0.08487,158
313983,41.4905962,-91.7033298,200.8878,2,11,1.0,0.12023,158
314118,41.4905962,-91.7033298,200.8878,2,11,1.0,0.12023,158
314578,41.4905958,-91.7033298,200.9623,2,11,1.0,0.10343,158
314704,41.4905958,-91.7033298,200.9623,2,11,1.0,0.10343,158
314919,41.4905956,-91.7033300,200.9924,2,11,1.0,0.09795,158
314984,41.4905956,-91.7033300,200.9924,2,11,1.0,0.09795,158
315147,41.4905955,-91.7033300,200.9843,2,11,1.0,0.09795,158
315215,41.4905955,-91.7033300,200,2,11,1.0,0.09795,158
315290,41.4905959,-91.7033295,200.9344,2,10,1.0,0.09795,158
315385,41.4905959,-91.7033295,200.9364,2,10,1.0,0.08297,158
315514,41.4905959,-91.7033295,200.9364,2,10,1.0,0.08297,158
315722,41.4905959,-91.7033295,200.9433,2,10,1.0,0.07630,158
315798,41.4905959,-91.7033295,200.9433,2,10,1.0,0.07630,158
315960,41.4905959,-91.7033295,200.9479,2,10,1.0,0.07630,158
316219,41.4905959,-91.7033295,200,2,10,1.0,0.07630,158
316577,41.4905958,-91.7033294,200.9298,2,11,1.0,0.03123,158
316701,41.4905958,-91.7033294,200.9298,2,11,1.0,0.03123,158
316900,41.4905958,-91.7033294,200.9298,2,11,1.0,0.02772,158
316985,41.4905957,-91.7033294,200.9531,2,11,1.0,0.02772,158
317101,41.4905957,-91.7033294,200.9531,2,11,1.0,0.02772,158
317255,41.4905959,-91.7033293,200.9616,2,11,1.0,0.02772,158
317377,41.4905959,-91.7033293,200.9616,2,11,1.0,0.02772,158
317791,41.4905959,-91.7033293,200.9664,2,11,1.0,0.01120,158
317926,41.4905959,-91.7033293,200.9664,2,11,1.0,0.01120,158
318112,41.4905959,-91.7033293,200.9664,2,11,1.0,0.01024,158
318194,41.4905956,-91.7033292,201.0063,2,11,1.0,0.01024,158
318332,41.4905956,-91.7033292,201.0063,2,11,1.0,0.01024,158
318932,41.4905956,-91.7033291,201.0289,2,11,1.0,0.00883,158
319106,41.4905956,-91.7033291,201.0289,2,11,1.0,0.00883,158
319548,41.4905957,-91.7033288,201.0035,2,10,1.1,0.00174,158
319805,41.4905957,-91.7033288,201.0035,2,10,1.1,0.00174,158
319969,41.4905957,-91.7033289,200.9845,2,10,1.1,0.00367,158
320141,41.4905958,-91.7033289,201.0059,2,10,1.1,$GNRMC,158
320268,41.4905958,-91.7033289,201.,2,10,1.1,$GNRMC,158
320387,41.4905958,-91.7033286,201.0094,2,11,1.0,$GNRMC,158
320520,41.4905958,-91.7033285,201.0191,2,11,1.0,$GNRMC,158
320667,41.4905958,-91.7033285,201,2,11,1.0,$GNRMC,158
320928,41.4905957,-91.7033287,201.0180,2,11,1.0,$GNRMC,158
321072,41.4905957,-91.7033287,2012,2,11,1.0,$GNRMC,158
321349,41.4905956,-91.7033279,201.0465,2,10,1.1,0.02930,158
321472,41.4905956,-91.7033279,201.0465,2,10,1.1,0.02930,158
321773,41.4905956,-91.7033278,201.0559,2,10,1.1,0.04337,158
322250,41.4905957,-91.7033276,201.0659,2,10,1.1,0.06841,158
322355,41.4905957,-91.7033276,201.0659,2,10,1.1,0.06841,158
322592,41.4905957,-91.7033275,201.0697,2,10,1.1,0.09408,158
322751,41.4905957,-91.7033275,201.0697,2,10,1.1,0.09408,158
323107,41.4905957,-91.7033276,201.0692,2,10,1.1,0.06661,158
323268,41.4905957,-91.7033276,201.0692,2,10,1.1,0.06661,158
323478,41.4905963,-91.7033273,201.0955,2,10,1.1,0.12781,158
323577,41.4905962,-91.7033273,201.0810,2,10,1.1,0.12170,158
323673,41.4905962,-91.7033273,201.0810,2,10,1.1,0.12170,158
323944,41.4905962,-91.7033274,201.1028,2,10,1.1,0.02897,158
324045,41.4905962,-91.7033274,201.1028,2,10,1.1,0.04568,158
324183,41.4905963,-91.7033273,201.0806,2,10,1.1,0.01845,158
324318,41.4905963,-91.7033273,201.0806,2,10,1.1,0.01845,158
324460,41.4905963,-91.7033274,201.0900,2,10,1.1,0.01084,158
324515,41.4905964,-91.7033271,201.0666,2,10,1.1,0.01084,158
324742,41.4905966,-91.7033272,201.0461,2,10,1.1,0.04740,158
324909,41.4905966,-91.7033272,201.0461,2,10,1.1,0.04740,158
325268,41.4905962,-91.7033272,201.0995,2,10,1.1,0.09373,158
325421,41.4905962,-91.7033272,201.0995,2,10,1.1,0.09373,158
325724,41.4905963,-91.7033272,201.1024,2,10,1.1,0.06684,158
325912,41.4905963,-91.7033272,201.1024,2,10,1.1,0.06684,158
326156,41.4905963,-91.7033272,201.0860,2,10,1.1,0.06684,158
326230,41.4905963,-91.7033272,201,2,10,1.1,0.06684,158
326378,41.4905965,-91.7033269,201.0486,2,10,1.1,0.11364,158
326494,41.4905965,-91.7033269,201.0486,2,10,1.1,0.11364,158
326586,41.4905962,-91.7033270,201.1017,2,10,1.1,0.11476,158
326639,41.4905962,-91.7033270,201.1017,2,10,1.1,0.11476,158
326804,41.4905965,-91.7033271,201.0606,2,10,1.1,0.12874,158
326928,41.4905965,-91.7033271,201.0606,2,10,1.1,0.12874,158
327004,41.4905965,-91.7033271,201.0510,2,10,1.1,0.10510,158
327141,41.4905965,-91.7033271,201.0510,2,10,1.1,0.10510,158
327386,41.4905960,-91.7033246,201.3839,2,10,1.1,0.10510,158
327517,41.4905960,-91.7033246,201.3839,2,10,1.1,0.10510,158
327728,41.4905962,-91.7033245,201.3399,2,10,1.1,0.07630,158
327899,41.4905962,-91.7033245,201.3399,2,10,1.1,0.07630,158
328013,41.4905962,-91.7033245,201.3399,2,10,1.1,0.07630,158
328309,41.4905957,-91.7033240,201.3834,2,10,1.1,0.07630,158
328433,41.4905957,-91.7033240,201.3834,2,10,1.1,0.07630,158
329128,41.4905956,-91.7033239,201.3985,2,10,1.1,0.05156,158
329291,41.4905956,-91.7033239,201.3985,2,10,1.1,0.05156,158
329537,41.4905956,-91.7033239,201.3985,2,10,1.1,0.05156,158
329682,41.4905956,-91.7033239,201.3985,2,10,1.1,0.09272,158
329742,41.4905956,-91.7033235,201.4584,2,10,1.1,0.09272,158
329969,41.4905956,-91.7033236,201.4601,2,10,1.1,0.05859,158
330117,41.4905956,-91.7033235,201.4389,2,10,1.1,0.05859,158
330356,41.4905956,-91.7033235,201.4389,2,10,1.1,0.07369,158
330583,41.4905954,-91.7033231,201.4629,2,10,1.1,0.05488,158
330705,41.4905954,-91.7033231,201.4629,2,10,1.1,0.05488,158
330907,41.4905954,-91.7033231,201.4649,2,10,1.1,0.09152,158
331016,41.4905954,-91.7033231,201.4649,2,10,1.1,0.09152,158
331177,41.4905953,-91.7033232,201.4825,2,10,1.1,0.09152,158
331313,41.4905953,-91.7033232,201.,2,10,1.1,0.09152,158
331496,41.4905954,-91.7033226,201.4891,2,10,1.1,0.09152,158
331648,41.4905954,-91.7033226,201.,2,10,1.1,0.09152,158
331779,41.4905954,-91.7033226,201.4711,2,10,1.1,0.09152,158
331923,41.4905954,-91.7033226,201.92,2,10,1.1,0.09152,158
332076,41.4905954,-91.7033224,201.5140,2,10,1.1,0.09152,158
332177,41.4905953,-91.7033223,201.5198,2,10,1.1,0.03043,158
332310,41.4905953,-91.7033223,201.5198,2,10,1.1,0.03043,158
332513,41.4905953,-91.7033222,201.5220,2,10,1.1,0.01797,158
332588,41.4905953,-91.7033222,201.5220,2,10,1.1,0.01797,158
332772,41.4905954,-91.7033222,201.5376,2,10,1.1,0.01797,158
332907,41.4905954,-91.7033222,201,2,10,1.1,0.01797,158
332975,41.4905955,-91.7033222,201.4948,2,10,1.1,0.01797,158
333115,41.4905955,-91.7033222,201,2,10,1.1,0.01797,158
333192,41.4905954,-91.7033222,201.5168,2,10,1.1,0.01797,158
333333,41.4905954,-91.7033222,201,2,10,1.1,0.01797,158
333586,41.4905959,-91.7033215,201.4945,2,10,1.1,0.01797,158
333866,41.4905959,-91.7033215,201,2,10,1.1,0.01797,158
334001,41.4905959,-91.7033215,201,2,10,1.1,0.01797,158
334086,41.4905957,-91.7033217,201.5182,2,10,1.1,0.01541,158
334177,41.4905960,-91.7033210,201.5154,2,10,1.1,0.02734,158
334270,41.4905960,-91.7033210,201.5154,2,10,1.1,0.02734,158
334543,41.4905961,-91.7033209,201.5055,2,10,1.1,0.02332,158
334879,41.4905962,-91.7033209,201.4977,2,10,1.1,0.02176,158
334988,41.4905962,-91.7033209,201.4983,2,10,1.1,0.02171,158
335077,41.4905962,-91.7033209,201.4983,2,10,1.1,0.02171,158
335509,41.4905956,-91.7033204,201.5516,2,10,1.1,0.01244,158
335664,41.4905956,-91.7033204,201.5516,2,10,1.1,0.01244,158
335992,41.4905955,-91.7033205,201.5708,2,10,1.1,0.01921,158
336129,41.4905955,-91.7033205,201.5708,2,10,1.1,0.01921,158
336298,41.4905961,-91.7033199,201.5273,2,10,1.1,0.01921,158
336443,41.4905961,-91.7033199,201.5273,2,10,1.1,0.01921,158
336824,41.4905963,-91.7033199,201.4933,2,10,1.1,0.03040,158
337001,41.4905963,-91.7033199,201.4933,2,10,1.1,0.03040,158
337338,41.4905957,-91.7033196,0.08932,2,1,N,0.04203,158
337462,41.4905957,-91.7033196,0.08932,2,1,N,0.04203,158
337672,41.4905958,-91.7033196,201.5548,2,11,1.0,0.04203,158
337794,41.4905960,-91.7033194,201.5276,2,11,1.0,0.03711,158
337912,41.4905960,-91.7033194,201.5276,2,11,1.0,0.03711,158
338009,41.4905956,-91.7033196,201.5869,2,11,1.0,0.05702,158
338152,41.4905956,-91.7033196,201.5869,2,11,1.0,0.05702,158
338384,41.4905964,-91.7033191,201.4833,2,11,1.0,0.05702,158
338503,41.4905964,-91.7033191,201.4833,2,11,1.0,0.05702,158
338664,41.4905964,-91.7033191,201.4839,2,11,1.0,0.03810,158
338848,41.4905964,-91.7033191,201.4839,2,11,1.0,0.03810,158
339082,41.4905965,-91.7033191,201.4790,2,11,1.0,0.02795,158
339235,41.4905965,-91.7033191,201.4790,2,11,1.0,0.02795,158
339449,41.4905956,-91.7033190,201.6008,2,11,1.0,0.02795,158
339589,41.4905959,-91.7033189,172256.60,2,11,1.$GN,0.03053,158
339860,41.4905959,-91.7033188,201.5586,2,11,1.0,0.03053,158
340002,41.4905959,-91.7033188,201.5586,2,11,1.0,0.03053,158
340331,41.4905962,-91.7033184,201.5712,2,11,1.0,0.06538,158
340490,41.4905962,-91.7033184,201.5712,2,11,1.0,0.06538,158
340802,41.4905962,-91.7033185,201.5773,2,11,1.0,0.11977,158
340930,41.4905962,-91.7033185,201.5773,2,11,1.0,0.11977,158
341183,41.4905965,-91.7033182,201.5850,2,11,1.0,0.11435,158
341306,41.4905965,-91.7033182,201.5850,2,11,1.0,0.11435,158
341530,41.4905967,-91.7033181,201.5484,2,11,1.0,0.08180,158
341696,41.4905967,-91.7033181,201.5484,2,11,1.0,0.08180,158
341991,41.4905966,-91.7033182,201.5615,2,11,1.0,0.11851,158
342152,41.4905966,-91.7033182,201.5615,2,11,1.0,0.11851,158
342284,41.4905971,-91.7033180,201.5783,2,11,1.0,0.09909,158
342389,41.4905973,-91.7033180,201.5603,2,11,1.0,0.07918,158
342527,41.4905973,-91.7033180,201.5603,2,11,1.0,0.07918,158
342994,41.4905973,-91.7033180,201.5518,2,11,1.0,0.11587,158
343273,41.4905973,-91.7033180,201.5518,2,11,1.0,0.11587,158
343721,41.4905976,-9.2033176,201.5966,2,10,1.0,0.11587,158
344068,41.4905976,-91.7033179,201.6374,2,10,1.0,0.11174,158
344185,41.4905976,-91.7033179,201.6374,2,10,1.0,0.11174,158
344579,41.4905985,-91.7033174,201.5252,2,10,1.0,0.08200,158
344713,41.4905985,-91.7033174,201.5252,2,10,1.0,0.08200,158
345067,41.4905985,-91.7033172,201.5162,2,10,1.0,0.10977,158
345316,41.4905985,-91.7033173,201.5757,2,10,1.0,0.12645,158
345402,41.4905987,-91.7033171,201.5639,2,10,1.0,0.12921,158
345534,41.4905987,-91.7033171,201.5639,2,10,1.0,0.12921,158
345789,41.4905983,-91.7033171,201.6101,2,10,1.0,0.20235,158
345925,41.4905983,-91.7033171,201.6101,2,10,1.0,0.20235,158
346339,41.4905982,-91.7033167,201.6356,2,10,1.0,0.02649,158
346566,41.4905996,-91.7033166,201.6285,2,10,1.0,0.03605,158
346758,41.4905996,-91.7033166,201.6062,2,10,1.0,0.03605,158
346901,41.4905996,-91.7033166,201,2,10,1.0,0.03605,158
347258,41.4905996,-91.7033167,201.6164,2,10,1.0,0.03605,158
347506,41.4905996,-91.7033167,20104.10,2,10,1.0,0.03605,158
347775,41.4906000,-91.7033162,201.6674,2,10,1.0,0.07840,158
347899,41.4906000,-91.7033162,201.6674,2,10,1.0,0.07840,158
348139,41.4906000,-91.7033160,201.6548,2,10,1.0,0.06738,158
348313,41.4906000,-91.7033160,201.6548,2,10,1.0,0.06738,158
348386,41.4906005,-91.7033158,201.6880,2,10,1.0,0.07188,158
348498,41.4906005,-91.7033158,201.6880,2,10,1.0,0.07188,158
348616,41.4906003,-91.7033158,201.7066,2,10,1.0,0.09057,158
348762,41.4906003,-91.7033158,201.7066,2,10,1.0,0.09057,158
348943,41.4906003,-91.7033158,201.7066,2,10,1.0,0.09629,158
349094,41.4906005,-91.7033158,201.7024,2,10,1.0,0.09629,158
349313,41.4906007,-91.7033155,201.6931,2,10,1.0,0.09629,158
349384,41.4906007,-91.7033155,201.6931,2,10,1.0,0.09629,158
349534,41.4906006,-91.7033154,201.6835,2,10,1.0,0.09629,158
349671,41.4906006,-91.7033154,201.,2,10,1.0,0.09629,158
349924,41.4906006,-91.7033155,201.7054,2,10,1.0,0.09629,158
350092,41.4906006,-91.7033155,201.7054,2,10,1.0,0.09629,158
350196,41.4906008,-91.7033153,201.7688,2,10,1.0,0.13042,158
350307,41.4906008,-91.7033153,201.7688,2,10,1.0,0.13042,158
350382,41.4906009,-91.7033153,201.7640,2,10,1.0,0.08012,158
350512,41.4906009,-91.7033153,201.7640,2,10,1.0,0.08012,158
350795,41.4906008,-91.7033154,201.7719,2,10,1.0,0.07536,158
351383,41.4906012,-91.7033149,201.7050,2,10,1.0,0.09240,158
351501,41.4906012,-91.7033149,201.7050,2,10,1.0,0.09240,158
351704,41.4906012,-91.7033149,201.7237,2,10,1.0,0.10443,158
351775,41.4906012,-91.7033149,201.7237,2,10,1.0,0.10443,158
351924,41.4906011,-91.7033149,201.7331,2,10,1.0,0.10443,158
352090,41.4906011,-91.7033149,201.$GNRMC,2,10,1.0,0.10443,158
352189,41.4906016,-91.7033149,201.6608,2,10,1.0,0.10443,158
352352,41.4906016,-91.7033149,201.6608,2,10,1.0,0.10443,158
352590,41.4906012,-91.7033146,201.7531,2,10,1.0,0.09803,158
352850,41.4906012,-91.7033146,201.7531,2,10,1.0,0.09803,158
353177,41.4906013,-91.7033145,201.7900,2,10,1.0,0.09149,158
353296,41.4906013,-91.7033145,201.7900,2,10,1.0,0.09149,158
353575,41.4906013,-91.7033145,201.7887,2,10,1.0,0.05863,158
353990,41.4906013,-91.7033144,201.7935,2,10,1.0,0.06671,158
354112,41.4906013,-91.7033144,201.7,2,10,1.0,0.06671,158
354675,41.4906016,-91.7033143,201.7829,2,10,1.0,0.05279,158
354850,41.4906016,-91.7033143,201.7829,2,10,1.0,0.05279,158
354997,41.4906013,-91.7033141,201.8314,2,10,1.0,0.14334,158
355123,41.4906013,-91.7033141,201.8314,2,10,1.0,0.14334,158
355586,41.4906016,-91.7033140,201.8186,2,10,1.0,0.14334,158
355723,41.4906016,-91.7033140,201.8,2,10,1.0,0.14334,158
356311,41.4906024,-91.7033136,201.6269,2,10,1.0,0.19117,158
356389,41.4906024,-91.7033136,201.6269,2,10,1.0,0.19117,158
356553,41.4906023,-91.7033134,201.6254,2,10,1.0,0.19117,158
356638,41.4906023,-91.7033134,201,2,10,1.0,0.19117,158
357042,41.4906025,-91.7033135,201.6160,2,10,1.0,0.18130,158
357235,41.4906025,-91.7033135,201.6160,2,10,1.0,0.18130,158
357500,41.4906034,-91.7033130,201.3317,2,09,1.1,0.18130,158
357575,41.4906034,-91.7033130,201.3317,2,09,1.1,0.18130,158
357735,41.4906035,-91.7033128,201.2887,2,09,1.1,0.18130,158
357868,41.4906035,-91.7033128,201,2,09,1.1,0.18130,158
358016,41.4906035,-91.7033128,201,2,09,1.1,0.18130,158
358123,41.4906034,-91.7033127,201.3079,2,09,1.1,0.18130,158
358386,41.4906029,-91.7033140,201.3168,2,09,1.1,03769,158
358520,41.4906029,-91.7033140,201.3168,2,09,1.1,03769,158
358791,41.4906029,-91.7033140,201.3168,2,09,1.1,0.02088,158
358926,41.4906025,-91.7033141,201.3702,2,09,1.1,0.10043,158
359080,41.4906025,-91.7033141,201E,2,09,1.1,0.10043,158
359393,41.4906023,-91.7033142,201.3836,2,09,1.1,0.10043,158
359925,41.4906022,-91.7033142,201.2958,2,10,1.0,0.19962,158
360108,41.4906022,-91.7033142,201.2958,2,10,1.0,0.19962,158
361006,41.4906029,-91.7033139,201.1989,2,11,1.0,0.11860,158
361161,41.4906029,-91.7033139,2012,2,11,1.0,0.11860,158
361347,41.4906029,-91.7033139,2012,2,11,1.0,0.16468,158
361579,41.4906033,-91.7033135,201.1314,2,10,1.0,0.09653,158
361723,41.4906033,-91.7033135,201.1314,2,10,1.0,0.09653,158
362382,41.4906026,-91.7033141,201.2325,2,10,1.0,0.11879,158
362522,41.4906026,-91.7033141,201.2325,2,10,1.0,0.11879,158
362970,41.4906026,-91.7033141,201.2325,2,10,1.0,0.02251,158
363071,41.4906021,-91.7033142,201.2976,2,10,1.0,0.03469,158
363159,41.4905978,-91.7033160,201.3061,2,10,1.0,0.03469,158
363293,41.4905978,-91.7033159,201.3125,2,10,1.0,0.04342,158
363388,41.4905978,-91.7033159,201.2888,2,10,1.0,0.00911,158
363516,41.4905978,-91.7033159,201.2888,2,10,1.0,0.00911,158
363723,41.4905978,-91.7033160,201.2950,2,10,1.0,0.01630,158
363800,41.4905978,-91.7033160,201.2950,2,10,1.0,0.01630,158
363959,41.4905977,-91.7033160,201.2919,2,10,1.0,0.01630,158
364219,41.4905977,-91.7033160,201,2,10,1.0,0.01630,158
364376,41.4905973,-91.7033161,201.2803,2,11,1.0,0.03836,158
364494,41.4905973,-91.7033161,201.2803,2,11,1.0,0.03836,158
364604,41.4905975,-91.7033159,201.2713,2,11,1.0,0.03717,158
364657,41.4905975,-91.7033159,201.2713,2,11,1.0,0.03717,158
364780,41.4905976,-91.7033157,201.2609,2,11,1.0,0.05313,158
364907,41.4905976,-91.7033157,201.2609,2,11,1.0,0.05313,158
365191,41.4905973,-91.7033162,201.2842,2,11,1.0,0.05662,158
365480,41.4905975,-91.7033163,201.3560,2,11,1.0,0.01891,158
365581,41.4905975,-91.7033161,201.3228,2,11,1.0,0.06385,158
365712,41.4905975,-91.7033161,201.3228,2,11,1.0,0.06385,158
365924,41.4905976,-91.7033162,201.3300,2,11,1.0,0.06604,158
366081,41.4905976,-91.7033162,201.3300,2,11,1.0,0.06604,158
366388,41.4905978,-91.7033161,201.3563,2,11,1.0,0.07271,158
366520,41.4905978,-91.7033161,201.3563,2,11,1.0,0.07271,158
366608,41.4905979,-91.7033161,201.3205,2,11,1.0,0.08721,158
366898,41.4905979,-91.7033161,201.3205,2,11,1.0,0.08721,158
367373,41.4905973,-91.7033165,201.3895,2,11,1.0,0.07980,158
367494,41.4905973,-91.7033165,201.3895,2,11,1.0,0.07980,158
367578,41.4905970,-91.7033166,201.4268,2,11,1.0,0.11402,158
367709,41.4905970,-91.7033166,201.4268,2,11,1.0,0.11402,158
367871,41.4905970,-91.7033165,201.4341,2,11,1.0,0.12817,158
367932,41.4905969,-91.7033168,201.4627,2,11,1.0,0.12817,158
368160,41.4905968,-91.7033167,201.4696,2,11,1.0,0.14605,158
368383,41.4905970,-91.7033164,201.3907,2,11,1.0,0.14605,158
368515,41.4905970,-91.7033164,201.3907,2,11,1.0,0.14605,158
368733,41.4905971,-91.7033164,201.3740,2,11,1.0,0.18104,158
368924,41.4905971,-91.7033164,201.3740,2,11,1.0,0.18104,158
369387,41.4905973,-91.7033165,201.4042,2,11,1.0,0.18468,158
369522,41.4905973,-91.7033165,201.4042,2,11,1.0,0.18468,158
369997,41.4905973,-91.7033164,201.3965,2,11,1.0,0.17726,158
370121,41.4905973,-91.7033164,201.3965,2,11,1.0,0.17726,158
370605,41.4905981,-91.7033161,4129.435922,2,11$,17232,0.17726,158
370730,41.4905988,-91.7033155,201.2236,2,11,1.0,0.06836,158
370965,41.4905988,-91.7033155,201$GNRMC,2,11,1.0,0.06836,158
371030,41.4905988,-91.7033155,201$GNRMC,2,11,1.0,0.06836,158
371191,41.4905988,-91.7033155,201.2186,2,11,1.0,0.06836,158
371339,41.4905994,-91.7033153,201.1482,2,11,1.0,0.06836,158
371582,41.4905987,-91.7033157,201.2276,2,11,1.0,0.17588,158
371718,41.4905987,-91.7033157,201.2276,2,11,1.0,0.17588,158
371991,41.4905985,-91.7033157,201.2706,2,11,1.0,0.34087,158
372153,41.4905985,-91.7033157,201.2706,2,11,1.0,0.34087,158
372398,41.4905993,-91.7033153,201.4182,2,11,1.0,0.44004,158
372534,41.4905993,-91.7033153,201.4182,2,11,1.0,0.44004,158
372789,41.4905992,-91.7033153,201.4387,2,11,1.0,0.37328,158
372929,41.4905992,-91.7033153,201.4387,2,11,1.0,0.37328,158
373199,41.4905993,-91.7033151,201.4104,2,11,1.0,0.43266,158
373344,41.4905993,-91.7033151,201.4104,2,11,1.0,0.43266,158
373710,41.4905995,-91.7033153,201.3942,2,11,1.0,0.49222,158
373851,41.4905995,-91.7033153,201.3942,2,11,1.0,0.49222,158
374517,41.4905990,-91.7033154,201.4677,2,11,1.0,0.53037,158
374696,41.4905990,-91.7033154,201.4677,2,11,1.0,0.53037,158
375172,41.4905990,-91.7033155,201.4532,2,11,1.0,0.44751,158
375344,41.4905990,-91.7033155,201.4532,2,11,1.0,0.44751,158
375501,41.4905999,-91.7033148,201.3492,2,10,1.1,0.42057,158
375706,41.4906000,-91.7033147,201.3308,2,10,1.1,0.40088,158
375791,41.4906000,-91.7033147,201.3308,2,10,1.1,0.40088,158
375951,41.4906000,-91.7033148,201.3161,2,10,1.1,0.40088,158
376104,41.4906000,-91.7033148,201.,2,10,1.1,0.40088,158
376512,41.4905994,-91.7033151,201.4192,2,10,1.1,0.26866,158
376702,41.4905994,-91.7033151,201.4192,2,10,1.1,0.26866,158
377190,41.4906063,-91.7033084,201.4769,2,11,1.0,0.15146,158
377345,41.4906063,-91.7033084,201.4769,2,11,1.0,0.15146,158
377621,41.4906061,-91.7033086,201.5043,2,11,1.0,0.10239,158
377807,41.4906061,-91.7033086,201.5043,2,11,1.0,0.10239,158
378047,41.4906061,-91.7033085,201.5031,2,11,1.0,0.10239,158
378143,41.4906061,-91.7033085,201.5031,2,11,1.0,0.06014,158
378380,41.4906059,-91.7033072,201.8349,2,11,1.0,0.09483,158
378494,41.4906059,-91.7033072,201.8349,2,11,1.0,0.09483,158
378643,41.4906064,-91.7033072,201.7628,2,11,1.0,0.07709,158
378783,41.4906064,-91.7033072,201.7873,2,11,1.0,0.04870,158
378908,41.4906064,-91.7033072,201.7873,2,11,1.0,0.04870,158
378993,41.4906064,-91.7033072,201.7630,2,11,1.0,0.07722,158
379139,41.4906064,-91.7033072,201.7630,2,11,1.0,0.07722,158
379523,41.4906064,-91.7033073,201.7805,2,11,1.0,0.13946,158
379596,41.4906064,-91.7033073,201.7805,2,11,1.0,0.13946,158
379764,41.4906063,-91.7033074,201.8062,2,11,1.0,0.13946,158
379894,41.4906063,-91.7033074,2014,2,11,1.0,0.13946,158
380133,41.4906063,-91.7033074,201.7933,2,11,1.0,0.13946,158
380329,41.4906063,-91.7033074,201$GNGGA,2,11,1.0,0.13946,158
380724,41.4906064,-91.7033033,201.8928,2,11,1.0,0.18382,158
380909,41.4906064,-91.7033033,201.8928,2,11,1.0,0.18382,158
381179,41.4906065,-91.7033032,201.8952,2,11,1.0,0.07133,158
381299,41.4906065,-91.7033032,201.8952,2,11,1.0,0.07133,158
381451,41.4906065,-91.7033033,201.8847,2,11,1.0,0.13963,158
381581,41.4906067,-91.7033032,201.8589,2,11,1.0,0.10826,158
381713,41.4906067,-91.7033032,201.8589,2,11,1.0,0.10826,158
381918,41.4906069,-91.7033031,201.8055,2,11,1.0,0.08989,158
381991,41.4906069,-91.7033031,201.8055,2,11,1.0,0.08989,158
382341,41.4906068,-91.7033031,201.8359,2,11,1.0,0.08989,158
382452,41.4906068,-91.7033031,201,2,11,1.0,0.08989,158
382626,41.4906068,-91.7033032,201.8464,2,11,1.0,0.00793,158
382777,41.4906068,-91.7033032,201.8464,2,11,1.0,0.00793,158
382940,41.4906068,-91.7033032,201.8464,2,11,1.0,0.03602,158
383160,41.4906069,-91.7033032,201.83,2,11,1.0,0.03602,158
383382,41.4906069,-91.7033032,201.83,2,11,1.0,0.03602,158
383695,41.4906069,-91.7033030,201.7954,2,11,1.0,0.03602,158
383863,41.4906069,-91.7033030,201.7954,2,11,1.0,0.03602,158
384121,41.4906069,-91.7033030,201.7954,2,11,1.0,0.03602,158
384285,41.4906069,-91.7033030,201.8045,2,11,1.0,0.03602,158
384778,41.4906072,-91.7033028,201.7791,2,11,1.0,0.06680,158
384908,41.4906072,-91.7033028,201.7791,2,11,1.0,0.06680,158
385175,41.4906065,-91.7033032,201.8740,2,11,1.0,0.18378,158
385346,41.4906065,-91.7033032,201.8740,2,11,1.0,0.18378,158
385485,41.4906042,-91.7033029,201.9706,2,11,1.0,0.10268,158
385583,41.4906040,-91.7033029,201.9942,2,11,1.0,0.08082,158
385728,41.4906040,-91.7033029,201.9942,2,11,1.0,0.08082,158
385989,41.4906040,-91.7033029,201.9942,2,11,1.0,0.05489,158
386294,41.4906044,-91.7033027,201.9496,2,11,1.0,0.08322,158
386416,41.4906044,-91.7033027,201W,2,11,1.0,0.08322,158
386597,41.4906038,-91.7033036,202.0009,2,11,1.0,0.05981,158
386743,41.4906036,-91.7033038,202.0321,2,11,1.0,0.05981,158
387035,41.4906036,-91.7033038,202.0321,2,11,1.0,0.05981,158
387578,41.4906038,-91.7033041,201.9416,2,11,1.0,35,158
387713,41.4906038,-91.7033041,201.9416,2,11,1.0,35,158
388150,41.4906041,-91.7033042,201.9450,2,11,1.0,0.12307,158
388262,41.4906041,-91.7033042,201,2,11,1.0,0.12307,158
388580,41.4906027,-91.7033046,201.9821,2,11,1.0,0.06849,158
388744,41.4906027,-91.7033046,201.9821,2,11,1.0,0.06849,158
388987,41.4906033,-91.7033039,201.8859,2,11,1.0,3E,158
389113,41.4906033,-91.7033039,201.8859,2,11,1.0,3E,158
389385,41.4906011,-91.7033061,202.1939,2,11,1.0,3E,158
389530,41.4906011,-91.7033061,202.1939,2,11,1.0,3E,158
389756,41.4906011,-91.7033061,202.1939,2,11,1.0,0.05853,158
389996,41.4906014,-91.7033057,202.1310,2,11,1.0,0.07087,158
390131,41.4906014,-91.7033057,202.1310,2,11,1.0,0.07087,158
390378,41.4906014,-91.7033057,202.1310,2,11,1.0,0.07087,158
390505,41.4906012,-91.7033052,202.0764,2,11,1.0,0.11361,158
390717,41.4906012,-91.7033052,202,2,11,1.0,0.11361,158
391000,41.4906009,-91.7033054,202.1326,2,11,1.0,0.11361,158
391170,41.4906009,-91.7033054,202.1326,2,11,1.0,0.11361,158
391712,41.4906010,-91.7033051,202.0526,2,11,1.0,0.15031,158
391777,41.4906010,-91.7033051,202.0526,2,11,1.0,0.15031,158
391927,41.4906006,-91.7033053,202.1163,2,11,1.0,0.15031,158
391993,41.4906006,-91.7033053,202,2,11,1.0,0.15031,158
392152,41.4906006,-91.7033052,202.1004,2,11,1.0,0.15031,158
392279,41.4906006,-91.7033052,202.1004,2,11,1.0,0.15031,158
392585,41.4906000,-91.7033062,202.1776,2,11,1.0,0.11467,158
392746,41.4906000,-91.7033062,202.1776,2,11,1.0,0.11467,158
392990,41.4905996,-91.7033065,202.2253,2,11,1.0,32,158
393106,41.4905996,-91.7033065,202.2253,2,11,1.0,32,158
393194,41.4906002,-91.7033061,202.1404,2,11,1.0,32,158
393326,41.4906002,-91.7033061,202.1404,2,11,1.0,32,158
393813,41.4906004,-91.7033061,202.1179,2,11,1.0,0.05423,158
394062,41.4906004,-91.7033061,202.1179,2,11,1.0,0.05423,158
394433,41.4906004,-91.7033061,202.1179,2,11,1.0,0.14020,158
394792,41.4906008,-91.7033065,202.0636,2,11,1.0,0.13577,158
394848,41.4906008,-91.7033065,202.0636,2,11,1.0,0.13577,158
395097,41.4906006,-91.7033064,202.0794,2,11,1.0,0.13029,158
395261,41.4906006,-91.7033064,202.0794,2,11,1.0,0.13029,158
395703,41.4906015,-91.7033057,201.9127,2,11,1.0,0.12954,158
395779,41.4906015,-91.7033057,201.9127,2,11,1.0,0.12954,158
395930,41.4906018,-91.7033054,201.8735,2,11,1.0,0.12954,158
396023,41.4906018,-91.7033054,201.3D,2,11,1.0,0.12954,158
396222,41.4906021,-91.7033054,201.8306,2,11,1.0,0.12954,158
396406,41.4906021,-91.7033054,201.03,2,11,1.0,0.12954,158
396760,41.4906020,-91.7033054,201.8352,2,10,1.0,0.12954,158
396884,41.4906012,-91.7033060,201.9626,2,10,1.0,0.29475,158
396996,41.4906013,-91.7033058,201.9408,2,10,1.0,0.45979,158
397114,41.4906013,-91.7033058,201.9408,2,10,1.0,0.45979,158
397325,41.4906005,-91.7033054,201.9168,2,11,1.0,0.45979,158
397456,41.4906005,-91.7033054,201.9168,2,11,1.0,0.45979,158
397778,41.4906002,-91.7033060,201.9708,2,11,1.0,0.34121,158
397901,41.4906002,-91.7033060,201.9708,2,11,1.0,0.34121,158
398165,41.4906001,-91.7033057,201.9700,2,11,1.0,0.44501,158
398310,41.4906001,-91.7033057,201.9700,2,11,1.0,0.44501,158
398391,41.4906006,-91.7033049,201.7047,2,12,0.9,0.23998,158
398520,41.4906006,-91.7033049,201.7047,2,12,0.9,0.23998,158
398791,41.4906003,-91.7033048,201.7316,2,12,0.9,0.24957,158
398921,41.4906003,-91.7033048,201.7316,2,12,0.9,0.24957,158
399010,41.4906005,-91.7033049,201.7060,2,12,0.9,0.20561,158
399126,41.4906005,-91.7033049,201.7060,2,12,0.9,0.20561,158
399587,41.4906002,-91.7033050,201.7506,2,11,1.0,0.23306,158
399729,41.4906002,-91.7033050,201.7506,2,11,1.0,0.23306,158
399991,41.4906002,-91.7033050,201.7506,2,11,1.0,0.21015,158
400291,41.4905997,-91.7033054,201.8101,2,11,1.0,0.20894,158
400623,41.4905997,-91.7033054,201.97464,2,11,1.0,0.20894,158
400779,41.4906001,-91.7033052,201.7652,2,10,1.0,0.15744,158
400903,41.4906001,-91.7033052,201.7652,2,10,1.0,0.15744,158
401096,41.4905997,-91.7033052,201.8402,2,10,1.0,0.11998,158
401173,41.4905997,-91.7033052,201.8402,2,10,1.0,0.11998,158
401322,41.4905997,-91.7033051,201.7890,2,12,0.9,0.11998,158
401471,41.4905997,-91.7033051,201K,2,12,0.9,0.11998,158
401775,41.4906000,-91.7033050,201.7490,2,12,0.9,0.11998,158
401910,41.4906000,-91.7033050,201.7490,2,12,0.9,0.01880,158
402110,41.4905996,-91.7033054,201.8237,2,12,0.9,0.01880,158
402197,41.4905996,-91.7033054,201.8237,2,12,0.9,0.01880,158
402361,41.4905999,-91.7033051,201.7619,2,11,1.0,0.01880,158
402518,41.4905999,-91.7033051,201,2,11,1.0,0.01880,158
402915,41.4906000,-91.7033050,201.7544,2,11,1.0,0.01880,158
403006,41.4906000,-91.7033050,201.7544,2,11,1.0,0.01880,158
403373,41.4905997,-91.7033052,201.8050,2,11,1.0,0.01880,158
403708,41.4905997,-91.7033052,201109,2,11,1.0,0.01880,158
403875,41.4905965,-91.7033067,201.5201,2,11,1.0,0.12404,158
404086,41.4905967,-91.7033064,201.4726,2,11,1.0,0.11007,158
404258,41.4905967,-91.7033064,201.4726,2,11,1.0,0.11007,158
404611,41.4905960,-91.7033072,201.5967,2,12,0.9,0.19723,158
404747,41.4905960,-91.7033072,201.5967,2,12,0.9,0.19723,158
404991,41.4905953,-91.7033077,201.7044,2,12,0.9,0.14355,158
405115,41.4905953,-91.7033077,201.7044,2,12,0.9,0.14355,158
405280,41.4905897,-91.7033141,202.5864,2,12,0.9,0.14355,158
405430,41.4905897,-91.7033141,202.5864,2,12,0.9,0.14355,158
405589,41.4905897,-91.7033141,202.5742,2,12,0.9,0.14355,158
405945,41.4905893,-91.7033145,202.6152,2,12,0.9,0.07036,158
406180,41.4905892,-91.7033145,202.6599,2,12,0.9,0.14440,158
406323,41.4905891,-91.7033148,202.6814,2,12,0.9,0.14440,158
406384,41.4905891,-91.7033148,20262,2,12,0.9,0.14440,158
406570,41.4905890,-91.7033150,202.7080,2,12,0.9,0.14440,158
406836,41.4905890,-91.7033150,202.7080,2,12,0.9,0.14440,158
407135,41.4905890,-91.7033150,202.7080,2,12,0.9,0.14440,158
407587,41.4905886,-91.7033157,202.8064,2,12,0.9,0.04720,158
407710,41.4905886,-91.7033157,202.8064,2,12,0.9,0.04720,158
407908,41.4905884,-91.7033159,202.8399,2,12,0.9,0.06738,158
407972,41.4905884,-91.7033159,202.8399,2,12,0.9,0.06738,158
408137,41.4905882,-91.7033160,202.8516,2,12,0.9,0.06738,158
408281,41.4905882,-91.7033160,202.851.094,2,12,0.9,0.06738,158
408601,41.4905877,-91.7033165,202.9518,2,11,1.0,0.06738,158
408737,41.4905877,-91.7033165,202.,2,11,1.0,0.06738,158
409002,41.4905878,-91.7033165,202.9374,2,11,1.0,0.05435,158
409294,41.4905878,-91.7033165,202.9226,2,11,1.0,0.20442,158
409484,41.4905878,-91.7033165,202.23584,2,11,1.0,0.20442,158
409992,41.4905874,-91.7033167,203.0014,2,11,1.0,0.21744,158
410148,41.4905874,-91.7033167,203.0014,2,11,1.0,0.21744,158
410383,41.4905871,-91.7033231,203.0715,2,11,1.0,0.20090,158
410711,41.4905872,-91.7033230,203.0450,2,11,1.0,0.26024,158
410879,41.4905872,-91.7033230,203.,2,11,1.0,0.26024,158
411088,41.4905872,-91.7033232,203.0484,2,11,1.0,0.30356,158
411272,41.4905871,-91.7033231,203.0414,2,11,1.0,0.19095,158
411394,41.4905871,-91.7033231,203.0414,2,11,1.0,0.19095,158
411550,41.4905871,-91.7033231,203.0414,2,11,1.0,0.15236,158
411784,41.4905874,-91.7033229,203.0030,2,11,1.0,0.11595,158
411904,41.4905874,-91.7033229,203.0030,2,11,1.0,0.11595,158
412089,41.4905870,-91.7033229,203.0383,2,11,1.0,0.23492,158
412252,41.4905870,-91.7033229,203.0383,2,11,1.0,0.23492,158
412470,41.4905870,-91.7033228,203.0305,2,12,0.9,0.14864,158
412624,41.4905870,-91.7033228,203.0305,2,12,0.9,0.14864,158
412993,41.4905869,-91.7033227,203.0427,2,12,0.9,0.07173,158
413112,41.4905869,-91.7033227,203.0427,2,12,0.9,0.07173,158
413326,41.4905870,-91.7033228,203.0303,2,12,0.9,0.07173,158
413497,41.4905870,-91.7033228,203.0303,2,12,0.9,0.07173,158
414196,41.4905867,-91.7033230,203.0770,2,12,0.9,0.07127,158
414372,41.4905867,-91.7033230,20354,2,12,0.9,0.07127,158
414522,41.4905867,-91.7033230,203.0824,2,12,0.9,0.07127,158
414907,41.4905864,-91.7033230,203.1345,2,12,0.9,0.13138,158
414981,41.4905864,-91.7033230,203.1345,2,12,0.9,0.13138,158
415155,41.4905866,-91.7033229,203.0834,2,12,0.9,0.13138,158
415232,41.4905866,-91.7033229,2030.22182,2,12,0.9,0.13138,158
415385,41.4905860,-91.7033235,203.1810,2,11,1.0,0.09793,158
415519,41.4905860,-91.7033235,203.1810,2,11,1.0,0.09793,158
416403,41.4905894,-91.7033175,202.9322,2,11,1.0,0.09918,158
416541,41.4905894,-91.7033175,202.9322,2,11,1.0,0.09918,158
416769,41.4905898,-91.7033172,202.8752,2,11,1.0,0.09853,158
416988,41.4905900,-91.7033171,202.8554,2,11,1.0,0.09853,158
417149,41.4905900,-91.7033171,202.8554,2,11,1.0,0.09853,158
417351,41.4905900,-91.7033171,202.8554,2,11,1.0,0.09853,158
417589,41.4905894,-91.7033175,202.9258,2,11,1.0,0.05632,158
417861,41.4905894,-91.7033175,202.9258,2,11,1.0,0.05632,158
418179,41.4905894,-91.7033176,202.9388,2,11,1.0,0.03408,158
418309,41.4905894,-91.7033176,202.9388,2,11,1.0,0.03408,158
418517,41.4905889,-91.7033179,202.9961,2,11,1.0,0.10067,158
418686,41.4905889,-91.7033179,202.9961,2,11,1.0,0.10067,158
419003,41.4905892,-91.7033176,202.9639,2,11,1.0,0.12117,158
419122,41.4905892,-91.7033176,202.9639,2,11,1.0,0.12117,158
419580,41.4905896,-91.7033172,202.8913,2,11,1.0,0.12117,158
419721,41.4905896,-91.7033172,202.8913,2,11,1.0,0.12117,158
420184,41.4905905,-91.7033143,203.0712,2,12,0.9,0.07869,158
420335,41.4905905,-91.7033143,203.0712,2,12,0.9,0.07869,158
420798,41.4905909,-91.7033138,202.9914,2,12,0.9,0.14932,158
420976,41.4905909,-91.7033138,202.92,2,12,0.9,0.14932,158
421191,41.4905913,-91.7033146,203.0447,2,10,1.0,0.12683,158
421313,41.4905913,-91.7033146,203.0447,2,10,1.0,0.12683,158
421506,41.4905917,-91.7033142,202.9675,2,10,1.0,0.11516,158
421696,41.4905917,-91.7033142,202.9675,2,10,1.0,0.11516,158
421973,41.4905917,-91.7033144,202.9818,2,10,1.0,0.11516,158
422075,41.4905917,-91.7033144,202.9357.96,2,10,1.0,0.11516,158
422378,41.4905917,-91.7033151,203.0080,2,10,1.0,1.0,158
422495,41.4905917,-91.7033151,203.0080,2,10,1.0,1.0,158
422580,41.4905917,-91.7033151,203.0178,2,10,1.0,0.06618,158
422697,41.4905917,-91.7033151,203.0178,2,10,1.0,0.06618,158
422916,41.4905918,-91.7033150,202.9982,2,10,1.0,0.08265,158
422981,41.4905918,-91.7033150,202.9982,2,10,1.0,0.08265,158
423143,41.4905921,-91.7033145,202.9379,2,10,1.0,0.08265,158
423293,41.4905921,-91.7033145,202,2,10,1.0,0.08265,158
423401,41.4905922,-91.7033146,202.9284,2,11,1.0,0.08852,158
423532,41.4905922,-91.7033146,202.9284,2,11,1.0,0.08852,158
423996,41.4905928,-91.7033141,202.8401,2,11,1.0,0.12680,158
424112,41.4905928,-91.7033141,202.8401,2,11,1.0,0.12680,158
424198,41.4905907,-91.7033164,203.0859,2,10,1.0,0.12680,158
424444,41.4905907,-91.7033164,203.0859,2,10,1.0,0.12680,158
424899,41.4905905,-91.7033166,203.1233,2,10,1.0,0.10532,158
424961,41.4905905,-91.7033166,203.1233,2,10,1.0,0.10532,158
425221,41.4905907,-91.7033164,203.0897,2,11,1.0,0.10532,158
425274,41.4905907,-91.7033164,203.0897,2,11,1.0,0.10532,158
425335,41.4905906,-91.7033164,203.0807,2,11,1.0,0.10532,158
425530,41.4905907,-91.7033164,203.0914,2,11,1.0,0.01945,158
425674,41.4905907,-91.7033164,203,2,11,1.0,0.01945,158
426025,41.4905906,-91.7033164,203.0859,2,11,1.0,0.01945,158
426176,41.4905906,-91.7033164,203.0859,2,11,1.0,0.01945,158
426739,41.4905904,-91.7033166,203.0939,2,11,1.0,0.04314,158
426928,41.4905904,-91.7033166,203.0939,2,11,1.0,0.04314,158
427415,41.4905905,-91.7033165,203.0705,2,11,1.0,0.10933,158
427546,41.4905905,-91.7033165,203.0705,2,11,1.0,0.10933,158
427794,41.4905904,-91.7033164,203.0690,2,11,1.0,M,158
427927,41.4905904,-91.7033164,203.0690,2,11,1.0,M,158
428134,41.4905903,-91.7033166,203.0951,2,11,1.0,0.13545,158
428308,41.4905903,-91.7033166,203.0951,2,11,1.0,0.13545,158
428568,41.4905903,-91.7033166,203.0951,2,11,1.0,0.13545,158
428763,41.4905903,-91.7033165,203.0895,2,10,1.0,0.08456,158
428890,41.4905903,-91.7033165,203,2,10,1.0,0.08456,158
429120,41.4905903,-91.7033165,203.0991,2,10,1.0,0.08456,158
429352,41.4905903,-91.7033165,203$GNGGA,2,10,1.0,0.08456,158
429482,41.4905905,-91.7033163,203.0577,2,11,1.0,0.04232,158
429585,41.4905904,-91.7033163,203.0522,2,11,1.0,0.08082,158
429723,41.4905904,-91.7033163,203.0522,2,11,1.0,0.08082,158
429995,41.4905904,-91.7033163,203.0423,2,11,1.0,0.07580,158
430151,41.4905904,-91.7033163,203.0423,2,11,1.0,0.07580,158
430392,41.4905899,-91.7033165,203.1105,2,11,1.0,0.08969,158
430530,41.4905899,-91.7033165,203.1105,2,11,1.0,0.08969,158
430997,41.4905896,-91.7033168,203.1500,2,11,1.0,0.06836,158
431159,41.4905896,-91.7033168,203.1500,2,11,1.0,0.06836,158
431510,41.4905842,-91.7033221,203.1649,2,11,1.0,0.05644,158
431641,41.4905842,-91.7033221,203.1649,2,11,1.0,0.05644,158
431876,41.4905846,-91.7033220,203.1119,2,11,1.0,0.05047,158
431984,41.4905845,-91.7033220,203.1260,2,11,1.0,0.02553,158
432106,41.4905845,-91.7033220,203.1260,2,11,1.0,0.02553,158
432315,41.4905838,-91.7033227,203.1154,2,10,1.0,0.02553,158
432402,41.4905838,-91.7033227,203.1154,2,10,1.0,0.02553,158
432719,41.4905838,-91.7033228,203.1278,2,10,1.0,0.02553,158
432912,41.4905838,-91.7033228,203.1278,2,10,1.0,0.02553,158
433314,41.4905839,-91.7033235,203.0822,2,10,1.0,0.02553,158
433489,41.4905839,-91.7033235,203.0822,2,10,1.0,0.02553,158
433923,41.4905837,-91.7033237,203.1166,2,10,1.0,0.07103,158
434102,41.4905837,-91.7033237,203.1166,2,10,1.0,0.07103,158
434359,41.4905837,-91.7033237,203.1166,2,10,1.0,0.07103,158
434593,41.4905835,-91.7033247,203.1048,2,10,1.0,0.07632,158
434739,41.4905835,-91.7033247,203.1048,2,10,1.0,0.07632,158
435187,41.4905837,-91.7033248,203.1104,2,10,1.0,0.02537,158
435367,41.4905837,-91.7033248,203.1104,2,10,1.0,0.02537,158
435514,41.4905837,-91.7033248,203.1104,2,10,1.0,0.02537,158
435765,41.4905989,-91.7033090,200.9924,2,06,4.5,0.02537,158
435847,41.4905989,-91.7033090,200.9924,2,06,4.5,0.02537,158
435985,41.4905991,-91.7033087,200.9700,2,06,4.5,0.05334,158
436098,41.4905991,-91.7033087,200.9700,2,06,4.5,0.05334,158
436187,41.4905992,-91.7033105,201.0384,2,06,4.5,0.05334,158
436332,41.4905992,-91.7033105,201.0384,2,06,4.5,0.05334,158
436499,41.4905996,-91.7033105,200.9654,2,06,4.5,0.06856,158
436585,41.4905992,-91.7033105,201.0154,2,06,4.5,0.02212,158
436743,41.4905992,-91.7033105,201.0154,2,06,4.5,0.02212,158
436904,41.4905993,-91.7033106,201.0108,2,06,4.5,0.03733,158
436996,41.4905994,-91.7033105,201.0218,2,06,4.5,0.07701,158
437151,41.4905994,-91.7033105,201.0218,2,06,4.5,0.07701,158
437287,41.4905993,-91.7033105,201.0863,2,06,4.5,0.10249,158
437511,41.4905996,-91.7033104,201.0484,2,06,4.5,0.08289,158
437640,41.4905996,-91.7033104,201.0484,2,06,4.5,0.08289,158
437797,41.4905996,-91.7033103,201.0474,2,06,4.5,0.04381,158
437939,41.4905996,-91.7033103,201.0474,2,06,4.5,0.04381,158
438179,41.4905994,-91.7033108,201.0829,2,07,2.2,0.07749,158
438300,41.4905994,-91.7033108,201.0829,2,07,2.2,0.07749,158
438488,41.4905994,-91.7033109,201.0668,2,07,2.2,0.08522,158
438582,41.4905994,-91.7033108,201.0855,2,07,2.2,0.10025,158
438739,41.4905994,-91.7033108,201.0855,2,07,2.2,0.10025,158
439185,41.4905995,-91.7033107,201.0754,2,07,2.2,0.04336,158
439337,41.4905995,-91.7033107,201.0754,2,07,2.2,0.04336,158
439586,41.4905993,-91.7033107,201.0987,2,07,2.2,0.08843,158
439746,41.4905993,-91.7033107,201.0987,2,07,2.2,0.08843,158
439892,41.4905993,-91.7033107,201.1158,2,07,2.2,0.07427,158
440000,41.4905994,-91.7033108,201.0999,2,07,2.2,0.07282,158
440123,41.4905994,-91.7033108,201.0999,2,07,2.2,0.07282,158
440507,41.4905981,-91.7033128,201.2850,2,07,2.2,0.07282,158
440672,41.4905981,-91.7033128,201.2850,2,07,2.2,0.07282,158
440968,41.4905980,-91.7033127,201.3179,2,07,2.2,0.0797,158
441340,41.4905980,-91.7033127,201.3025,2,06,2.2,0.13004,158
441506,41.4905980,-91.7033127,201.3025,2,06,2.2,0.13004,158
441620,41.4905980,-91.7033127,201.3025,2,06,2.2,3.7,158
441698,41.4905980,-91.7033126,201.3132,2,06,2.2,3.7,158
441904,41.4905980,-91.7033127,201.3051,2,06,2.2,0.01900,158
441984,41.4905980,-91.7033127,201.3051,2,06,2.2,0.01900,158
442184,41.4905979,-91.7033126,201.3305,2,06,2.2,0.06096,158
442342,41.4905979,-91.7033126,201.3305,2,06,2.2,0.06096,158
442487,41.4905980,-91.7033126,201.2878,2,06,2.2,0.03308,158
442719,41.4905979,-91.7033126,201.3256,2,06,2.2,0.01489,158
442898,41.4905979,-91.7033126,201.3256,2,06,2.2,0.01489,158
443189,41.4905979,-91.7033126,201.3422,2,06,2.2,0.01489,158
443432,41.4905980,-91.7033125,201.2987,2,06,2.2,49,158
443876,41.4905978,-91.7033125,201.3105,2,06,2.2,0.09486,158
444146,41.4905978,-91.7033124,201.2971,2,06,2.2,0.09486,158
444231,41.4905978,-91.7033124,201.2971,2,06,2.2,0.09486,158
444366,41.4905978,-91.7033126,201.3255,2,06,2.2,0.09486,158
444482,41.4905977,-91.7033125,201.3474,2,06,2.2,0.07686,158
444554,41.4905977,-91.7033125,201$GNGGA,2,06,2.2,0.07686,158
444862,41.4905979,-91.7033125,201.2932,2,06,2.2,0.15099,158
445015,41.4905979,-91.7033125,201.2932,2,06,2.2,0.15099,158
445311,41.4905979,-91.7033125,201.3056,2,06,2.2,0.15099,158
445588,41.4905978,-91.7033126,201.3347,2,07,2.2,0.11106,158
445756,41.4905978,-91.7033126,201.3347,2,07,2.2,0.11106,158
445954,41.4905980,-91.7033126,201.3110,2,06,4.5,0.17725,158
446192,41.4905980,-91.7033127,201.3272,2,06,4.5,0.06202,158
446358,41.4905980,-91.7033127,201.3272,2,06,4.5,0.06202,158
446558,41.4905980,-91.7033127,201.3173,2,06,4.5,0.11629,158
446940,41.4905980,-91.7033128,201.3083,2,06,4.5,0.05901,158
447240,41.4905980,-91.7033128,201.3083,2,06,4.5,0.05901,158
447396,41.4905970,-91.7033193,201.7594,2,07,2.2,0.05901,158
447554,41.4905970,-91.7033193,201.7594,2,07,2.2,0.05901,158
447943,41.4905968,-91.7033192,201.7668,2,07,2.2,0.12541,158
448144,41.4905968,-91.7033193,201.7541,2,07,2.2,0.07860,158
448383,41.4905970,-91.7033193,201.7663,2,06,4.5,0.10350,158
448498,41.4905970,-91.7033193,201.7663,2,06,4.5,0.10350,158
448683,41.4905968,-91.7033194,201.7916,2,06,4.5,0.06804,158
448787,41.4905968,-91.7033194,201.7924,2,06,4.5,0.08755,158
448933,41.4905968,-91.7033194,201.7924,2,06,4.5,0.08755,158
449189,41.4905980,-91.7033200,201.9885,2,07,2.2,0.11604,158
449336,41.4905980,-91.7033200,201.9885,2,07,2.2,0.11604,158
449810,41.4905981,-91.7033201,201.9602,2,06,4.5,0.13631,158
449902,41.4905981,-91.7033201,201.9602,2,06,4.5,0.13631,158
449996,41.4905981,-91.7033201,201.9658,2,07,2.2,0.09972,158
450149,41.4905981,-91.7033201,201.9658,2,07,2.2,0.09972,158
450410,41.4905981,-91.7033202,201.9661,2,07,2.2,0.05631,158
450529,41.4905981,-91.7033201,201.9383,2,07,2.2,0.03464,158
450596,41.4905981,-91.7033201,201447RMC,2,07,2.2,0.03464,158
450785,41.4905981,-91.7033201,201.9691,2,07,2.2,0.03464,158
450957,41.4905981,-91.7033201,201.9691,2,07,2.2,0.03464,158
451365,41.4905987,-91.7033237,202.0922,2,08,1.5,0.07019,158
451454,41.4905987,-91.7033237,202.0922,2,08,1.5,0.07019,158
451771,41.4905987,-91.7033238,202.1036,2,08,1.5,0.09022,158
451909,41.4905987,-91.7033238,202.1036,2,08,1.5,0.09022,158
451992,41.4905987,-91.7033236,202.0928,2,08,1.5,0.03415,158
452113,41.4905987,-91.7033236,202.0928,2,08,1.5,0.03415,158
452378,41.4905987,-91.7033237,202.0923,2,08,1.5,0.03415,158
452535,41.4905987,-91.7033237,202.0923,2,08,1.5,0.03415,158
452851,41.4905987,-91.7033237,202.0923,2,08,1.5,0.05793,158
452946,41.4905987,-91.7033237,202.0923,2,08,1.5,0.05793,158
453197,41.4905987,-91.7033237,202.1011,2,08,1.5,0.14360,158
453476,41.4905987,-91.7033237,202.1011,2,08,1.5,0.14360,158
453776,41.4905986,-91.7033238,202.1036,2,08,1.5,0.06254,158
453882,41.4905986,-91.7033238,202.1036,2,08,1.5,0.06254,158
454187,41.4905986,-91.7033237,202.1016,2,08,1.5,0.02736,158
454340,41.4905986,-91.7033237,202.1016,2,08,1.5,0.02736,158
454579,41.4905986,-91.7033238,202.1153,2,08,1.5,0.11459,158
454731,41.4905986,-91.7033238,202.1153,2,08,1.5,0.11459,158
454892,41.4905987,-91.7033238,202.1008,2,08,1.5,0.14972,158
454998,41.4905988,-91.7033239,202.1087,2,08,1.5,0.11514,158
455173,41.4905988,-91.7033239,202.1087,2,08,1.5,0.11514,158
455567,41.4906004,-91.7033319,202.1608,2,08,1.5,0.10995,158
455668,41.4906004,-91.7033319,202.1608,2,08,1.5,0.10995,158
455854,41.4906004,-91.7033320,202.1746,2,06,2.7,0.10999,158
455999,41.4906004,-91.7033321,202.1806,2,07,2.2,0.15890,158
456161,41.4906004,-91.7033321,202.1806,2,07,2.2,0.15890,158
456391,41.4906003,-91.7033322,202.1946,2,07,2.2,0.13921,158
456670,41.4906003,-91.7033322,202.1946,2,07,2.2,0.13921,158
456984,41.4906002,-91.7033321,202.1728,2,07,2.2,0.08136,158
457107,41.4906002,-91.7033321,202.1728,2,07,2.2,0.08136,158
457367,41.4906002,-91.7033320,202.2003,2,08,1.5,0.08136,158
457464,41.4906002,-91.7033320,202.2003,2,08,1.5,0.08136,158
457656,41.4906004,-91.7033322,202.1839,2,08,1.5,0.19551,158
457783,41.4906003,-91.7033320,202.1674,2,08,1.5,0.09307,158
457943,41.4906003,-91.7033320,202.1674,2,08,1.5,0.09307,158
458184,41.4906003,-91.7033320,202.2099,2,08,1.5,0.09996,158
458343,41.4906003,-91.7033320,202.2099,2,08,1.5,0.09996,158
458775,41.4906002,-91.7033321,202.1958,2,08,1.5,0.16113,158
458951,41.4906002,-91.7033321,202.1958,2,08,1.5,0.16113,158
459378,41.4906002,-91.7033321,202.1958,2,08,1.5,0.25245,158
459671,41.4906003,-91.7033322,202.1992,2,08,1.5,0.25245,158
459843,41.4906003,-91.7033322,202,2,08,1.5,0.25245,158
459996,41.4906003,-91.7033321,202.1922,2,08,1.5,0.27567,158
460441,41.4906003,-91.7033322,202.2165,2,08,1.5,46311,158
460650,41.4906003,-91.7033322,2021.5,2,08,1.5,46311,158
460784,41.4906038,-91.7033356,202.4069,2,08,1.5,0.21407,158
460941,41.4906038,-91.7033356,202.4069,2,08,1.5,0.21407,158
461380,41.4906040,-91.7033381,202.5638,2,08,1.5,0.13645,158
461549,41.4906040,-91.7033381,202.5638,2,08,1.5,0.13645,158
461968,41.4906041,-91.7033379,202.5697,2,07,2.2,0.07978,158
462142,41.4906041,-91.7033379,202.5697,2,07,2.2,0.07978,158
462283,41.4906049,-91.7033382,202.6615,2,07,2.2,0.01781,158
462497,41.4906048,-91.7033383,202.6750,2,07,2.2,0.10547,158
462854,41.4906048,-91.7033384,202.6951,2,07,2..2,0.10141,158
462995,41.4906047,-91.7033386,202.6905,2,07,2.2,0.05337,158
463146,41.4906047,-91.7033386,202.6905,2,07,2.2,0.05337,158
463305,41.4906049,-91.7033383,202.6781,2,07,2.2,0.03214,158
463501,41.4906048,-91.7033384,202.6861,2,07,2.2,0.09155,158
463593,41.4906048,-91.7033384,202.6861,2,07,2.2,0.09155,158
463897,41.4906048,-91.7033384,202.6861,2,07,2.2,0.09155,158
464056,41.4906048,-91.7033385,202.6881,2,08,1.5,0.11407,158
464108,41.4906048,-91.7033385,2024.8006,2,08,1.5,0.11407,158
464314,41.4906061,-91.7033387,202.8462,2,08,1.5,0.08515,158
464472,41.4906061,-91.7033387,202.8462,2,08,1.5,0.08515,158
464782,41.4906061,-91.7033387,202.8463,2,08,1.5,0.04178,158
464928,41.4906061,-91.7033387,202.8463,2,08,1.5,0.04178,158
465186,41.4906061,-91.7033388,202.8789,2,08,1.5,0.16751,158
465333,41.4906061,-91.7033388,202.8789,2,08,1.5,0.16751,158
465587,41.4906062,-91.7033388,202.8701,2,08,1.5,0.08849,158
465738,41.4906062,-91.7033388,202.8701,2,08,1.5,0.08849,158
466038,41.4906062,-91.7033389,202.8636,2,08,1.5,0.06799,158
466286,41.4906057,-91.7033339,202.9021,2,08,1.5,0.18079,158
466382,41.4906057,-91.7033339,202.9021,2,08,1.5,0.18079,158
466582,41.4906057,-91.7033339,202.9021,2,08,1.5,0.18079,158
466781,41.4906058,-91.7033339,202.8856,2,08,1.5,0.13480,158
467036,41.4906058,-91.7033339,202.3B,2,08,1.5,0.13480,158
467179,41.4906058,-91.7033339,202.9096,2,08,1.5,0.13480,158
467300,41.4906058,-91.7033339,202.9096,2,08,1.5,0.13480,158
467497,41.4906058,-91.7033340,202.9005,2,08,1.5,0.24343,158
467583,41.4906059,-91.7033340,202.8892,2,08,1.5,0.13011,158
467730,41.4906059,-91.7033340,202.8892,2,08,1.5,0.13011,158
467991,41.4906058,-91.7033339,202.9034,2,08,1.5,0.06482,158
468109,41.4906058,-91.7033339,202.9034,2,08,1.5,0.06482,158
468370,41.4906067,-91.7033318,202.6225,2,08,1.5,0.06482,158
468466,41.4906067,-91.7033318,202.6225,2,08,1.5,0.06482,158
468659,41.4906067,-91.7033317,202.6278,2,08,1.5,0.10212,158
468789,41.4906067,-91.7033318,202.6321,2,08,1.5,0.15891,158
468948,41.4906067,-91.7033318,202.6321,2,08,1.5,0.15891,158
469193,41.4906077,-91.7033299,202.6944,2,08,1.5,0.18250,158
469351,41.4906077,-91.7033299,202.6944,2,08,1.5,0.18250,158
469500,41.4906077,-91.7033300,202.7147,2,08,1.5,0.08956,158
469712,41.4906077,-91.7033299,202.7154,2,08,1.5,0.08814,158
469842,41.4906077,-91.7033299,202.7154,2,08,1.5,0.08814,158
470181,41.4906078,-91.7033299,202.6878,2,07,2.2,0.24502,158
470352,41.4906078,-91.7033299,202.6878,2,07,2.2,0.24502,158
470478,41.4906090,-91.7033287,202.8782,2,07,2.2,0.18936,158
470584,41.4906089,-91.7033288,202.8794,2,07,2.2,0.25824,158
470741,41.4906089,-91.7033288,202.8794,2,07,2.2,0.25824,158
471350,41.4906087,-91.7033268,202.9548,2,08,1.5,0.20024,158
471586,41.4906087,-91.7033268,202.9283,2,08,1.5,0.16981,158
471745,41.4906087,-91.7033268,202.9283,2,08,1.5,0.16981,158
471896,41.4906087,-91.7033269,202.9476,2,08,1.5,0.19649,158
471994,41.4906087,-91.7033269,202.9559,2,08,1.5,0.15883,158
472160,41.4906087,-91.7033269,202.9559,2,08,1.5,0.15883,158
472390,41.4906087,-91.7033268,202.9411,2,08,1.5,0.11796,158
472557,41.4906087,-91.7033268,202.9411,2,08,1.5,0.11796,158
472711,41.4906087,-91.7033268,202.9356,2,08,1.5,0.21925,158
472917,41.4906087,-91.7033268,202.9628,2,08,1.5,0.21496,158
473103,41.4906087,-91.7033268,202.9628,2,08,1.5,0.21496,158
473383,41.4906086,-91.7033268,202.9607,2,07,1.5,0.204,158
473535,41.4906086,-91.7033268,202.9607,2,07,1.5,0.204,158
473970,41.4906086,-91.7033269,202.9565,2,07,1.5,0.30940,158
474072,41.4906086,-91.7033269,202.9565,2,07,1.5,0.30940,158
474335,41.4906086,-91.7033269,202.9507,2,07,1.5,0.29694,158
474528,41.4906086,-91.7033269,202.9507,2,07,1.5,0.5,158
474732,41.4906086,-91.7033269,202.9507,2,07,1.5,0.5,158
474910,41.4906087,-91.7033267,202.9474,2,06,2.7,0.5,158
475376,41.4906106,-91.7033230,202.5011,2,08,1.5,0.5,158
475545,41.4906106,-91.7033230,202.5011,2,08,1.5,0.5,158
475911,41.4906107,-91.7033231,202.5320,2,08,1.5,0.26714,158
476031,41.4906107,-91.7033231,202.5320,2,08,1.5,0.26714,158
476392,41.4906139,-91.7033200,201.6849,2,08,1.5,0.26153,158
476543,41.4906139,-91.7033200,201.6849,2,08,1.5,0.26153,158
476909,41.4906139,-91.7033200,201.7006,2,08,1.5,0.17158,158
477069,41.4906139,-91.7033200,201.7006,2,08,1.5,0.17158,158
477341,41.4906139,-91.7033199,201.6995,2,08,1.5,0.25143,158
477579,41.4906139,-91.7033201,201.7103,2,08,1.5,0.11630,158
477720,41.4906139,-91.7033201,201.7103,2,08,1.5,0.11630,158
477989,41.4906139,-91.7033200,201.6611,2,08,1.5,0.07287,158
478104,41.4906139,-91.7033200,201.6611,2,08,1.5,0.07287,158
478371,41.4906139,-91.7033200,201.6866,2,08,1.5,0.07287,158
478463,41.4906139,-91.7033200,201.6866,2,08,1.5,0.07287,158
478764,41.4906141,-91.7033197,201.6699,2,07,2.2,0.04238,158
478975,41.4906141,-91.7033197,201.6699,2,07,2.2,0.03594,158
479155,41.4906139,-91.7033201,201.6790,2,08,1.5,0.03594,158
479327,41.4906139,-91.7033201,201.6790,2,08,1.5,0.03594,158
479586,41.4906139,-91.7033201,201.6790,2,08,1.5,0.05124,158
479783,41.4906139,-91.7033200,201.7003,2,08,1.5,0.09646,158
479910,41.4906139,-91.7033200,201A,2,08,1.5,0.09646,158
480321,41.4906139,-91.7033199,201.6875,2,07,1.6,0.09646,158
480441,41.4906139,-91.7033199,201,2,07,1.6,0.09646,158
480754,41.4906138,-91.7033201,201.7076,2,06,2.6,0.15057,158
480835,41.4906138,-91.7033201,201.7076,2,06,2.6,0.15057,158
480984,41.4906138,-91.7033200,201.6933,2,06,2.6,0.09501,158
481079,41.4906138,-91.7033200,201.6933,2,06,2.6,0.09501,158
481266,41.4906138,-91.7033200,201.6895,2,07,1.6,0.09501,158
481417,41.4906138,-91.7033200,201.6895,2,07,1.6,0.09501,158
481685,41.4906138,-91.7033200,201.7085,2,07,1.6,0.12296,158
481810,41.4906138,-91.7033199,201.6840,2,06,2.6,0.07602,158
481962,41.4906138,-91.7033199,201.6840,2,06,2.6,0.07602,158
482287,41.4906138,-91.7033202,201.7320,2,06,2.6,0.02983,158
482392,41.4906138,-91.7033200,201.7256,2,06,2.6,0.08702,158
482544,41.4906138,-91.7033200,201.7256,2,06,2.6,0.08702,158
482892,41.4906137,-91.7033202,201.7368,2,06,2.6,0.07288,158
482997,41.4906138,-91.7033200,201.7070,2,06,2.6,0.09454,158
483277,41.4906138,-91.7033200,201.7070,2,06,2.6,0.09454,158
483579,41.4906137,-91.7033200,201.7144,2,06,2.6,0.12724,158
483724,41.4906137,-91.7033200,201.7144,2,06,2.6,0.12724,158
483896,41.4906138,-91.7033202,201.7158,2,06,2.6,0.13492,158
483985,41.4906138,-91.7033202,201.7168,2,06,2.6,0.08254,158
484100,41.4906138,-91.7033202,201.7168,2,06,2.6,0.08254,158
484368,41.4906139,-91.7033199,201.6956,2,06,2.6,0.08254,158
484455,41.4906139,-91.7033199,201.6956,2,06,2.6,0.08254,158
484772,41.4906138,-91.7033201,201.7121,2,06,2.6,0.09990,158
484921,41.4906138,-91.7033201,201.7121,2,06,2.6,0.09990,158
485180,41.4906138,-91.7033200,201.7015,2,06,2.6,0.14004,158
485331,41.4906138,-91.7033200,201.7015,2,06,2.6,0.14004,158
485701,41.4906119,-91.7033255,203.2805,2,06,2.6,0.06564,158
485794,41.4906119,-91.7033255,203.3020,2,06,2.6,0.09028,158
485956,41.4906119,-91.7033255,203.3020,2,06,2.6,0.09028,158
486395,41.4906116,-91.7033278,203.4653,2,06,2.6,0.01834,158
486674,41.4906116,-91.7033278,203.4653,2,06,2.6,0.01834,158
486982,41.4906116,-91.7033280,203.4915,2,06,2.6,0.06908,158
487099,41.4906116,-91.7033280,203.4915,2,06,2.6,0.06908,158
487187,41.4906112,-91.7033292,203.5503,2,06,2.6,0.06908,158
487338,41.4906112,-91.7033292,203.5503,2,06,2.6,0.06908,158
487677,41.4906112,-91.7033290,203.5103,2,06,2.6,0.07048,158
487785,41.4906113,-91.7033289,203.5150,2,06,2.6,0.01617,158
487940,41.4906113,-91.7033289,203.5150,2,06,2.6,0.01617,158
488188,41.4906115,-91.7033299,203.6740,2,06,2.6,0.08457,158
488345,41.4906115,-91.7033299,203.6740,2,06,2.6,0.08457,158
488696,41.4906115,-91.7033299,203.6740,2,06,2.6,0.20269,158
488767,41.4906115,-91.7033299,203.6868,2,06,2.6,0.20269,158
488887,41.4906115,-91.7033300,203.6952,2,06,2.6,0.14738,158
488970,41.4906115,-91.7033300,203$GNGGA,2,06,2.6,0.14738,158
489195,41.4906120,-91.7033306,203.8684,2,07,1.6,0.08548,158
489365,41.4906120,-91.7033306,203.8684,2,07,1.6,0.08548,158
489712,41.4906120,-91.7033306,203.8813,2,07,1.6,0.15795,158
489851,41.4906120,-91.7033306,203.8813,2,07,1.6,0.15795,158
490181,41.4906120,-91.7033305,203.8627,2,06,2.6,0.15449,158
490317,41.4906120,-91.7033305,203.8627,2,06,2.6,0.15449,158
490492,41.4906120,-91.7033305,203.8546,2,06,2.6,0.14597,158
490583,41.4906121,-91.7033306,203.8554,2,06,2.6,0.13016,158
490729,41.4906121,-91.7033306,203.8554,2,06,2.6,0.13016,158
490900,41.4906120,-91.7033303,203.8381,2,06,2.6,0.21591,158
490993,41.4906119,-91.7033306,203.8303,2,06,2.6,0.21271,158
491105,41.4906119,-91.7033306,203.8303,2,06,2.6,0.21271,158
491190,41.4906076,-91.7033331,203.7551,2,06,2.6,0.21271,158
491335,41.4906076,-91.7033331,203.7551,2,06,2.6,0.21271,158
491590,41.4906076,-91.7033331,203.7655,2,06,2.6,0.13629,158
491738,41.4906076,-91.7033331,203.7655,2,06,2.6,0.13629,158
491937,41.4906076,-91.7033330,203.7709,2,06,2.6,0.10995,158
492132,41.4906076,-91.7033331,203.7633,2,06,2.6,0.20854,158
492380,41.4906076,-91.7033331,203.,2,06,2.6,0.20854,158
492675,41.4906076,-91.7033331,203.,2,06,2.6,0.20854,158
492746,41.4906045,-91.7033344,203.5952,2,06,2.6,0.20854,158
492987,41.4906045,-91.7033345,203.5928,2,06,2.6,0.18808,158
493096,41.4906045,-91.7033345,203.5928,2,06,2.6,0.18808,158
493184,41.4906055,-91.7033325,203.5719,2,06,2.6,0.18808,158
493330,41.4906055,-91.7033325,203.5719,2,06,2.6,0.18808,158
493495,41.4906055,-91.7033325,203.5814,2,06,2.6,0.07518,158
493585,41.4906055,-91.7033324,203.5727,2,06,2.6,0.10487,158
493732,41.4906055,-91.7033324,203.5727,2,06,2.6,0.10487,158
493901,41.4906055,-91.7033326,203.5951,2,06,2.6,0.05014,158
493996,41.4906055,-91.7033323,203.5799,2,06,2.6,0.06215,158
494148,41.4906055,-91.7033323,203.5799,2,06,2.6,0.06215,158
494587,41.4906046,-91.7033324,203.6811,2,06,2.6,0.04822,158
494766,41.4906047,-91.7033323,203.6891,2,06,2.6,0.20075,158
494854,41.4906047,-91.7033323,203.GNGST,2,06,2.6,0.20075,158
495043,41.4906047,-91.7033323,203.GNGST,2,06,2.6,0.20075,158
495314,41.4906027,-91.7033335,204.0163,2,06,2.6,0.09082,158
495506,41.4906027,-91.7033336,204.0339,2,06,2.6,0.02729,158
495591,41.4906027,-91.7033336,204.0339,2,06,2.6,0.02729,158
495770,41.4906027,-91.7033336,204.0339,2,06,2.6,0.02729,158
495878,41.4906027,-91.7033335,204.0067,2,06,2.6,0.09858,158
495936,41.4906027,-91.7033335,204$GNGGA,2,06,2.6,0.09858,158
496142,41.4906028,-91.7033334,204.0122,2,06,2.6,0.10569,158
496364,41.4906028,-91.7033334,204.0122,2,06,2.6,0.10569,158
496483,41.4905977,-91.7033386,204.4025,2,07,1.6,0.10569,158
496589,41.4905977,-91.7033385,204.3940,2,07,1.6,0.24064,158
496744,41.4905977,-91.7033385,204.3940,2,07,1.6,0.24064,158
496999,41.4905976,-91.7033386,204.4072,2,07,1.6,0.20400,158
497157,41.4905976,-91.7033386,204.4072,2,07,1.6,0.20400,158
497393,41.4905928,-91.7033429,204.6666,2,07,1.6,0.12503,158
497555,41.4905928,-91.7033429,204.6666,2,07,1.6,0.12503,158
497830,41.4905927,-91.7033429,204.6841,2,07,1.6,0.22746,158
498180,41.4905929,-91.7033429,204.6687,2,07,1.6,0.20473,158
498328,41.4905929,-91.7033429,204.6687,2,07,1.6,0.20473,158
498481,41.4905928,-91.7033429,204.6560,2,07,1.6,0.25092,158
498682,41.4905927,-91.7033429,204.6665,2,07,1.6,0.22516,158
498775,41.4905927,-91.7033429,204.6665,2,07,1.6,0.22516,158
499171,41.4905928,-91.7033429,204.6650,2,07,1.6,0.22886,158
499290,41.4905928,-91.7033429,204.6650,2,07,1.6,0.22886,158
499518,41.4905919,-91.7033425,204.7178,2,07,1.6,0.29341,158
499714,41.4905919,-91.7033425,204.7384,2,07,1.6,943,158
499800,41.4905919,-91.7033425,204,2,07,1.6,943,158
499998,41.4905920,-91.7033425,204.7511,2,070,1.6,0.36276,158
500272,41.4905920,-91.7033424,204.7548,2,07,1.6,0.32734,158
500464,41.4905920,-91.7033424,204060601,2,07,1.6,0.32734,158
500679,41.4905894,-91.7033436,205.0550,2,07,1.6,0.29083,158
501000,41.4905895,-91.7033435,205.0411,2,07,1.6,0.35792,158
501282,41.4905895,-91.7033435,205.0411,2,07,1.6,0.35792,158
501668,41.4905896,-91.7033435,205.0426,2,07,1.6,0.35193,158
501730,41.4905895,-91.7033433,205.0314,2,07,1.6,0.35193,158
501924,41.4905894,-91.7033434,205.0290,2,07,1.6,0.20227,158
502159,41.4905894,-91.7033436,205.0472,2,07,1.6,0.20227,158
502384,41.4905894,-91.7033436,205.0327,2,07,1.6,0.13745,158
502567,41.4905894,-91.7033436,205.0327,2,07,1.6,0.13745,158
502699,41.4905895,-91.7033436,205.0260,2,07,1.6,0.09628,158
502789,41.4905895,-91.7033436,205.0274,2,07,1.6,0.12453,158
502908,41.4905895,-91.7033436,205.0274,2,07,1.6,0.12453,158
503304,41.4905856,-91.7033393,206.1398,2,07,1.6,0.05609,158
503408,41.4905857,-91.7033393,206.1288,2,07,1.6,0.07140,158
503555,41.4905857,-91.7033393,206.1288,2,07,1.6,0.07140,158
503693,41.4905857,-91.7033392,206.1628,2,07,1.6,0.11340,158
503795,41.4905857,-91.7033394,206.1577,2,07,1.6,0.04318,158
503945,41.4905857,-91.7033394,206.1577,2,07,1.6,0.04318,158
504315,41.4905856,-91.7033376,206.2321,2,06,2.6,0.03840,158
504440,41.4905856,-91.7033376,206.2321,2,06,2.6,0.03840,158
504769,41.4905856,-91.7033378,206.2286,2,07,1.6,0.23019,158
504852,41.4905856,-91.7033378,206.2286,2,07,1.6,0.23019,158
505099,41.4905856,-91.7033377,206.2292,2,06,2.6,0.19472,158
505188,41.4905856,-91.7033377,206.2292,2,06,2.6,0.19472,158
505377,41.4905856,-91.7033377,206.2292,2,06,2.6,0.19472,158
505564,41.4905857,-91.7033376,206.2061,2,06,2.6,0.25893,158
505632,41.4905857,-91.7033376,206.,2,06,2.6,0.25893,158
505970,41.4905855,-91.7033380,206.2591,2,06,2.6,0.28553,158
506126,41.4905855,-91.7033380,206.2591,2,06,2.6,0.28553,158
506464,41.4905820,-91.7033346,205.8951,2,06,2.6,0.30450,158
506631,41.4905820,-91.7033346,205.8951,2,06,2.6,0.30450,158
506793,41.4905817,-91.7033344,205.8101,2,05,8.1,0.30595,158
506948,41.4905817,-91.7033344,205.8101,2,05,8.1,0.30595,158
507260,41.4905817,-91.7033340,205.7294,2,05,8.1,0.22536,158
507539,41.4905817,-91.7033340,205.7294,2,05,8.1,0.22536,158
507780,41.4905815,-91.7033340,205.6188,2,05,8.1,0.26789,158
507901,41.4905815,-91.7033340,205.6188,2,05,8.1,0.26789,158
508097,41.4905815,-91.7033340,205.6275,2,06,3.0,0.18259,158
508185,41.4905815,-91.7033339,205.6078,2,06,3.0,0.20346,158
508336,41.4905815,-91.7033339,205.6078,2,06,3.0,0.20346,158
508785,41.4905814,-91.7033342,205.6108,2,06,3.0,0.15150,158
508935,41.4905814,-91.7033342,205.6108,2,06,3.0,0.15150,158
509103,41.4905815,-91.7033340,205.6096,2,06,3.0,0.15884,158
509188,41.4905814,-91.7033339,205.6070,2,06,3.0,0.15293,158
509344,41.4905814,-91.7033339,205.6070,2,06,3.0,0.15293,158
509592,41.4905815,-91.7033341,205.6490,2,06,3.0,0.16767,158
509752,41.4905815,-91.7033341,205.6490,2,06,3.0,0.16767,158
509900,41.4905815,-91.7033341,205.6288,2,06,3.0,0.13866,158
510080,41.4905813,-91.7033341,205.6346,2,06,3.0,0.12919,158
510246,41.4905813,-91.7033341,205.6346,2,06,3.0,0.12919,158
510662,41.4905815,-91.7033339,205.5883,2,06,3.0,0.00986,158
510933,41.4905813,-91.7033340,205.5759,2,06,3.0,0.07077,158
511067,41.4905813,-91.7033340,205.,2,06,3.0,0.07077,158
511379,41.4905757,-91.7033345,205.7976,2,06,3.0,0.12174,158
511532,41.4905757,-91.7033345,205.7976,2,06,3.0,0.12174,158
511963,41.4905756,-91.7033344,205.7844,2,05,5.1,0.07425,158
512062,41.4905756,-91.7033344,205.7844,2,05,5.1,0.07425,158
512249,41.4905763,-91.7033362,205.9613,2,05,5.2,0.14146,158
512385,41.4905762,-91.7033363,205.9294,2,05,5.2,0.26222,158
512543,41.4905762,-91.7033363,205.9294,2,05,5.2,0.26222,158
512997,41.4905761,-91.7033364,205.9483,2,21,0.7,0.29252,158
513129,41.4905761,-91.7033364,205.9483,2,21,0.7,0.29252,158
513391,41.4905773,-91.7033378,206.1201,2,20,0.7,0.29252,158
513510,41.4905773,-91.7033378,206.1201,2,20,0.7,0.29252,158
513786,41.4905771,-91.7033378,206.0461,2,21,0.7,0.29252,158
513967,41.4905771,-91.7033378,206.0461,2,21,0.7,0.29252,158
514310,41.4905782,-91.7033380,206.3142,2,21,0.7,0.07037,158
514445,41.4905782,-91.7033380,206.3142,2,21,0.7,0.07037,158
514896,41.4905774,-91.7033379,206.0260,2,21,0.7,0.08748,158
514988,41.4905775,-91.7033377,205.9864,2,21,0.7,0.04033,158
515112,41.4905775,-91.7033377,205.9864,2,21,0.7,0.04033,158
515386,41.4905775,-91.7033377,205.9864,2,21,0.7,0.04033,158
515715,41.4905788,-91.7033378,206.6848,2,20,0.7,0.04033,158
515822,41.4905788,-91.7033378,2069142.200,2,20,0.7,0.04033,158
515943,41.4905788,-91.7033381,206.6939,2,20,0.7,0.14557,158
516184,41.4905788,-91.7033378,206.7218,2,20,0.7,0.07011,158
516449,41.4905788,-91.7033378,206.7218,2,20,0.7,0.07011,158
516612,41.4905796,-91.7033364,206.7359,2,05,5.2,0.02195,158
516761,41.4905796,-91.7033364,206.7359,2,05,5.2,0.02195,158
516903,41.4905796,-91.7033364,206.7118,2,05,5.2,0.05839,158
517002,41.4905796,-91.7033365,206.7129,2,05,5.2,0.01709,158
517157,41.4905796,-91.7033365,206.7129,2,05,5.2,0.01709,158
517420,41.4905795,-91.7033357,206.7222,2,05,5.2,0.04554,158
517541,41.4905795,-91.7033355,206.7239,2,05,5.2,0.06087,158
517960,41.4905797,-91.7033355,206.7316,2,05,5.2,0.06087,158
518048,41.4905797,-91.7033355,206.7316,2,05,5.2,0.06087,158
518366,41.4905796,-91.7033340,206.7428,2,05,5.2,0.07080,158
518449,41.4905796,-91.7033340,206.7428,2,05,5.2,0.07080,158
518588,41.4905797,-91.7033341,206.7446,2,05,5.2,0.09398,158
518733,41.4905797,-91.7033341,206.7446,2,05,5.2,0.09398,158
518891,41.4905797,-91.7033341,206.7407,2,05,5.2,0.11634,158
518994,41.4905797,-91.7033339,206.7308,2,05,5.2,0.11319,158
519113,41.4905797,-91.7033339,206.7308,2,05,5.2,0.11319,158
519375,41.4905797,-91.7033337,206.7085,2,05,5.2,0.11319,158
519528,41.4905797,-91.7033337,206.7085,2,05,5.2,0.11319,158
519777,41.4905797,-91.7033337,206.7085,2,05,5.2,0.09500,158
519973,41.4905797,-91.7033339,206.7244,2,05,5.2,0.09708,158
520049,41.4905797,-91.7033339,206$GNGST,2,05,5.2,0.09708,158
520251,41.4905797,-91.7033339,206$GNGST,2,05,5.2,0.09708,158
520520,41.4905790,-91.7033325,206.6809,2,05,5.2,0.08839,158
520583,41.4905790,-91.7033325,206.71,2,05,5.2,0.08839,158
520721,41.4905790,-91.7033324,206.6580,2,05,5.2,0.08839,158
520864,41.4905789,-91.7033323,206.6471,2,05,5.2,0.07151,158
520944,41.4905789,-91.7033323,206$GNGST,2,05,5.2,0.07151,158
521068,41.4905788,-91.7033325,206.6667,2,05,5.2,0.07151,158
521345,41.4905789,-91.7033326,206.7258,2,05,5.2,0.09061,158
521590,41.4905790,-91.7033323,206.6848,2,21,0.7,0.07552,158
521698,41.4905790,-91.7033323,206.6848,2,21,0.7,0.07552,158
521903,41.4905790,-91.7033325,206.7070,2,21,0.7,0.07552,158
522039,41.4905790,-91.7033325,206.7070,2,21,0.7,0.07552,158
522296,41.4905786,-91.7033323,206.6569,2,05,7.4,0.07552,158
522398,41.4905786,-91.7033323,206.6569,2,05,7.4,0.07552,158
522795,41.4905786,-91.7033324,206.6576,2,05,7.4,0.04997,158
522958,41.4905786,-91.7033324,206.6576,2,05,7.4,0.04997,158
523461,41.4905787,-91.7033317,206.7369,2,05,7.4,0.03339,158
523646,41.4905788,-91.7033317,206.7529,2,05,7.4,0.02274,158
523791,41.4905788,-91.7033317,2067.9,2,05,7.4,0.02274,158
524183,41.4905788,-91.7033314,206.7805,2,05,7.4,0.02266,158
524337,41.4905788,-91.7033314,206.7805,2,05,7.4,0.02266,158
524490,41.4905789,-91.7033313,206.8048,2,05,7.4,0.08006,158
524587,41.4905789,-91.7033314,206.8101,2,05,7.4,0.07571,158
524741,41.4905789,-91.7033314,206.8101,2,05,7.4,0.07571,158
525147,41.4905789,-91.7033314,206.7944,2,05,7.4,0.08517,158
525248,41.4905789,-91.7033314,206.7944,2,05,7.4,0.08517,158
525556,41.4905778,-91.7033312,206.6927,2,05,7.4,0.03941,158
525645,41.4905778,-91.7033312,206.6927,2,05,7.4,0.03941,158
525796,41.4905781,-91.7033312,206.7474,2,05,7.4,0.07944,158
525958,41.4905781,-91.7033312,206.7474,2,05,7.4,0.07944,158
526387,41.4905778,-91.7033311,206.7358,2,05,7.4,0.01082,158
526566,41.4905778,-91.7033311,206.7358,2,05,7.4,0.01082,158
526899,41.4905778,-91.7033311,206.7358,2,05,7.4,0.01722,158
527191,41.4905776,-91.7033311,206.7170,2,05,7.4,0.01722,158
527347,41.4905776,-91.7033311,206.7170,2,05,7.4,0.01722,158
527478,41.4905772,-91.7033319,206.6606,2,20,0.7,0.07152,158
527584,41.4905772,-91.7033318,206.6575,2,20,0.7,0.08146,158
527693,41.4905772,-91.7033318,206.6575,2,20,0.7,0.08146,158
527967,41.4905772,-91.7033319,206.6600,2,20,0.7,0.08146,158
528097,41.4905772,-91.7033319,206.6600,2,20,0.7,0.08146,158
528389,41.4905767,-91.7033319,206.6660,2,21,0.7,0.22659,158
528507,41.4905767,-91.7033319,206.6660,2,21,0.7,0.22659,158
528782,41.4905764,-91.7033318,206.5466,2,21,0.7,0.22659,158
528960,41.4905764,-91.7033318,206.5466,2,21,0.7,0.22659,158
529364,41.4905754,-91.7033311,164.051,2,218,T,0.27096,158
529594,41.4905750,-91.7033312,206.4975,2,21,0.7,0.26670,158
529721,41.4905750,-91.7033312,206.4975,2,21,0.7,0.26670,158
529941,41.4905750,-91.7033312,206.4975,2,21,0.7,0.26670,158
530121,41.4905746,-91.7033313,206.4024,2,21,0.7,0.26670,158
530251,41.4905746,-91.7033313,206.4024,2,21,0.7,0.26670,158
530579,41.4905736,-91.7033298,206.5566,2,20,0.7,0.33506,158
530719,41.4905736,-91.7033298,206.5566,2,20,0.7,0.33506,158
531039,41.4905735,-91.7033300,206.5393,2,20,0.7,0.33310,158
531137,41.4905735,-91.7033300,206.5393,2,20,0.7,0.33310,158
531389,41.4905719,-91.7033303,206.3880,2,21,0.7,0.33310,158
531488,41.4905719,-91.7033303,206.3880,2,21,0.7,0.33310,158
531587,41.4905718,-91.7033305,206.4046,2,21,0.7,0.33310,158
531689,41.4905718,-91.7033305,206.4046,2,21,0.7,0.33310,158
531790,41.4905716,-91.7033303,206.2893,2,21,0.7,0.33310,158
531895,41.4905716,-91.7033303,206.2893,2,21,0.7,0.33310,158
532000,41.4905716,-91.7033303,206.2761,2,20,0.7,0.33310,158
532111,41.4905716,-91.7033303,206.2761,2,20,0.7,0.33310,158
532345,41.4905701,-91.7033300,206.3006,2,21,0.7,0.33310,158
532465,41.4905701,-91.7033300,206.3006,2,21,0.7,0.33310,158
532843,41.4905701,-91.7033297,206.2799,2,21,0.7,0.33310,158
532987,41.4905699,-91.7033296,206.1813,2,21,0.7,0.12675,158
533099,41.4905699,-91.7033296,206.1813,2,21,0.7,0.12675,158
533360,41.4905696,-91.7033302,206.1166,2,21,0.7,0.12675,158
533479,41.4905696,-91.7033302,206.1166,2,21,0.7,0.12675,158
533731,41.4905695,-91.7033299,205.9911,2,21,0.7,0.08304,158
533885,41.4905692,-91.7033300,205.9312,2,20,0.7,0,158
533992,41.4905694,-91.7033299,205.9229,2,20,0.7,0.04513,158
534110,41.4905694,-91.7033299,205.9229,2,20,0.7,0.04513,158
534343,41.4905700,-91.7033319,205.9792,2,20,0.7,0.04513,158
534511,41.4905700,-91.7033319,205.9792,2,20,0.7,0.04513,158
534785,41.4905702,-91.7033321,M,2,20,0353.,0.04513,158
535092,41.4905701,-91.7033317,206.0435,2,20,0.7,0.04513,158
535277,41.4905701,-91.7033317,2069142.199,2,20,0.7,0.04513,158
535560,41.4905706,-91.7033317,205.9404,2,21,0.7,0.13986,158
535795,41.4905709,-91.7033321,206.1047,2,21,0.7,0.02736,158
536024,41.4905709,-91.7033321,206.1047,2,21,0.7,0.02736,158
536317,41.4905709,-91.7033321,206.1047,2,21,0.7,0.02736,158
536375,41.4905696,-91.7033319,205.7706,2,05,5.2,0.02736,158
536556,41.4905696,-91.7033321,205.7809,2,05,5.2,0.04408,158
536636,41.4905696,-91.7033321,205$GNGST,2,05,5.2,0.04408,158
536784,41.4905695,-91.7033319,205.7700,2,05,5.2,0.06039,158
536937,41.4905695,-91.7033319,205.7700,2,05,5.2,0.06039,158
537377,41.4905695,-91.7033320,205.7676,2,05,5.2,0.05889,158
537536,41.4905695,-91.7033320,205.7676,2,05,5.2,0.05889,158
537873,41.4905695,-91.7033320,205.7676,2,05,5.2,0.03056,158
538021,41.4905693,-91.7033333,205.7970,2,05,5.2,0.03056,158
538260,41.4905695,-91.7033322,205.8085,2,05,5.2,0.00776,158
538506,41.4905684,-91.7033320,205.5862,2,05,5.2,0.03970,158
538683,41.4905686,-91.7033324,205.6211,2,05,5.2,0.07971,158
538858,41.4905686,-91.7033324,205.6211,2,05,5.2,0.07971,158
538966,41.4905685,-91.7033321,205.5969,2,05,5.2,0.07971,158
539316,41.4905685,-91.7033317,205.6181,2,05,5.2,0.01761,158
539450,41.4905685,-91.7033317,205.6181,2,05,5.2,0.01761,158
539680,41.4905685,-91.7033317,205.6224,2,05,5.2,0.03659,158
539783,41.4905684,-91.7033317,205.6320,2,05,5.2,0.01793,158
539936,41.4905684,-91.7033317,205.6320,2,05,5.2,0.01793,158
540197,41.4905687,-91.7033315,205.6564,2,05,5.2,0.02291,158
540362,41.4905687,-91.7033315,205.6564,2,05,5.2,0.02291,158
540501,41.4905686,-91.7033315,205.6337,2,05,5.2,0.05568,158
540592,41.4905686,-91.7033315,205.6742,2,05,5.2,0.05404,158
540754,41.4905686,-91.7033315,205.6742,2,05,5.2,0.05404,158
540906,41.4905685,-91.7033317,205.6511,2,05,5.2,0.02434,158
541176,41.4905686,-91.7033316,205.6616,2,05,5.2,0.01955,158
541359,41.4905686,-91.7033316,205.6616,2,05,5.2,0.01955,158
541491,41.4905685,-91.7033303,205.5902,2,05,5.2,0.01028,158
541596,41.4905686,-91.7033303,205.5903,2,05,5.2,0.02983,158
541766,41.4905686,-91.7033303,205.5903,2,05,5.2,0.02983,158
542115,41.4905686,-91.7033306,205.6362,2,05,5.2,0.10432,158
542255,41.4905686,-91.7033306,205.6362,2,05,5.2,0.10432,158
542482,41.4905690,-91.7033293,205.5630,2,05,5.2,0.14968,158
542584,41.4905688,-91.7033296,205.5894,2,05,5.2,0.11136,158
542711,41.4905688,-91.7033296,205.5894,2,05,5.2,0.11136,158
542869,41.4905688,-91.7033296,205.5894,2,05,5.2,0.11485,158
542936,41.4905688,-91.7033295,205.5717,2,05,5.2,0.11485,158
543152,41.4905688,-91.7033295,205.5836,2,05,5.2,0.16795,158
543276,41.4905688,-91.7033295,205.5836,2,05,5.2,0.16795,158
543504,41.4905693,-91.7033307,205.8328,2,06,5.1,0,158
543591,41.4905694,-91.7033307,205.8311,2,06,5.1,0.18096,158
543743,41.4905694,-91.7033307,205.8311,2,06,5.1,0.18096,158
544000,41.4905695,-91.7033307,205.8671,2,06,5.1,0.14595,158
544152,41.4905695,-91.7033307,205.8671,2,06,5.1,0.14595,158
544397,41.4905693,-91.7033303,205.7658,2,05,5.6,0.24173,158
544552,41.4905693,-91.7033303,205.7658,2,05,5.6,0.24173,158
544818,41.4905695,-91.7033305,205.8040,2,05,5.6,0.19570,158
544939,41.4905695,-91.7033305,205.8040,2,05,5.6,0.27788,158
545095,41.4905693,-91.7033304,205.7931,2,05,5.6,0.27788,158
545334,41.4905695,-91.7033306,205.8024,2,05,5.6,0.27788,158
545449,41.4905695,-91.7033306,205.8024,2,05,5.6,0.26902,158
545586,41.4905688,-91.7033313,205.9270,2,05,5.6,0.24739,158
545733,41.4905688,-91.7033313,205.9270,2,05,5.6,0.24739,158
545992,41.4905689,-91.7033316,205.9786,2,05,5.6,0.20306,158
546110,41.4905689,-91.7033316,205.9786,2,05,5.6,0.20306,158
546370,41.4905676,-91.7033312,205.7741,2,05,5.6,0.20306,158
546469,41.4905676,-91.7033312,205.7741,2,05,5.6,0.20306,158
546687,41.4905677,-91.7033309,205.7644,2,21,0.7,0.14738,158
546789,41.4905674,-91.7033310,205.7202,2,21,0.7,0.16951,158
547003,41.4905674,-91.7033308,205.6885,2,21,0.7,0.09367,158
547174,41.4905674,-91.7033308,205638,2,21,0.7,0.09367,158
547338,41.4905674,-91.7033308,205638,2,21,0.7,0.09367,158
547717,41.4905681,-91.7033304,205.7463,2,20,0.7,0.20687,158
547843,41.4905681,-91.7033304,205.7463,2,20,0.7,0.20687,158
548175,41.4905686,-91.7033313,206.1301,2,20,0.7,0.14494,158
548340,41.4905686,-91.7033313,206.1301,2,20,0.7,0.14494,158
548490,41.4905683,-91.7033313,206.0163,2,20,0.7,0.10607,158
548582,41.4905683,-91.7033312,206.0569,2,21,0.7,0.20740,158
548683,41.4905683,-91.7033312,206.0569,2,21,0.7,0.20740,158
549126,41.4905686,-91.7033314,206.0058,2,21,0.7,0.16931,158
549290,41.4905686,-91.7033314,206.0058,2,21,0.7,0.16931,158
549780,41.4905671,-91.7033311,205.6306,2,21,0.7,0.10727,158
549941,41.4905671,-91.7033311,205.6306,2,21,0.7,0.10727,158
550092,41.4905653,-91.7033311,205.2572,2,21,0.7,0.18901,158
550196,41.4905653,-91.7033314,205.1410,2,21,0.7,0.24312,158
550309,41.4905653,-91.7033314,205.1410,2,21,0.7,0.24312,158
550579,41.4905653,-91.7033314,205.0711,2,20,0.7,0.24312,158
550705,41.4905653,-91.7033314,205.0711,2,20,0.7,0.24312,158
551016,41.4905656,-91.7033316,205.3053,2,19,0.7,0.25685,158
551150,41.4905655,-91.7033317,205.2852,2,18,0.8,0.23587,158
551250,41.4905655,-91.7033317,2053,2,18,0.8,0.23587,158
551568,41.4905688,-91.7033294,205.3675,2,20,0.7,0.23161,158
551683,41.4905688,-91.7033294,205.3675,2,20,0.7,0.23161,158
551938,41.4905691,-91.7033300,205.3027,2,15,0.9,0.21218,158
552188,41.4905724,-91.7033271,205.8297,2,20,0.7,107.625,158
552301,41.4905724,-91.7033271,205.8297,2,20,0.7,107.625,158
552393,41.4905727,-91.7033273,205.8014,2,20,0.7,107.625,158
552506,41.4905727,-91.7033273,205.8014,2,20,0.7,107.625,158
552777,41.4905729,-91.7033269,205.8349,2,20,0.7,107.625,158
552952,41.4905729,-91.7033269,205.8349,2,20,0.7,107.625,158
553096,41.4905729,-91.7033278,205.8327,2,20,0.7,0.19054,158
553195,41.4905727,-91.7033277,205.7708,2,20,0.7,0.09216,158
553317,41.4905727,-91.7033277,205.7708,2,20,0.7,0.09216,158
553598,41.4905725,-91.7033280,205.7554,2,20,0.7,0.09216,158
553837,41.4905725,-91.7033280,205.7554,2,20,0.7,0.09216,158
554479,41.4905722,-91.7033282,205.6398,2,21,0.7,0.30556,158
554582,41.4905721,-91.7033279,205.6377,2,21,0.7,0.27339,158
554691,41.4905721,-91.7033279,205.6377,2,21,0.7,0.27339,158
554787,41.4905719,-91.7033280,205.5376,2,21,0.7,0.27339,158
554897,41.4905719,-91.7033280,205.5376,2,21,0.7,0.27339,158
555021,41.4905716,-91.7033287,205.6147,2,21,0.7,0.27339,158
555194,41.4905716,-91.7033287,205.6147,2,21,0.7,0.27339,158
555438,41.4905715,-91.7033289,205.6303,2,21,0.7,0.27339,158
555702,41.4905719,-91.7033287,205.6135,2,20,0.7,0.06103,158
555905,41.4905723,-91.7033296,205.5345,2,20,0.7,0.11005,158
556057,41.4905723,-91.7033296,205.5345,2,20,0.7,0.11005,158
556200,41.4905777,-91.7033314,205.9081,2,20,0.7,0.11005,158
556314,41.4905777,-91.7033314,205.9081,2,20,0.7,0.11005,158
556399,41.4905773,-91.7033312,205.9001,2,20,0.7,0.11005,158
556501,41.4905773,-91.7033312,205.9001,2,20,0.7,0.11005,158
556737,41.4905768,-91.7033307,205.8905,2,18,0.7,0.11005,158
556859,41.4905768,-91.7033307,205.8905,2,18,0.7,0.11005,158
557006,41.4905767,-91.7033299,205.7605,2,17,0.8,0.41288,158
557144,41.4905767,-91.7033299,205.7605,2,17,0.8,0.41288,158
557585,41.4905804,-91.7033311,205.9670,2,20,0.7,0.43681,158
557724,41.4905804,-91.7033311,205.9670,2,20,0.7,0.43681,158
557990,41.4905799,-91.7033304,205.9512,2,16,0.9,0.46289,158
558108,41.4905799,-91.7033304,205.9512,2,16,0.9,0.46289,158
558352,41.4905801,-91.7033300,205.9929,2,21,0.7,0.46289,158
558455,41.4905801,-91.7033300,205.9929,2,21,0.7,0.46289,158
558608,41.4905797,-91.7033296,206.1346,2,21,0.7,0.61284,158
558715,41.4905797,-91.7033296,206.1346,2,21,0.7,0.61284,158
558969,41.4905796,-91.7033288,206.2131,2,21,0.7,0.61284,158
559090,41.4905796,-91.7033288,206.2131,2,21,0.7,0.61284,158
559357,41.4905793,-91.7033277,206.3492,2,21,0.7,0.54474,158
559596,41.4905781,-91.7033255,206.5625,2,21,0.7,0.62846,158
559822,41.4905781,-91.7033255,206.5625,2,21,0.7,0.62846,158
560156,41.4905777,-91.7033247,206.6469,2,21,0.7,0.62846,158
560207,41.4905777,-91.7033247,206.6469,2,21,0.7,0.62846,158
560385,41.4905772,-91.7033243,206.9134,2,21,0.7,0.55986,158
560487,41.4905772,-91.7033243,206.9134,2,21,0.7,0.55986,158
560586,41.4905773,-91.7033247,207.0686,2,20,0.7,0.55986,158
560685,41.4905773,-91.7033247,207.0686,2,20,0.7,0.55986,158
560789,41.4905774,-91.7033246,207.1075,2,20,0.7,0.55986,158
560892,41.4905774,-91.7033246,207.1075,2,20,0.7,0.55986,158
560993,41.4905775,-91.7033244,207.1461,2,20,0.7,0.55986,158
561114,41.4905775,-91.7033244,207.1461,2,20,0.7,0.55986,158
561375,41.4905775,-91.7033236,207.1356,2,21,0.7,0.55986,158
561542,41.4905775,-91.7033236,207.1356,2,21,0.7,0.55986,158
561796,41.4905777,-91.7033218,207.1277,2,21,0.7,0.57096,158
561909,41.4905777,-91.7033218,207.1277,2,21,0.7,0.57096,158
562181,41.4905780,-91.7033213,207.1113,2,21,0.7,0.57096,158
562477,41.4905780,-91.7033213,207.1113,2,21,0.7,0.57096,158
562972,41.4905780,-91.7033179,206.1851,2,21,0.7,0.48742,158
563089,41.4905780,-91.7033179,206.1851,2,21,0.7,0.48742,158
563336,41.4905780,-91.7033131,206.3116,2,21,0.7,0.33852,158
563557,41.4905780,-91.7033131,206.3116,2,21,0.7,0.80.044,158
563784,41.4905776,-91.7033124,206.0734,2,21,0.7,0.22211,158
563892,41.4905776,-91.7033124,206.0734,2,21,0.7,0.22211,158
564016,41.4905780,-91.7033127,205.9978,2,20,0.7,0.22211,158
564171,41.4905780,-91.7033127,205.9978,2,20,0.7,0.22211,158
564388,41.4905811,-91.7033102,206.2762,2,21,0.7,0.44657,158
564504,41.4905811,-91.7033102,206.2762,2,21,0.7,0.44657,158
564751,41.4905812,-91.7033101,206.3020,2,21,0.7,0.44657,158
564864,41.4905812,-91.7033101,206.3020,2,21,0.7,0.44657,158
565113,41.4905814,-91.7033102,206.3628,2,21,0.7,0.44657,158
565394,41.4905817,-91.7033102,206.3595,2,20,0.7,0.31761,158
565575,41.4905817,-91.7033102,206.3595,2,20,0.7,0.31761,158
566102,41.4905819,-91.7033099,206.3760,2,20,0.7,0.65105,158
566299,41.4905819,-91.7033099,206.3760,2,20,0.7,0.65105,158
566729,41.4905826,-91.7033092,205.7232,2,21,0.7,0.99994,158
566871,41.4905826,-91.7033092,205.7232,2,21,0.7,0.99994,158
567102,41.4905825,-91.7033082,205.4124,2,20,0.7,0.99994,158
567337,41.4905871,-91.7033082,205.4840,2,21,0.7,644.00,158
567451,41.4905871,-91.7033082,205.4840,2,21,0.7,644.00,158
567994,41.4905870,-91.7033089,205.5963,2,21,0.7,0.79648,158
568121,41.4905870,-91.7033089,205.5963,2,21,0.7,0.79648,158
568545,41.4905918,-91.7033133,206.0534,2,21,0.7,0.61854,158
568676,41.4905918,-91.7033133,206929,2,21,0.7,0.61854,158
568942,41.4905918,-91.7033130,206.0906,2,21,0.7,0.61854,158
569193,41.4905958,-91.7033183,206.5137,2,21,0.7,0.32831,158
569295,41.4905958,-91.7033183,206.5137,2,21,0.7,0.32831,158
569395,41.4905958,-91.7033186,206.5484,2,21,0.7,0.32831,158
569501,41.4905958,-91.7033186,206.5484,2,21,0.7,0.32831,158
569714,41.4905958,-91.7033186,206.5257,2,19,0.7,0.32831,158
569841,41.4905958,-91.7033186,206.5257,2,19,0.7,0.32831,158
570182,41.4905959,-91.7033185,206.4720,2,19,0.7,0.08645,158
570335,41.4905959,-91.7033185,206.4720,2,19,0.7,0.08645,158
570673,41.4905955,-91.7033224,206.4514,2,21,0.7,0.06294,158
570772,41.4905955,-91.7033224,206.4514,2,21,0.7,0.06294,158
570920,41.4905955,-91.7033224,206.4514,2,21,0.7,0.06294,158
570997,41.4905953,-91.7033223,206.3236,2,21,0.7,0.06294,158
571140,41.4905953,-91.7033223,206.3236,2,21,0.7,0.06294,158
571389,41.4905953,-91.7033220,206.1827,2,20,0.7,0.15060,158
571534,41.4905953,-91.7033220,206.1827,2,20,0.7,0.15060,158
571791,41.4905954,-91.7033213,206.0538,2,19,0.7,0.17018,158
571939,41.4905954,-91.7033213,206.0538,2,19,0.7,0.17018,158
572278,41.4905954,-91.7033210,205.9978,2,21,0.7,0.15336,158
572396,41.4905954,-91.7033210,205.9978,2,21,0.7,0.15336,158
572794,41.4905955,-91.7033214,206.1648,2,21,0.7,0.14415,158
573022,41.4905955,-91.7033214,206.1648,2,21,0.7,0.14415,158
573298,41.4905955,-91.7033215,206.2019,2,21,0.7,0.14415,158
573390,41.4905955,-91.7033215,206.2019,2,21,0.7,0.14415,158
573783,41.4905955,-91.7033211,206.0444,2,21,0.7,0.37506,158
573915,41.4905955,-91.7033211,206.0444,2,21,0.7,0.37506,158
574330,41.4905953,-91.7033211,205.9030,2,21,0.7,0.39680,158
574493,41.4905953,-91.7033211,205.9030,2,21,0.7,0.39680,158
574792,41.4905955,-91.7033207,205.8053,2,21,0.7,0.39680,158
574994,41.4905952,-91.7033208,205.6563,2,18,0.7,0.45970,158
575115,41.4905952,-91.7033208,205.6563,2,18,0.7,0.45970,158
575356,41.4905943,-91.7033201,206.2359,2,05,2.3,0.45970,158
575527,41.4905943,-91.7033201,206.2359,2,05,2.3,0.45970,158
575693,41.4905943,-91.7033201,206.2345,2,05,2.3,0.31242,158
575795,41.4905943,-91.7033201,206.2331,2,05,2.3,0.24447,158
575955,41.4905943,-91.7033201,206.2331,2,05,2.3,0.24447,158
576198,41.4905943,-91.7033200,206.2462,2,06,2.1,0.24574,158
576477,41.4905943,-91.7033200,206.2462,2,06,2.1,0.24574,158
576736,41.4905942,-91.7033200,15.990,29,93.,6.717,0.26902,158
576836,41.4905943,-91.7033202,206.2234,2,05,2.3,0.26902,158
576988,41.4905943,-91.7033202,206.2234,2,05,2.3,0.23632,158
577184,41.4905943,-91.7033202,206.2256,2,21,0.7,0.16125,158
577335,41.4905943,-91.7033202,206..18745,2,21,0.7,0.16125,158
577510,41.4905941,-91.7033205,206.2930,2,21,0.7,0.16125,158
577590,41.4905941,-91.7033205,206.42.1992,2,21,0.7,0.16125,158
577899,41.4905940,-91.7033209,206.2512,2,21,0.7,0.11704,158
577984,41.4905940,-91.7033209,206.42.1992,2,21,0.7,0.11704,158
578209,41.4905937,-91.7033192,206.7314,2,06,1.5,0.12006,158
578368,41.4905937,-91.7033192,206.7314,2,06,1.5,0.12006,158
578635,41.4905936,-91.7033193,206.7139,2,06,1.5,0.07914,158
578709,41.4905936,-91.7033193,206.7167,2,06,1.5,0,158
578911,41.4905937,-91.7033193,206.7227,2,06,1.6,0.08979,158
579009,41.4905937,-91.7033193,206.7227,2,06,1.6,0.08979,158
579374,41.4905936,-91.7033191,206.7364,2,06,1.6,0.08979,158
579516,41.4905936,-91.7033192,206.7477,2,07,1.4,0.09964,158
579584,41.4905936,-91.7033192,206.2,2,07,1.4,0.09964,158
579828,41.4905937,-91.7033190,206.7709,2,07,1.4,0.09964,158
579977,41.4905937,-91.7033190,206.7709,2,07,1.4,0.09964,158
580173,41.4905937,-91.7033190,206.7709,2,07,1.4,0.03030,158
580372,41.4905936,-91.7033191,206.7862,2,06,2.5,0.03030,158
580525,41.4905936,-91.7033191,206.7862,2,06,2.5,0.03030,158
580773,41.4905936,-91.7033191,206.7862,2,06,2.5,0.03030,158
580962,41.4905936,-91.7033191,206.7862,2,06,2.5,0.03030,158
581177,41.4905936,-91.7033191,206.7862,2,06,2.5,0.11142,158
581388,41.4905936,-91.7033191,206.7862,2,06,2.5,0.10294,158
581586,41.4905953,-91.7033204,206.8866,2,05,2.0,0.09401,158
581743,41.4905953,-91.7033204,206.32.9430,2,05,2.0,0.09401,158
582386,41.4905959,-91.7033200,206.9090,2,06,1.4,0.02520,158
582559,41.4905959,-91.7033200,206.9090,2,06,1.4,0.02520,158
583017,41.4905958,-91.7033200,206.9262,2,05,1.5,0.20132,158
583129,41.4905959,-91.7033199,206.9190,2,05,1.5,0.26420,158
583282,41.4905959,-91.7033199,206$GNRMC,2,05,1.5,0.26420,158
583431,41.4905952,-91.7033198,206.8788,2,06,1.4,0.26420,158
583567,41.4905952,-91.7033198,206.8788,2,06,1.4,0.26420,158
583756,41.4905952,-91.7033198,206.8788,2,06,1.4,0.08941,158
584047,41.4905952,-91.7033198,206.8929,2,05,2.6,0.26958,158
584116,41.4905952,-91.7033198,206.8929,2,05,2.6,0.26958,158
584384,41.4905954,-91.7033215,206.8823,2,05,2.6,0.26958,158
584544,41.4905954,-91.7033215,206.8823,2,05,2.6,0.26958,158
584688,41.4905953,-91.7033223,206.8687,2,22,0.6,0.21892,158
584794,41.4905952,-91.7033226,206.8720,2,22,0.6,0.42639,158
584904,41.4905952,-91.7033226,206.8720,2,22,0.6,0.42639,158
585001,41.4905948,-91.7033235,206.8712,2,22,0.6,0.42639,158
585126,41.4905948,-91.7033235,206.8712,2,22,0.6,0.42639,158
585391,41.4905958,-91.7033248,206.7968,2,22,0.6,0.42639,158
585676,41.4905958,-91.7033248,206.7968,2,22,0.6,0.42639,158
585892,41.4905968,-91.7033266,206.6286,2,22,0.6,0.53691,158
586100,41.4905969,-91.7033269,206.5986,2,21,0.7,0.50466,158
586204,41.4905969,-91.7033269,206.5986,2,21,0.7,0.50466,158
586538,41.4905951,-91.7033276,09142.19964,2,213,N,0.50466,158
586663,41.4905951,-91.7033276,09142.19964,2,213,N,0.55226,158
586787,41.4905955,-91.7033275,206.6880,2,21,0.7,0.28825,158
586894,41.4905955,-91.7033275,206.6880,2,21,0.7,0.28825,158
587010,41.4905958,-91.7033273,206.6198,2,21,0.7,0.28825,158
587145,41.4905958,-91.7033273,206.6198,2,21,0.7,0.28825,158
587392,41.4905950,-91.7033297,206.7190,2,22,0.6,0.28825,158
587505,41.4905950,-91.7033297,206.7190,2,22,0.6,0.28825,158
587597,41.4905950,-91.7033299,206.7221,2,22,0.6,0.28825,158
587714,41.4905950,-91.7033299,206.7221,2,22,0.6,0.28825,158
587985,41.4905950,-91.7033302,206.7465,2,21,0.7,0.28825,158
588130,41.4905950,-91.7033302,206.7465,2,21,0.7,0.28825,158
588473,41.4905950,-91.7033302,206.7465,2,21,0.7,0.51878,158
588674,41.4905950,-91.7033305,206.7928,2,22,0.6,0.32812,158
588747,41.4905950,-91.7033305,206.,2,22,0.6,0.32812,158
588967,41.4905951,-91.7033303,206.7759,2,22,0.6,0.32812,158
589094,41.4905953,-91.7033300,206.7564,2,22,0.6,0.25594,158
589183,41.4905952,-91.7033301,206.7924,2,22,0.6,0.17572,158
589293,41.4905952,-91.7033301,206.7924,2,22,0.6,0.17572,158
589388,41.4905954,-91.7033302,206.8668,2,22,0.6,0.17572,158
589501,41.4905954,-91.7033302,206.8668,2,22,0.6,0.17572,158
589769,41.4905959,-91.7033301,206.9372,2,22,0.6,0.17572,158
589902,41.4905959,-91.7033301,206.9372,2,22,0.6,0.17572,158
590053,41.4905959,-91.7033305,207.0709,2,22,0.6,0.23067,158
590196,41.4905960,-91.7033307,207.1381,2,22,0.6,0.16260,158
590315,41.4905960,-91.7033307,207.1381,2,22,0.6,0.16260,158
590411,41.4905960,-91.7033307,207.1668,2,22,0.6,0.16260,158
590536,41.4905960,-91.7033307,207.1668,2,22,0.6,0.16260,158
591057,41.4905960,-91.7033307,207.1668,2,22,0.6,0.16260,158
591351,41.4905960,-91.7033307,207.1668,2,22,0.6,0.09711,158
591583,41.4905958,-91.7033306,207.1011,2,22,0.6,0.19751,158
591696,41.4905958,-91.7033306,207.1011,2,22,0.6,0.19751,158
591789,41.4905960,-91.7033310,207.1028,2,22,0.6,0.19751,158
591902,41.4905960,-91.7033310,207.1028,2,22,0.6,0.19751,158
592058,41.4905959,-91.7033306,207.1161,2,22,0.6,0.19751,158
592178,41.4905959,-91.7033306,207.1161,2,22,0.6,0.19751,158
592743,41.4905959,-91.7033301,207.0334,2,22,0.6,0.14706,158
592919,41.4905959,-91.7033301,207.0334,2,22,0.6,0.14706,158
593092,41.4905958,-91.7033307,207.0773,2,05,3.1,0.03459,158
593272,41.4905958,-91.7033307,207.0762,2,05,3.1,0.01232,158
593446,41.4905958,-91.7033307,207.0762,2,05,3.1,0.01232,158
593551,41.4905960,-91.7033305,207.0880,2,05,3.1,0.01232,158
593797,41.4905959,-91.7033304,207.0634,2,22,0.6,0.03765,158
593925,41.4905959,-91.7033304,207.0634,2,22,0.6,0.03765,158
594482,41.4905960,-91.7033305,207.1020,2,22,0.6,0.03765,158
594703,41.4905960,-91.7033307,207.1329,2,22,0.6,0.02862,158
594776,41.4905960,-91.7033307,2070,2,22,0.6,0.02862,158
595070,41.4905960,-91.7033304,207.1043,2,22,0.6,0.02862,158
595226,41.4905960,-91.7033304,20709142.19,2,22,0.6,0.02862,158
595297,41.4905961,-91.7033305,207.1352,2,05,3.1,0.05156,158
595399,41.4905961,-91.7033303,207.1215,2,22,0.6,0.07497,158
595497,41.4905961,-91.7033303,207.1215,2,22,0.6,0.07497,158
595611,41.4905960,-91.7033303,207.0502,2,22,0.6,0.07497,158
595712,41.4905960,-91.7033303,207.0502,2,22,0.6,0.07497,158
595798,41.4905960,-91.7033304,207.0445,2,22,0.6,0.07497,158
595901,41.4905960,-91.7033304,207.0445,2,22,0.6,0.07497,158
595998,41.4905960,-91.7033302,207.0824,2,22,0.6,0.07497,158
596118,41.4905960,-91.7033302,207.0824,2,22,0.6,0.07497,158
596389,41.4905950,-91.7033343,206.8157,2,22,0.6,0.07497,158
596557,41.4905950,-91.7033343,206.8157,2,22,0.6,0.07497,158
596821,41.4905951,-91.7033338,206.7523,2,22,0.6,0.09961,158
596985,41.4905951,-91.7033340,206.7919,2,22,0.6,0.10488,158
597096,41.4905951,-91.7033340,206.7919,2,22,0.6,0.10488,158
597360,41.4905951,-91.7033323,206.7964,2,22,0.6,0.10488,158
597587,41.4905952,-91.7033322,206.7703,2,22,0.6,0.05361,158
597690,41.4905952,-91.7033322,206.7703,2,22,0.6,0.05361,158
597789,41.4905950,-91.7033323,206.7271,2,22,0.6,0.05361,158
597894,41.4905950,-91.7033323,206.7271,2,22,0.6,0.05361,158
597994,41.4905951,-91.7033323,206.7514,2,22,0.6,0.05361,158
598117,41.4905951,-91.7033323,206.7514,2,22,0.6,0.05361,158
598379,41.4905952,-91.7033326,206.7489,2,21,0.7,0.05361,158
598542,41.4905952,-91.7033326,206.7489,2,21,0.7,0.05361,158
598750,41.4905952,-91.7033326,206.7489,2,21,0.7,0.01583,158
598862,41.4905951,-91.7033325,206.6834,2,22,0.6,0.01583,158
599005,41.4905951,-91.7033324,206.6738,2,21,0.7,0.02335,158
599177,41.4905951,-91.7033324,206.6738,2,21,0.7,0.02335,158
599514,41.4905955,-91.7033353,206.8627,2,22,0.6,0.04698,158
599642,41.4905955,-91.7033353,206.8627,2,22,0.6,0.04698,158
599976,41.4905955,-91.7033351,206.8747,2,22,0.6,0.03285,158
600116,41.4905955,-91.7033351,206.8747,2,22,0.6,0.03285,158
600378,41.4905956,-91.7033349,206.8710,2,22,0.6,0.01398,158
600563,41.4905956,-91.7033349,206.8710,2,22,0.6,028,158
600789,41.4905955,-91.7033352,206.9030,2,22,0.6,0.02533,158
600897,41.4905955,-91.7033352,206.9030,2,22,0.6,0.02533,158
600994,41.4905956,-91.7033350,206.8943,2,22,0.6,0.02533,158
601118,41.4905956,-91.7033350,206.8943,2,22,0.6,0.02533,158
601389,41.4905956,-91.7033353,206.8837,2,22,0.6,0.02533,158
601561,41.4905956,-91.7033353,206.8837,2,22,0.6,0.02533,158
601712,41.4905956,-91.7033351,206.9063,2,22,0.6,0.04233,158
601980,41.4905955,-91.7033351,206.8622,2,22,0.6,0.03955,158
602132,41.4905955,-91.7033351,206.8622,2,22,0.6,0.03955,158
602589,41.4905956,-91.7033357,206.9283,2,22,0.6,0.05719,158
602884,41.4905956,-91.7033357,206.9283,2,22,0.6,0.05719,158
603182,41.4905955,-91.7033355,206.8502,2,05,3.1,0.07098,158
603337,41.4905955,-91.7033355,206.8502,2,05,3.1,0.07098,158
603582,41.4905954,-91.7033357,206.8863,2,05,3.1,0.04490,158
603734,41.4905954,-91.7033357,206.8863,2,05,3.1,0.04490,158
603881,41.4905953,-91.7033357,206.8297,2,05,3.1,0.04790,158
603995,41.4905952,-91.7033358,206.8274,2,05,3.1,0.06200,158
604121,41.4905952,-91.7033358,206.8274,2,05,3.1,0.06200,158
604328,41.4905952,-91.7033358,206.8274,2,05,3.1,0.06200,158
604541,41.4905952,-91.7033356,206.8161,2,05,3.1,0.06200,158
604785,41.4905953,-91.7033355,206.8044,2,05,3.1,0.06200,158
605178,41.4905952,-91.7033358,206.8043,2,05,3.1,0.04492,158
605299,41.4905952,-91.7033358,206.8043,2,05,3.1,0.04492,158
605464,41.4905951,-91.7033358,206.7544,2,05,3.1,0.04213,158
605595,41.4905952,-91.7033357,206.7567,2,05,3.1,0.04311,158
605764,41.4905952,-91.7033357,206.7567,2,05,3.1,0.04311,158
606013,41.4905954,-91.7033355,206.8330,2,05,3.1,0.03372,158
606242,41.4905954,-91.7033354,206.8079,2,05,3.1,0.03573,158
606353,41.4905954,-91.7033354,206,2,05,3.1,0.03573,158
606583,41.4905966,-91.7033415,206.8096,2,05,3.1,0.01633,158
606743,41.4905966,-91.7033415,206.8096,2,05,3.1,0.01633,158
606883,41.4905968,-91.7033414,206.8048,2,05,3.1,0.01385,158
607011,41.4905968,-91.7033413,206.8473,2,05,3.1,0.02411,158
607178,41.4905968,-91.7033413,206.8473,2,05,3.1,0.02411,158
607431,41.4905973,-91.7033428,206.7715,2,05,3.1,0.05479,158
607535,41.4905973,-91.7033428,206.7715,2,05,3.1,0.05479,158
607741,41.4905974,-91.7033429,206.8326,2,05,3.1,0.05479,158
607999,41.4905972,-91.7033427,206.7625,2,05,3.1,0.04922,158
608151,41.4905972,-91.7033427,206.7625,2,05,3.1,0.04922,158
608311,41.4905975,-91.7033430,206.8177,2,05,3.1,0.04672,158
608512,41.4905975,-91.7033432,206.8414,2,05,3.1,0.05641,158
608681,41.4905975,-91.7033432,206.8414,2,05,3.1,0.05641,158
608898,41.4905975,-91.7033431,206.8266,2,05,3.1,0.05641,158
609164,41.4905975,-91.7033430,206.8463,2,05,3.1,6.0934,158
609271,41.4905975,-91.7033430,206.84T,2,05,3.1,6.0934,158
609483,41.4905977,-91.7033436,206.8655,2,05,3.1,0.936,158
609585,41.4905977,-91.7033436,206.8436,2,05,3.1,0.03198,158
609727,41.4905977,-91.7033436,206.8436,2,05,3.1,0.03198,158
609897,41.4905977,-91.7033436,206.8436,2,05,3.1,40.233,158
609951,41.4905977,-91.7033436,206.8466,2,05,3.1,40.233,158
610104,41.4905979,-91.7033441,206.8521,2,05,3.1,0.02886,158
610243,41.4905979,-91.7033440,206.8414,2,05,3.1,0.07637,158
610392,41.4905979,-91.7033440,206.8414,2,05,3.1,0.07637,158
610795,41.4905978,-91.7033437,206.7788,2,22,0.6,0.03206,158
610905,41.4905978,-91.7033437,206.7788,2,22,0.6,0.03206,158
611028,41.4905979,-91.7033434,206.7372,2,22,0.6,0.03206,158
611185,41.4905979,-91.7033434,206.7372,2,22,0.6,0.03206,158
611304,41.4905978,-91.7033455,206.7879,2,05,2.9,0.08535,158
611515,41.4905978,-91.7033455,206.7759,2,05,2.9,0.04355,158
611643,41.4905978,-91.7033455,206.7759,2,05,2.9,0.04355,158
611893,41.4905978,-91.7033455,206.7759,2,05,2.9,0.09474,158
611949,41.4905980,-91.7033456,206.8312,2,05,2.9,0.09474,158
612195,41.4905978,-91.7033453,206.8283,2,06,1.6,0.04320,158
612349,41.4905978,-91.7033453,206.8283,2,06,1.6,0.04320,158
612502,41.4905978,-91.7033455,206.7999,2,06,1.6,0.17403,158
612714,41.4905978,-91.7033455,206.8105,2,06,1.6,0.04883,158
612880,41.4905978,-91.7033455,206.8105,2,06,1.6,0.04883,158
613194,41.4905978,-91.7033454,206.8127,2,06,1.6,0.04883,158
613579,41.4905982,-91.7033456,206.7605,2,05,4.1,0.17850,158
613733,41.4905982,-91.7033456,206.7605,2,05,4.1,0.17850,158
614002,41.4905983,-91.7033455,206.7336,2,05,4.1,0.14537,158
614142,41.4905983,-91.7033455,206.7336,2,05,4.1,0.14537,158
614357,41.4905983,-91.7033455,206.7336,2,05,4.1,0.14537,158
614597,41.4905987,-91.7033456,206.7947,2,06,2.5,0.05272,158
614869,41.4905987,-91.7033456,206.7947,2,06,2.5,0.05272,158
615081,41.4905992,-91.7033457,206.7671,2,05,5.3,0.08195,158
615185,41.4905993,-91.7033455,206.7557,2,05,5.3,0.19468,158
615331,41.4905993,-91.7033455,206.7557,2,05,5.3,0.19468,158
615588,41.4905995,-91.7033451,206.7440,2,22,0.6,0.14188,158
615694,41.4905995,-91.7033451,206.7440,2,22,0.6,0.14188,158
615792,41.4905997,-91.7033449,206.7396,2,22,0.6,0.14188,158
615903,41.4905997,-91.7033449,206.7396,2,22,0.6,0.14188,158
616077,41.4905995,-91.7033452,206.6889,2,22,0.6,0.14188,158
616246,41.4905995,-91.7033452,206.6889,2,22,0.6,0.14188,158
616514,41.4905997,-91.7033448,206.7155,2,22,0.6,0.14188,158
616783,41.4905996,-91.7033453,206.7646,2,22,0.6,520,158
616955,41.4905996,-91.7033453,206.7646,2,22,0.6,520,158
617379,41.4905997,-91.7033457,206.8470,2,22,0.6,0.03609,158
617557,41.4905997,-91.7033457,206.8470,2,22,0.6,0.03609,158
617713,41.4905997,-91.7033453,206.9156,2,22,0.6,0.03857,158
618101,41.4905997,-91.7033453,206.9404,2,22,0.6,0.06202,158
618302,41.4905997,-91.7033453,206.9404,2,22,0.6,0.06202,158
618765,41.4905997,-91.7033452,206.9497,2,22,0.6,0.29988,158
618894,41.4905997,-91.7033452,206.9497,2,22,0.6,0.29988,158
619079,41.4905999,-91.7033453,206.9701,2,22,0.6,0.20896,158
619161,41.4905996,-91.7033454,207.0056,2,22,0.6,5.85,158
619391,41.4905992,-91.7033458,206.9974,2,21,0.7,0.15269,158
619505,41.4905992,-91.7033458,206.9974,2,21,0.7,0.15269,158
619773,41.4905990,-91.7033458,207.0781,2,21,0.7,0.15269,158
619897,41.4905990,-91.7033458,207.0781,2,21,0.7,0.15269,158
620079,41.4905991,-91.7033465,207.2129,2,21,0.7,0.10527,158
620163,41.4906052,-91.7033460,207.2034,2,22,0.6,0.23,158
620397,41.4906056,-91.7033463,207.3786,2,22,0.6,0.13457,158
620586,41.4906056,-91.7033463,207.3786,2,22,0.6,0.13457,158
620800,41.4906058,-91.7033460,207.5761,2,22,0.6,0.24824,158
620905,41.4906058,-91.7033460,207.5761,2,22,0.6,0.24824,158
621119,41.4906058,-91.7033458,207.6647,2,22,0.6,0.24824,158
621286,41.4906058,-91.7033458,207.6647,2,22,0.6,0.24824,158
621385,41.4906108,-91.7033458,207.2180,2,22,0.6,0.24824,158
621520,41.4906108,-91.7033458,207.2180,2,22,0.6,0.24824,158
621787,41.4906106,-91.7033457,207.3399,2,21,0.7,0.04991,158
621924,41.4906106,-91.7033457,207.3399,2,21,0.7,0.04991,158
622087,41.4906107,-91.7033456,207.3485,2,22,0.6,0.13763,158
622213,41.4906106,-91.7033456,207.3754,2,22,0.6,0.10192,158
622311,41.4906106,-91.7033456,207.3754,2,22,0.6,0.10192,158
622570,41.4906108,-91.7033452,207.4140,2,22,0.6,0.10192,158
622693,41.4906108,-91.7033452,207.4140,2,22,0.6,0.10192,158
622948,41.4906109,-91.7033447,207.4011,2,22,0.6,0.06120,158
623138,41.4906111,-91.7033442,207.3429,2,21,0.7,138,158
623376,41.4906108,-91.7033414,207.1190,2,22,0.6,138,158
623546,41.4906108,-91.7033414,2074.008,2,22,0.6,138,158
623721,41.4906110,-91.7033409,207.0974,2,21,0.7,138,158
623917,41.4906112,-91.7033408,207.0890,2,21,0.7,0.06797,158
624082,41.4906112,-91.7033408,207.0890,2,21,0.7,0.06797,158
624375,41.4906111,-91.7033392,207.0867,2,21,0.7,0.06797,158
624535,41.4906111,-91.7033392,207.0867,2,21,0.7,0.06797,158
624785,41.4906112,-91.7033393,207.1664,2,17,0.7,0.07181,158
624925,41.4906112,-91.7033393,207.1664,2,17,0.7,0.07181,158
625191,41.4906111,-91.7033375,207.1626,2,21,0.7,0.10306,158
625335,41.4906111,-91.7033375,207.1626,2,21,0.7,0.10306,158
625592,41.4906112,-91.7033375,207.3232,2,21,0.7,0.30142,158
625739,41.4906112,-91.7033375,207.3232,2,21,0.7,0.30142,158
625908,41.4906109,-91.7033378,207.3953,2,20,0.7,0.23041,158
626000,41.4906108,-91.7033381,207.4214,2,20,0.7,0.23883,158
626122,41.4906108,-91.7033381,207.4214,2,20,0.7,0.23883,158
626388,41.4906113,-91.7033382,207.4449,2,21,0.7,0.23883,158
626557,41.4906113,-91.7033382,207.4449,2,21,0.7,0.23883,158
626696,41.4906125,-91.7033377,207.4725,2,18,0.8,0.29495,158
626915,41.4906127,-91.7033377,207.4564,2,18,0.8,0.38653,158
627092,41.4906127,-91.7033377,207.4564,2,18,0.8,0.38653,158
627333,41.4906140,-91.7033376,206.9646,2,21,0.7,7.010,158
627493,41.4906140,-91.7033376,206.9646,2,21,0.7,7.010,158
627905,41.4906167,-91.7033384,206.5424,2,21,0.7,7.010,158
628035,41.4906169,-91.7033389,206.4971,2,17,0.8,0.62010,158
628187,41.4906169,-91.7033389,206.4971,2,17,0.8,0.62010,158
628509,41.4906180,-91.7033391,206.2335,2,22,0.6,0.61187,158
628678,41.4906180,-91.7033391,206.2335,2,22,0.6,0.61187,158
628888,41.4906194,-91.7033401,206.0113,2,22,0.6,0.61187,158
629016,41.4906194,-91.7033401,206.0113,2,22,0.6,0.61187,158
629213,41.4906202,-91.7033407,205.9503,2,22,0.6,0.61187,158
629412,41.4906213,-91.7033403,205.8543,2,22,0.6,0.65145,158
629573,41.4906213,-91.7033403,205.8543,2,22,0.6,0.65145,158
629882,41.4906209,-91.7033385,205.9948,2,22,0.6,0.51325,158
630020,41.4906209,-91.7033385,205.9948,2,22,0.6,0.51325,158
630430,41.4906203,-91.7033375,206.1461,2,22,0.6,0.51325,158
630744,41.4906205,-91.7033372,206.1644,2,22,0.6,0.19658,158
630991,41.4906201,-91.7033354,206.3369,2,22,0.6,0.08734,158
631109,41.4906201,-91.7033354,206.3369,2,22,0.6,0.08734,158
631377,41.4906215,-91.7033344,206.8720,2,22,0.6,0.08734,158
631542,41.4906215,-91.7033344,206.8720,2,22,0.6,0.08734,158
631693,41.4906193,-91.7033346,207.1290,2,21,0.7,0.13444,158
631876,41.4906187,-91.7033346,207.2285,2,21,0.7,0.14387,158
632000,41.4906187,-91.7033346,207.2285,2,21,0.7,0.14387,158
632170,41.4906187,-91.7033346,207.2285,2,21,0.7,0.14387,158
632376,41.4906175,-91.7033347,207.3853,2,22,0.6,0.14387,158
632550,41.4906175,-91.7033347,207.27.112,2,22,0.6,0.14387,158
632797,41.4906176,-91.7033333,207.5287,2,22,0.6,0.06721,158
632920,41.4906176,-91.7033333,207.5287,2,22,0.6,0.06721,158
633166,41.4906178,-91.7033326,207.4832,2,22,0.6,0.06721,158
633347,41.4906178,-91.7033326,207.4832,2,22,0.6,0.06721,158
633614,41.4906179,-91.7033331,207.4692,2,22,0.6,0.1169.19,158
633773,41.4906179,-91.7033329,207.4643,2,22,0.6,0.16498,158
633878,41.4906179,-91.7033329,207$GNRMC,2,22,0.6,0.16498,158
633968,41.4906180,-91.7033329,207.4134,2,22,0.6,0.16498,158
634164,41.4906180,-91.7033329,207$GNGGA,2,22,0.6,0.16498,158
634388,41.4906230,-91.7033357,207.3115,2,21,0.7,0.19523,158
634527,41.4906230,-91.7033357,207.3115,2,21,0.7,0.19523,158
634790,41.4906236,-91.7033353,207.2597,2,19,0.7,0.24162,158
634930,41.4906236,-91.7033353,207.2597,2,19,0.7,0.24162,158
635091,41.4906229,-91.7033398,207.0363,2,22,0.6,0.30894,158
635197,41.4906229,-91.7033398,207.0342,2,22,0.6,0.33746,158
635300,41.4906229,-91.7033398,207.0342,2,22,0.6,0.33746,158
635399,41.4906229,-91.7033400,207.0303,2,21,0.7,0.33746,158
635502,41.4906229,-91.7033400,207.0303,2,21,0.7,0.33746,158
635599,41.4906227,-91.7033407,207.0255,2,21,0.7,0.33746,158
635705,41.4906227,-91.7033407,207.0255,2,21,0.7,0.33746,158
635948,41.4906224,-91.7033413,207.0313,2,21,0.7,0.33746,158
636072,41.4906224,-91.7033413,207.0313,2,21,0.7,0.33746,158
636265,41.4906251,-91.7033406,206.9769,2,22,0.6,0.33746,158
636386,41.4906251,-91.7033400,207.0158,2,21,0.7,0.32265,158
636525,41.4906251,-91.7033400,207.0158,2,21,0.7,0.32265,158
636788,41.4906255,-91.7033384,207.0362,2,20,0.7,0.25085,158
636916,41.4906255,-91.7033384,207.0362,2,20,0.7,0.25085,158
637085,41.4906267,-91.7033414,206.9848,2,22,0.6,0.22615,158
637192,41.4906269,-91.7033414,206.9578,2,22,0.6,0.13552,158
637346,41.4906269,-91.7033414,206.9578,2,22,0.6,0.13552,158
637509,41.4906267,-91.7033417,206.9536,2,22,0.6,0.14043,158
637593,41.4906266,-91.7033420,206.9635,2,20,0.7,0.15414,158
637746,41.4906266,-91.7033420,206.9635,2,20,0.7,0.15414,158
637909,41.4906264,-91.7033427,206.9612,2,20,0.7,0.16620,158
638002,41.4906264,-91.7033429,206.9528,2,20,0.7,0.25492,158
638161,41.4906264,-91.7033429,206.9528,2,20,0.7,0.25492,158
638414,41.4906278,-91.7033411,206.9557,2,22,0.6,0.26459,158
638538,41.4906279,-91.7033409,206.9359,2,22,0.6,0.26404,158
638757,41.4906279,-91.7033409,206.$GNRMC,2,22,0.6,0.26404,158
638846,41.4906279,-91.7033409,206.$GNRMC,2,22,0.6,0.26404,158
639018,41.4906279,-91.7033406,206.9518,2,21,0.7,0.26404,158
639347,41.4906279,-91.7033406,206.9518,2,21,0.7,0.20320,158
639591,41.4906286,-91.7033408,206.9615,2,22,0.6,3A,158
639698,41.4906286,-91.7033408,206.9615,2,22,0.6,3A,158
639795,41.4906287,-91.7033411,206.9349,2,22,0.6,3A,158
639905,41.4906287,-91.7033411,206.9349,2,22,0.6,3A,158
640063,41.4906287,-91.7033413,206.9274,2,19,0.7,3A,158
640183,41.4906287,-91.7033413,206.9274,2,19,0.7,3A,158
640394,41.4906291,-91.7033397,206.9970,2,05,2.9,3A,158
640554,41.4906291,-91.7033397,206.9970,2,05,2.9,3A,158
640692,41.4906291,-91.7033401,207.0107,2,05,2.9,0.08431,158
640799,41.4906292,-91.7033397,207.0044,2,05,2.9,0.14255,158
641086,41.4906292,-91.7033397,207.0044,2,05,2.9,0.14255,158
641387,41.4906282,-91.7033397,207.0159,2,22,0.6,0.21083,158
641494,41.4906282,-91.7033397,207.0159,2,22,0.6,0.21083,158
641697,41.4906281,-91.7033402,206.9907,2,22,0.6,0.21083,158
641807,41.4906281,-91.7033402,206.9907,2,22,0.6,0.21083,158
642087,41.4906280,-91.7033395,207.1483,2,06,2.6,0.31249,158
642187,41.4906279,-91.7033394,207.1396,2,06,2.6,0.29660,158
642349,41.4906279,-91.7033394,207.1396,2,06,2.6,0.29660,158
642499,41.4906279,-91.7033399,207.1652,2,05,2.8,0.26175,158
642593,41.4906280,-91.7033397,207.1534,2,05,2.8,0.29715,158
642759,41.4906280,-91.7033397,207.1534,2,05,2.8,0.29715,158
642891,41.4906279,-91.7033397,207.1492,2,05,2.8,0.28964,158
643002,41.4906280,-91.7033397,207.1378,2,05,2.8,0.29048,158
643170,41.4906280,-91.7033397,207.1378,2,05,2.8,0.29048,158
643397,41.4906267,-91.7033404,207.2134,2,06,2.4,0.31132,158
643564,41.4906267,-91.7033404,207.2134,2,06,2.4,0.31132,158
643812,41.4906267,-91.7033404,207.2143,2,06,2.4,0.26449,158
644073,41.4906267,-91.7033403,207.2147,2,06,2.4,0.26492,158
644240,41.4906267,-91.7033403,207238,2,06,2.4,0.26492,158
644374,41.4906267,-91.7033403,207238,2,06,2.4,0.26492,158
644541,41.4906267,-91.7033403,207238,2,06,2.4,0.26492,158
644786,41.4906245,-91.7033413,207.3706,2,05,2.9,0.19407,158
644977,41.4906245,-91.7033413,207.3706,2,05,2.9,0.19407,158
645086,41.4906227,-91.7033407,207.4260,2,06,2.4,0.26035,158
645189,41.4906228,-91.7033406,207.4252,2,06,2.4,0.15910,158
645334,41.4906228,-91.7033406,207.4252,2,06,2.4,0.15910,158
645492,41.4906227,-91.7033408,207.4344,2,06,2.4,0.15574,158
645661,41.4906228,-91.7033405,207.4175,2,06,2.4,0.17033,158
645816,41.4906228,-91.7033405,207.4175,2,06,2.4,0.17033,158
645901,41.4906227,-91.7033407,207.4120,2,22,0.6,0.13293,158
646004,41.4906227,-91.7033405,207.4164,2,22,0.6,0.11455,158
646158,41.4906227,-91.7033405,207.4164,2,22,0.6,0.11455,158
646415,41.4906226,-91.7033401,207.4914,2,05,2.9,0.11878,158
646535,41.4906226,-91.7033401,207.5160,2,05,2.9,0.03463,158
646671,41.4906226,-91.7033401,2070259,2,05,2.9,0.03463,158
646931,41.4906227,-91.7033400,207.4944,2,05,2.9,0.03463,158
647077,41.4906226,-91.7033399,207.4879,2,05,2.9,0.03463,158
647299,41.4906230,-91.7033394,207.5815,2,05,2.9,0.06372,158
647490,41.4906230,-91.7033393,207.5766,2,05,2.9,0.08713,158
647571,41.4906230,-91.7033393,207.5766,2,05,2.9,0.08713,158
647883,41.4906229,-91.7033393,207.5882,2,05,2.9,0.09492,158
648043,41.4906229,-91.7033393,207.5882,2,05,2.9,0.09492,158
648141,41.4906231,-91.7033391,207.5771,2,05,2.9,0.09492,158
648242,41.4906230,-91.7033391,207.5708,2,05,2.9,M,158
648539,41.4906230,-91.7033391,207.5634,2,05,2.9,0.08456,158
648674,41.4906230,-91.7033391,207.5634,2,05,2.9,0.08456,158
648971,41.4906229,-91.7033394,207.5797,2,05,2.9,0.08456,158
649170,41.4906228,-91.7033393,207.5812,2,05,2.9,0.B,158
649407,41.4906228,-91.7033393,207.5812,2,05,2.9,0.05657,158
649713,41.4906229,-91.7033394,207.6001,2,06,1.8,0.10523,158
649794,41.4906229,-91.7033394,207.6001,2,06,1.8,0.10523,158
649960,41.4906229,-91.7033394,207.6001,2,06,1.8,0.10523,158
650376,41.4906238,-91.7033392,207.6831,2,06,1.8,0.23748,158
650515,41.4906238,-91.7033392,207.6831,2,06,1.8,0.23748,158
650772,41.4906239,-91.7033392,207.6864,2,22,0.6,0.23126,158
650897,41.4906239,-91.7033392,207.6864,2,22,0.6,0.23126,158
651052,41.4906239,-91.7033393,207.6743,2,19,0.7,0.18474,158
651206,41.4906237,-91.7033398,207.6737,2,05,2.8,0.11886,158
651361,41.4906237,-91.7033398,207.6737,2,05,2.8,0.11886,158
651493,41.4906240,-91.7033391,207.6252,2,22,0.6,0.10416,158
651598,41.4906241,-91.7033391,207.6029,2,22,0.6,0.05274,158
651755,41.4906241,-91.7033391,207.6029,2,22,0.6,0.05274,158
652002,41.4906239,-91.7033392,207.6875,2,22,0.6,0.08627,158
652164,41.4906239,-91.7033392,207.6875,2,22,0.6,0.08627,158
652414,41.4906239,-91.7033392,207.6574,2,06,2.5,0.12868,158
652547,41.4906241,-91.7033391,207.6309,2,22,0.6,0.07731,158
652674,41.4906241,-91.7033391,207M,2,22,0.6,0.07731,158
652921,41.4906240,-91.7033392,207.6456,2,22,0.6,0.03152,158
653154,41.4906238,-91.7033393,207.6546,2,19,0.7,919,158
653327,41.4906238,-91.7033393,207.6546,2,19,0.7,919,158
653488,41.4906240,-91.7033391,207.6354,2,22,0.6,0.08275,158
653591,41.4906241,-91.7033390,207.6014,2,22,0.6,0.06186,158
653705,41.4906241,-91.7033390,207.6014,2,22,0.6,0.06186,158
653928,41.4906240,-91.7033392,207.6181,2,22,0.6,0.06186,158
654059,41.4906240,-91.7033392,207.6181,2,22,0.6,0.06186,158
654395,41.4906242,-91.7033393,207.6221,2,22,0.6,0.02884N,158
654520,41.4906242,-91.7033393,207.6221,2,22,0.6,0.02884N,158
654837,41.4906242,-91.7033390,207.6025,2,22,0.6,0.02884N,158
654966,41.4906242,-91.7033390,207.6025,2,22,0.6,0.02884N,158
655198,41.4906245,-91.7033388,207.6134,2,07,2.3,0.02884N,158
655481,41.4906245,-91.7033388,207.6134,2,07,2.3,0.02884N,158
655965,41.4906240,-91.7033396,207.6883,2,05,4.1,0.19267,158
656135,41.4906240,-91.7033396,207.6883,2,05,4.1,0.19267,158
656284,41.4906310,-91.7033415,207.7018,2,22,0.6,0.20085,158
656389,41.4906312,-91.7033414,207.6678,2,22,0.6,0.15985,158
656506,41.4906312,-91.7033414,207.6678,2,22,0.6,0.15985,158
656779,41.4906310,-91.7033413,207.6907,2,22,0.6,0.15985,158
656959,41.4906310,-91.7033413,207.6907,2,22,0.6,0.15985,158
657395,41.4906316,-91.7033432,207.6681,2,21,0.7,0.11227,158
657516,41.4906316,-91.7033432,207.6681,2,21,0.7,0.11227,158
657796,41.4906315,-91.7033437,207.6506,2,19,0.7,0.1196N,158
657896,41.4906315,-91.7033437,207.6506,2,19,0.7,0.1196N,158
658151,41.4906314,-91.7033440,207.6934,2,19,0.7,0.1196N,158
658319,41.4906314,-91.7033440,207.6934,2,19,0.7,0.1196N,158
658941,41.4906319,-91.7033464,09142.20080,2,437,N,0.2127N,158
659196,41.4906312,-91.7033478,207.6640,2,21,0.7,0.19957,158
659425,41.4906312,-91.7033478,207.6640,2,21,0.7,0.19957,158
659787,41.4906309,-91.7033479,207.6716,2,19,0.8,0.19957,158
660282,41.4906318,-91.7033466,207.6802,2,20,0.7,0.29370,158
660390,41.4906318,-91.7033466,207.6802,2,20,0.7,0.29370,158
660789,41.4906314,-91.7033477,207.5290,2,17,0.9,0.16322,158
660933,41.4906314,-91.7033477,207.5290,2,17,0.9,0.16322,158
661506,41.4906306,-91.7033495,207.3205,2,22,0.6,0.21997,158
661589,41.4906304,-91.7033498,207.2990,2,22,0.6,0.24591,158
661698,41.4906304,-91.7033498,207.2990,2,22,0.6,0.24591,158
661790,41.4906303,-91.7033504,207.2372,2,22,0.6,0.24591,158
661899,41.4906303,-91.7033504,207.2372,2,22,0.6,0.24591,158
661999,41.4906300,-91.7033509,207.1555,2,22,0.6,0.24591,158
662122,41.4906300,-91.7033509,207.1555,2,22,0.6,0.24591,158
662385,41.4906301,-91.7033512,207.1043,2,22,0.6,0.24591,158
662554,41.4906301,-91.7033512,207.1043,2,22,0.6,0.24591,158
662708,41.4906295,-91.7033522,206.9648,2,22,0.6,0.19744,158
662913,41.4906296,-91.7033523,206.9547,2,22,0.6,0.17468,158
663083,41.4906296,-91.7033523,206.9547,2,22,0.6,0.17468,158
663385,41.4906292,-91.7033529,206.9057,2,22,0.6,0.17468,158
663481,41.4906292,-91.7033529,206.9057,2,22,0.6,0.17468,158
663786,41.4906290,-91.7033537,206.8285,2,20,0.7,0.09314,158
663931,41.4906290,-91.7033537,206.8285,2,20,0.7,0.09314,158
664099,41.4906296,-91.7033504,207.3001,2,22,0.6,0.07013,158
664274,41.4906294,-91.7033506,207.2958,2,22,0.6,0.09928,158
664397,41.4906294,-91.7033506,207.2958,2,22,0.6,0.09928,158
664749,41.4906295,-0.1533503,207.3030,2,22,0.6,0.09928,158
665001,41.4906301,-91.7033493,207.3907,2,22,0.6,0.21017,158
665157,41.4906301,-91.7033493,207.3907,2,22,0.6,0.21017,158
665296,41.4906302,-91.7033489,207.4625,2,22,0.6,0.25164,158
665540,41.4906302,-91.7033490,207.4465,2,22,0.6,0.23130,158
665717,41.4906302,-91.7033490,207.4465,2,22,0.6,0.23130,158
666087,41.4906302,-91.7033492,245.969,2,44.,T,0.23130,158
666412,41.4906302,-91.7033493,207.3741,2,05,1.5,0.16606,158
666539,41.4906302,-91.7033493,207.3748,2,05,1.5,0.14425,158
666753,41.4906302,-91.7033493,20$GNRMC,2,05,1.5,0.14425,158
666841,41.4906301,-91.7033493,207.3937,2,05,1.5,0.14425,158
666989,41.4906301,-91.7033493,207.3953,2,05,1.5,0.12682$G,158
667110,41.4906301,-91.7033493,207.3953,2,05,1.5,0.12682$G,158
667354,41.4906302,-91.7033493,207.3945,2,05,1.5,0.12682$G,158
667525,41.4906302,-91.7033493,207.3945,2,05,1.5,0.12682$G,158
667690,41.4906301,-91.7033492,207.4247,2,05,1.5,0.19050,158
667845,41.4906301,-91.7033493,207.4158,2,05,1.5,0.24098,158
668002,41.4906301,-91.7033493,207.4158,2,05,1.5,0.24098,158
668388,41.4906301,-91.7033492,207.4096,2,21,0.7,0.22447M,158
668564,41.4906301,-91.7033492,207.4096,2,21,0.7,0.22447M,158
668712,41.4906301,-91.7033491,207.4149,2,21,0.7,0.21314,158
668983,41.4906302,-91.7033490,207.4255,2,21,0.7,0.13137,158
669139,41.4906302,-91.7033490,207.4255,2,21,0.7,0.13137,158
669480,41.4906302,-91.7033490,207.4255,2,21,0.7,0.06982,158
669691,41.4906287,-91.7033489,207.6602,2,21,0.7,0.09150,158
669771,41.4906287,-91.7033489,20,2,21,0.7,0.09150,158
669936,41.4906287,-91.7033490,207.6300,2,21,0.7,0.09150,158
670076,41.4906287,-91.7033490,207.6300,2,21,0.7,0.17397,158
670176,41.4906287,-91.7033490,207.6300,2,21,0.7,0.17397,158
670280,41.4906285,-91.7033487,207.6304,2,05,3.6,0.17397,158
670446,41.4906285,-91.7033487,207.6304,2,05,3.6,0.18996,158
670548,41.4906286,-91.7033490,207.5596,2,05,3.6,0.18996,158
670793,41.4906286,-91.7033488,207.6463,2,21,0.7,0.11322,158
670916,41.4906286,-91.7033488,207.6463,2,21,0.7,0.11322,158
671141,41.4906285,-91.7033488,207.6145,2,21,0.7,0.11322,158
671315,41.4906285,-91.7033488,207.6145,2,21,0.7,0.11322,158
671734,41.4906280,-91.7033485,207.5841,2,21,0.7,0.11322,158
671944,41.4906278,-91.7033485,207.5684,2,20,0.7,0.11322,158
672125,41.4906271,-91.7033477,207.5845,2,21,0.7,0.12525,158
672501,41.4906272,-91.7033478,207.5799,2,21,0.7,0.12730,158
672682,41.4906272,-91.7033478,207.5799,2,21,0.7,0.12730,158
672964,41.4906272,-91.7033478,207.6233,2,21,0.7,0.09344,158
673096,41.4906273,-91.7033464,207.6289,2,21,0.7,0,158
673189,41.4906274,-91.7033466,207.6628,2,21,0.7,0.21473,158
673283,41.4906274,-91.7033466,207.6628,2,21,0.7,0.21473,158
673592,41.4906275,-91.7033461,207.7777,2,21,0.7,0.12202,158
673689,41.4906275,-91.7033461,207.7777,2,21,0.7,0.12202,158
673792,41.4906277,-91.7033461,207.8494,2,21,0.7,0.12202,158
673891,41.4906277,-91.7033461,207.8494,2,21,0.7,0.12202,158
673998,41.4906278,-91.7033455,207.9080,2,21,0.7,0.12202,158
674114,41.4906278,-91.7033455,207.9080,2,21,0.7,0.12202,158
674379,41.4906275,-91.7033447,207.7290,2,21,0.7,0.12202,158
674545,41.4906275,-91.7033447,207.7290,2,21,0.7,0.12202,158
674986,41.4906279,-91.7033437,207.9910,2,21,0.7,0.17430,158
675129,41.4906279,-91.7033437,207.9910,2,21,0.7,0.17430,158
675320,41.4906281,-91.7033435,208.1098,2,21,0.7,0.20138,158
675453,41.4906281,-91.7033435,208.1098,2,21,0.7,0.20138,158
676032,41.4906285,-91.7033428,208.2612,2,21,0.7,0.06123,158
676166,41.4906285,-91.7033428,208.2612,2,21,0.7,0.06123,158
676472,41.4906284,-91.7033433,208.2174,2,21,0.7,0.0491N,158
676584,41.4906284,-91.7033433,208.2174,2,21,0.7,0.0491N,158
676996,41.4906279,-91.7033449,208.0672,2,21,0.7,0.01229,158
677111,41.4906279,-91.7033449,208.0672,2,21,0.7,0.01229,158
677198,41.4906279,-91.7033449,208.0837,2,21,0.7,0.01229,158
677302,41.4906279,-91.7033449,208.0837,2,21,0.7,0.01229,158
677398,41.4906278,-91.7033448,208.1058,2,21,0.7,0.01229,158
677508,41.4906278,-91.7033448,208.1058,2,21,0.7,0.01229,158
677778,41.4906281,-91.7033447,208.1285,2,21,0.7,0.01229,158
677916,41.4906281,-91.7033447,208.1285,2,21,0.7,0.01229,158
678156,41.4906281,-91.7033447,208.1285,2,21,0.7,0.14454,158
678397,41.4906228,-91.7033326,207.7426,2,21,0.7,0.12906,158
678630,41.4906228,-91.7033326,207.7426,2,21,0.7,0.12906,158
678880,41.4906231,-91.7033317,207.7872,2,21,0.7,0.086,158
678990,41.4906232,-91.7033318,207.7890,2,21,0.7,0.15449,158
679107,41.4906232,-91.7033318,207.7890,2,21,0.7,0.15449,158
679192,41.4906231,-91.7033309,207.7682,2,21,0.7,0.15449,158
679294,41.4906231,-91.7033309,207.7682,2,21,0.7,0.15449,158
679389,41.4906230,-91.7033316,207.7027,2,21,0.7,0.15449,158
679499,41.4906230,-91.7033316,207.7027,2,21,0.7,0.15449,158
679592,41.4906231,-91.7033312,207.6579,2,21,0.7,0.15449,158
679703,41.4906231,-91.7033312,207.6579,2,21,0.7,0.15449,158
679976,41.4906230,-91.7033309,207.6092,2,21,0.7,0.15449,158
680150,41.4906230,-91.7033309,207.6092,2,21,0.7,0.15449,158
680294,41.4906229,-91.7033307,207.5442,2,21,0.7,0.18034,158
680396,41.4906230,-91.7033307,207.5308,2,21,0.7,0.13617,158
680515,41.4906230,-91.7033307,207.5308,2,21,0.7,0.13617,158
680788,41.4906230,-91.7033305,207.5041,2,21,0.7,0.13617,158
681081,41.4906230,-91.7033305,207.5041,2,21,0.7,0.13617,158
681382,41.4906203,-91.7033338,207.6311,2,21,0.7,0.22006,158
681488,41.4906203,-91.7033338,207.6311,2,21,0.7,0.22006,158
681677,41.4906202,-91.7033340,207.5793,2,21,0.7,0.22006,158
681795,41.4906202,-91.7033340,207.5793,2,21,0.7,0.22006,158
682166,41.4906201,-91.7033341,207.5275,2,21,0.7,0.22006,158
682390,41.4906198,-91.7033347,207.3670,2,21,0.7,0.10874,158
682507,41.4906198,-91.7033347,207.3670,2,21,0.7,0.10874,158
682776,41.4906198,-91.7033347,207.3125,2,21,0.7,0.10874,158
682923,41.4906198,-91.7033347,207.3125,2,21,0.7,0.10874,158
683006,41.4906198,-91.7033347,207.3125,2,21,0.7,0.10832,158
683384,41.4906189,-91.7033344,207.6503,2,21,0.7,0.10832,158
683557,41.4906189,-91.7033344,207.6503,2,21,0.7,0.10832,158
683707,41.4906189,-91.7033346,207.5617,2,21,0.7,0.10988,158
683942,41.4906188,-91.7033346,207.5464,2,21,0.7,0.10221,158
684125,41.4906188,-91.7033346,207.5464,2,21,0.7,0.10221,158
684430,41.4906186,-91.7033346,207.4844,2,21,0.7,0.10221,158
684771,41.4906185,-91.7033352,207.4804,2,21,0.7,0.19751,158
684902,41.4906185,-91.7033352,207.4804,2,21,0.7,0.19751,158
685188,41.4906184,-91.7033358,207.4870,2,21,0.7,0.26152,158
685569,41.4906183,-91.7033358,207.8095,2,21,0.7,0.18558,158
685682,41.4906183,-91.7033358,207.8095,2,21,0.7,0.18558,158
685931,41.4906185,-91.7033358,207.8323,2,21,0.7,0.26042,158
686140,41.4906183,-91.7033358,207.8448,2,20,0.7,T,158
686299,41.4906183,-91.7033358,207.8448,2,20,0.7,T,158
686535,41.4906183,-91.7033358,207.8448,2,20,0.7,T,158
686613,41.4906181,-91.7033365,207.8555,2,21,0.7,T,158
686717,41.4906181,-91.7033365,207.8555,2,21,0.7,T,158
686804,41.4906180,-91.7033366,207.8703,2,21,0.7,T,158
686909,41.4906180,-91.7033366,207.8703,2,21,0.7,T,158
687047,41.4906183,-91.7033369,207.8874,2,21,0.7,T,158
687176,41.4906183,-91.7033369,207.8874,2,21,0.7,T,158
687480,41.4906183,-91.7033369,207.8874,2,21,0.7,0.22103$G,158
687732,41.4906180,-91.7033371,207.9139,2,21,0.7,0.22103$G,158
687847,41.4906180,-91.7033371,207.9139,2,21,0.7,0.22103$G,158
687988,41.4906177,-91.7033375,207.8762,2,18,0.7,0.22103$G,158
688081,41.4906177,-91.7033375,207.8762,2,18,0.7,0.22103$G,158
688397,41.4906169,-91.7033407,207.8061,2,21,0.7,T,158
688502,41.4906169,-91.7033407,207.8061,2,21,0.7,T,158
688591,41.4906167,-91.7033406,207.7802,2,21,0.7,T,158
688727,41.4906167,-91.7033406,207.7802,2,21,0.7,T,158
689002,41.4906168,-91.7033409,207.7229,2,20,0.7,0.12488,158
689141,41.4906168,-91.7033409,207.7229,2,20,0.7,0.12488,158
689396,41.4906158,-91.7033421,207.8530,2,20,0.7,0.12488,158
689502,41.4906158,-91.7033421,207.8530,2,20,0.7,0.12488,158
689600,41.4906159,-91.7033418,207.8689,2,20,0.7,0.12488,158
689707,41.4906159,-91.7033418,207.8689,2,20,0.7,0.12488,158
689802,41.4906159,-91.7033424,207.8651,2,20,0.7,0.12488,158
690030,41.4906159,-91.7033424,207.8651,2,20,0.7,0.12488,158
690283,41.4906155,-91.7033408,207.8298,2,20,0.7,0.12488,158
690387,41.4906152,-91.7033410,207.8252,2,20,0.7,0.06916,158
690481,41.4906152,-91.7033410,207.8252,2,20,0.7,0.06916,158
690790,41.4906154,-91.7033410,207.7670,2,20,0.7,0.09201,158
690891,41.4906154,-91.7033410,207.7670,2,20,0.7,0.09201,158
690995,41.4906154,-91.7033405,207.7281,2,20,0.7,0.09201,158
691115,41.4906154,-91.7033405,207.7281,2,20,0.7,0.09201,158
691379,41.4906142,-91.7033401,207.8140,2,20,0.7,0.09201,158
691502,41.4906142,-91.7033401,207.8140,2,20,0.7,0.09201,158
691763,41.4906143,-91.7033406,207.7351,2,20,0.7,0.20447,158
692083,41.4906141,-91.7033407,207.6650,2,20,0.7,0.12671,158
692204,41.4906141,-91.7033407,207.6650,2,20,0.7,0.12671,158
692353,41.4906146,-91.7033375,207.8318,2,20,0.7,0.12671,158
692495,41.4906146,-91.7033375,207.8318,2,20,0.7,N,158
692752,41.4906146,-91.7033371,207.7873,2,18,0.7,0.07390,158
693023,41.4906147,-91.7033369,207.7856,2,16,0.8,0.7,158
693147,41.4906147,-91.7033370,207.7835,2,16,0.8,0.12019,158
693328,41.4906147,-91.7033370,204625,2,16,0.8,0.12019,158
693390,41.4906147,-91.7033370,204625,2,16,0.8,0.12019,158
693884,41.4906145,-91.7033364,207.7879,2,18,0.7,0.14397,158
693996,41.4906145,-91.7033364,207.7879,2,18,0.7,0.14397,158
694152,41.4906145,-91.7033364,207.7879,2,18,0.7,0.14397,158
694289,41.4906143,-91.7033363,207.6884,2,20,0.7,0.23982,158
694393,41.4906143,-91.7033362,207.6747,2,20,0.7,0.23253,158
694503,41.4906143,-91.7033362,207.6747,2,20,0.7,0.23253,158
694778,41.4906142,-91.7033370,207.6430,2,20,0.7,0.23253,158
694954,41.4906142,-91.7033370,207.6430,2,20,0.7,0.23253,158
695199,41.4906155,-91.7033311,207.8640,2,20,0.7,0.30810,158
695315,41.4906155,-91.7033311,207.8640,2,20,0.7,0.30810,158
695591,41.4906153,-91.7033313,207.8497,2,20,0.7,0.30810,158
695767,41.4906153,-91.7033313,207.8497,2,20,0.7,0.30810,158
696017,41.4906151,-91.7033323,207.8514,2,20,0.7,0.40131,158
696160,41.4906150,-91.7033326,207.8626,2,20,0.7,0.44748,158
696229,41.4906150,-91.7033326,207N,2,20,0.7,0.44748,158
696384,41.4906164,-91.7033334,207.9477,2,20,0.7,0.32363$G,158
696498,41.4906164,-91.7033334,207.9477,2,20,0.7,0.32363$G,158
696590,41.4906163,-91.7033338,207.9734,2,20,0.7,0.32363$G,158
696704,41.4906163,-91.7033338,207.9734,2,20,0.7,0.32363$G,158
696974,41.4906162,-91.7033340,208.0090,2,20,0.7,0.32363$G,158
697173,41.4906162,-91.7033340,208.0090,2,20,0.7,0.32363$G,158
697291,41.4906173,-91.7033351,207.9911,2,20,0.7,0.30823,158
697393,41.4906173,-91.7033349,208.0068,2,20,0.7,0.17481,158
697536,41.4906173,-91.7033349,208.0068,2,20,0.7,0.17481,158
697797,41.4906174,-91.7033350,208.0206,2,20,0.7,0.14212,158
697897,41.4906174,-91.7033350,208.0206,2,20,0.7,0.14212,158
698004,41.4906175,-91.7033348,207.9968,2,20,0.7,0.14212,158
698126,41.4906175,-91.7033348,207.9968,2,20,0.7,0.14212,158
698502,41.4906166,-91.7033351,208.0662,2,20,0.7,0.14212,158
698680,41.4906166,-91.7033351,208.0662,2,20,0.7,0.14212,158
698965,41.4906164,-91.7033355,208.1266,2,19,0.7,0.02893,158
699375,41.4906153,-91.7033349,208.1251,2,20,0.7,0.06625,158
699484,41.4906153,-91.7033349,208.1251,2,20,0.7,0.06625,158
699732,41.4906154,-91.7033359,208.1457,2,20,0.7,0.13919,158
699985,41.4906152,-91.7033358,208.1881,2,20,0.7,T,158
700098,41.4906152,-91.7033358,208.1881,2,20,0.7,T,158
700352,41.4906144,-91.7033348,208.1281,2,20,0.7,0.25083,158
700732,41.4906144,-91.7033341,208.1019,2,20,0.7,0.22722,158
700898,41.4906144,-91.7033341,208.1019,2,20,0.7,0.22722,158
701506,41.4906149,-91.7033321,208.0530,2,20,0.7,0.30400,158
701626,41.4906149,-91.7033321,208.0530,2,20,0.7,0.30400,158
701959,41.4906150,-91.7033318,09142.19990,2,369,N,0.30400,158
702114,41.4906154,-91.7033307,208.0244,2,20,0.7,0.38201,158
702324,41.4906153,-91.7033311,208.0108,2,20,0.7,0.40108,158
702615,41.4906153,-91.7033311,208.0108,2,20,0.7,0.40108,158
702783,41.4906153,-91.7033306,207.9361,2,18,0.7,0.40108,158
702925,41.4906153,-91.7033306,207.9361,2,18,0.7,0.40108,158
703289,41.4906155,-91.7033299,207.9128,2,20,0.7,0.43547,158
703397,41.4906155,-91.7033299,207.9128,2,20,0.7,0.43547,158
703947,41.4906156,-91.7033301,207.9964,2,18,0.7,0.20173,158
704116,41.4906156,-91.7033301,207.9964,2,18,0.7,0.20173,158
704392,41.4906156,-91.7033298,208.0899,2,20,0.7,0.18627,158
704546,41.4906156,-91.7033298,208.0899,2,20,0.7,0.18627,158
704816,41.4906154,-91.7033306,208.0836,2,20,0.7,0.20317,158
704899,41.4906154,-91.7033307,208.0637,2,19,0.7,0.14569,158
704998,41.4906154,-91.7033305,208.0577,2,18,0.7,0.13975,158
705126,41.4906154,-91.7033305,208.0577,2,18,0.7,0.13975,158
705214,41.4906153,-91.7033302,208.0384,2,20,0.7,0.13975,158
705375,41.4906153,-91.7033302,208.0384,2,20,0.7,0.13975,158
705712,41.4906154,-91.7033303,208.0069,2,20,0.7,0.08674,158
705934,41.4906154,-91.7033303,208.0069,2,20,0.7,0.08674,158
706081,41.4906104,-91.7033276,208.1413,2,21,0.7,0.08674,158
706188,41.4906104,-91.7033272,208.1477,2,21,0.7,0.10289,158
706296,41.4906104,-91.7033272,208.1477,2,21,0.7,0.10289,158
706390,41.4906103,-91.7033278,208.1414,2,21,0.7,0.10289,158
706501,41.4906103,-91.7033278,208.1414,2,21,0.7,0.10289,158
706659,41.4906102,-91.7033280,208.1442,2,21,0.7,0.10289,158
706773,41.4906102,-91.7033280,208.1442,2,21,0.7,0.10289,158
706939,41.4906102,-91.7033280,208.1442,2,21,0.7,0.10289,158
707272,41.4906103,-91.7033281,208.1955,2,21,0.7,0.10289,158
707494,41.4906075,-91.7033273,208.2243,2,21,0.7,0.16997,158
707596,41.4906075,-91.7033274,208.2351,2,21,0.7,0.17621,158
707720,41.4906075,-91.7033274,208.2351,2,21,0.7,0.17621,158
708000,41.4906076,-91.7033275,208.2521,2,21,0.7,0.17621,158
708139,41.4906076,-91.7033275,208.2521,2,21,0.7,0.17621,158
708344,41.4906076,-91.7033275,208.2521,2,21,0.7,0.17621,158
708723,41.4906067,-91.7033274,208.2658,2,21,0.7,0.17621,158
709012,41.4906066,-91.7033275,208.3483,2,19,0.7,0.17562,158
709158,41.4906066,-91.7033275,208.3483,2,19,0.7,0.17562,158
709390,41.4906045,-91.7033269,208.2583,2,21,0.7,0.1738N,158
709504,41.4906045,-91.7033269,208.2583,2,21,0.7,0.1738N,158
709754,41.4906047,-91.7033270,208.2715,2,21,0.7,0.1738N,158
709867,41.4906047,-91.7033270,208.2715,2,21,0.7,0.1738N,158
710393,41.4906044,-91.7033276,208.2696,2,21,0.7,0.22411,158
710511,41.4906044,-91.7033276,208.2696,2,21,0.7,0.22411,158
710785,41.4906046,-91.7033271,208.2599,2,21,0.7,0.22411,158
710964,41.4906046,-91.7033271,208.2599,2,21,0.7,0.22411,158
711096,41.4906045,-91.7033275,208.3474,2,21,0.7,0.30942,158
711294,41.4906046,-91.7033277,208.3714,2,21,0.7,0.28109,158
711398,41.4906044,-91.7033278,208.3655,2,21,0.7,0.26420,158
711506,41.4906044,-91.7033278,208.3655,2,21,0.7,0.26420,158
711722,41.4906046,-91.7033272,208.3725,2,21,0.7,0.26420,158
712008,41.4906046,-91.7033272,208.3725,2,21,0.7,0.26420,158
712187,41.4906046,-91.7033272,208.5881,2,21,0.7,0.26420,158
712326,41.4906046,-91.7033272,208.5881,2,21,0.7,0.26420,158
712586,41.4906045,-91.7033279,208.6210,2,05,4.9,0.21793,158
712726,41.4906045,-91.7033279,208.6210,2,05,4.9,0.21793,158
712886,41.4906045,-91.7033279,208.6003,2,05,4.9,0.17073,158
712997,41.4906044,-91.7033285,208.6470,2,20,0.7,0.24150,158
713112,41.4906044,-91.7033285,208.6470,2,20,0.7,0.24150,158
713257,41.4906003,-91.7033280,208.4103,2,21,0.7,0.24150,158
713367,41.4906003,-91.7033280,208.4103,2,21,0.7,0.24150,158
713593,41.4906004,-91.7033282,208.3909,2,21,0.7,0.2994N,158
713705,41.4906004,-91.7033282,208.3909,2,21,0.7,0.2994N,158
713920,41.4906004,-91.7033282,208.3917,2,21,0.7,0.2994N,158
714030,41.4906004,-91.7033282,208.3917,2,21,0.7,0.2994N,158
714203,41.4905982,-91.7033284,208.2329,2,21,0.7,0.2994N,158
714317,41.4905982,-91.7033284,208.2329,2,21,0.7,0.2994N,158
714703,41.4905982,-91.7033282,208.2359,2,21,0.7,0.2994N,158
714888,41.4905982,-91.7033282,208.2359,2,21,0.7,0.2994N,158
714991,41.4905983,-91.7033274,208.1979,2,19,0.7,0.31039,158
715106,41.4905983,-91.7033274,208.1979,2,19,0.7,0.31039,158
715192,41.4905986,-91.7033267,208.1367,2,21,0.7,0.31039,158
715295,41.4905986,-91.7033267,208.1367,2,21,0.7,0.31039,158
715390,41.4905985,-91.7033265,208.1045,2,21,0.7,0.31039,158
715496,41.4905985,-91.7033265,208.1045,2,21,0.7,0.31039,158
715592,41.4905987,-91.7033263,208.0825,2,21,0.7,0.31039,158
715700,41.4905987,-91.7033263,208.0825,2,21,0.7,0.31039,158
715796,41.4905987,-91.7033261,208.0595,2,21,0.7,0.31039,158
715907,41.4905987,-91.7033261,208.0595,2,21,0.7,0.31039,158
716008,41.4905986,-91.7033264,208.0085,2,21,0.7,0.31039,158
716127,41.4905986,-91.7033264,208.0085,2,21,0.7,0.31039,158
716215,41.4905985,-91.7033267,207.9706,2,21,0.7,0.31039,158
716333,41.4905985,-91.7033267,207.9706,2,21,0.7,0.31039,158
716709,41.4905985,-91.7033267,207.9706,2,21,0.7,0.31039,158
716872,41.4905980,-91.7033278,207.9152,2,21,0.7,0.31039,158
716945,41.4905980,-91.7033278,20$GNGGA,2,21,0.7,0.31039,158
717186,41.4905982,-91.7033284,208.0478,2,21,0.7,0.31237,158
717295,41.4905982,-91.7033284,208.0478,2,21,0.7,0.31237,158
717389,41.4905979,-91.7033286,207.9950,2,21,0.7,0.31237,158
717503,41.4905979,-91.7033286,207.9950,2,21,0.7,0.31237,158
717594,41.4905977,-91.7033289,207.9450,2,21,0.7,0.31237,158
717707,41.4905977,-91.7033289,207.9450,2,21,0.7,0.31237,158
717978,41.4905977,-91.7033291,207.8947,2,21,0.7,0.31237,158
718127,41.4905977,-91.7033291,207.8947,2,21,0.7,0.31237,158
718677,41.4905973,-91.7033300,207.7785,2,19,0.7,0.35428,158
718961,41.4905971,-91.7033305,207.7082,2,19,0.7,0.25826,158
719198,41.4905971,-91.7033309,207.6810,2,21,0.7,T,158
719320,41.4905971,-91.7033309,207.6810,2,21,0.7,T,158
719414,41.4905972,-91.7033310,207.6473,2,21,0.7,T,158
719656,41.4905972,-91.7033310,207.6473,2,21,0.7,T,158
719926,41.4905972,-91.7033310,207.6473,2,21,0.7,T,158
719994,41.4905972,-91.7033298,207.5743,2,18,0.7,T,158
720124,41.4905972,-91.7033298,207.5743,2,18,0.7,T,158
720505,41.4905972,-91.7033298,207.5743,2,18,0.7,T,158
720716,41.4905971,-91.7033300,207.5666,2,21,0.7,T,158
720870,41.4905971,-91.7033299,207.5985,2,21,0.7,0.19067,158
720992,41.4905971,-91.7033299,207.5985,2,21,0.7,0.19067,158
721164,41.4905971,-91.7033299,207.5985,2,21,0.7,0.19067,158
721410,41.4905974,-91.7033290,207.5873,2,21,0.7,0.21538,158
721528,41.4905974,-91.7033290,207.5873,2,21,0.7,0.21538,158
721796,41.4905974,-91.7033286,207.6327,2,21,0.7,0.21538,158
721921,41.4905974,-91.7033286,207.6327,2,21,0.7,0.21538,158
722019,41.4905973,-91.7033284,207.6631,2,21,0.7,0.21538,158
722191,41.4905973,-91.7033284,207.6631,2,21,0.7,0.21538,158
722513,41.4905995,-91.7033246,208.1181,2,21,0.7,0.19871,158
722726,41.4905996,-91.7033246,208.1319,2,21,0.7,0.18514,158
722916,41.4905996,-91.7033246,208.1319,2,21,0.7,0.18514,158
722992,41.4905992,-91.7033252,208.1852,2,21,0.7,0.18514,158
723100,41.4905992,-91.7033252,208.1852,2,21,0.7,0.18514,158
723190,41.4905993,-91.7033218,208.1361,2,21,0.7,0.18514,158
723332,41.4905993,-91.7033218,208.1361,2,21,0.7,0.18514,158
723592,41.4905993,-91.7033215,208.1708,2,18,0.7,0.11878,158
723737,41.4905993,-91.7033215,208.1708,2,18,0.7,0.11878,158
723996,41.4905992,-91.7033220,208.2213,2,20,0.7,0.18985,158
724114,41.4905992,-91.7033220,208.2213,2,20,0.7,0.18985,158
724380,41.4905987,-91.7033208,208.1583,2,20,0.7,0.18985,158
724543,41.4905987,-91.7033208,208.1583,2,20,0.7,0.18985,158
724799,41.4905987,-91.7033203,208.2189,2,17,0.7,0.34360,158
724951,41.4905987,-91.7033203,208.2189,2,17,0.7,0.34360,158
725201,41.4905987,-91.7033203,208.2155,2,20,0.7,0.24811,158
725355,41.4905987,-91.7033203,208.2155,2,20,0.7,0.24811,158
725760,41.4905987,-91.7033194,208.2604,2,20,0.7,0.05497,158
725910,41.4905987,-91.7033194,208.2604,2,20,0.7,0.05497,158
726152,41.4905988,-91.7033209,208.2337,2,17,0.8,0.05497,158
726282,41.4905973,-91.7033193,208.2628,2,20,0.7,0.18798,158
726391,41.4905975,-91.7033192,208.2813,2,20,0.7,0.09174,158
726491,41.4905975,-91.7033192,208.2813,2,20,0.7,0.09174,158
726593,41.4905975,-91.7033191,208.3116,2,20,0.7,0.09174,158
726696,41.4905975,-91.7033191,208.3116,2,20,0.7,0.09174,158
726814,41.4905975,-91.7033190,208.3423,2,20,0.7,0.09174,158
726921,41.4905975,-91.7033190,208.3423,2,20,0.7,0.09174,158
727186,41.4905975,-91.7033187,208.3736,2,20,0.7,0.09174,158
727324,41.4905975,-91.7033187,208.3736,2,20,0.7,0.09174,158
727599,41.4905971,-91.7033191,208.3185,2,20,0.7,0.05011,158
727712,41.4905971,-91.7033191,208.3185,2,20,0.7,0.05011,158
727986,41.4905970,-91.7033189,208.3289,2,20,0.7,0.05011,158
728132,41.4905970,-91.7033189,208.3289,2,20,0.7,0.05011,158
728494,41.4905970,-91.7033189,208.3289,2,20,0.7,0.26308,158
728690,41.4905955,-91.7033169,208.3008,2,20,0.7,0.15882,158
728765,41.4905955,-91.7033169,208GNGST,2,20,0.7,0.15882,158
728848,41.4905953,-91.7033166,208.3361,2,19,0.7,0.15882,158
728995,41.4905955,-91.7033167,208.4068,2,19,0.7,0.07390$G,158
729114,41.4905955,-91.7033167,208.4068,2,19,0.7,0.07390$G,158
729377,41.4905946,-91.7033174,208.2811,2,20,0.7,0.07390$G,158
729498,41.4905946,-91.7033174,208.2811,2,20,0.7,0.07390$G,158
729756,41.4905947,-91.7033176,208.2705,2,20,0.7,0.14952,158
730008,41.4905946,-91.7033175,208.2882,2,20,0.7,0.21400,158
730124,41.4905946,-91.7033175,208.2882,2,20,0.7,0.21400,158
730212,41.4905938,-91.7033172,208.2755,2,20,0.7,0.21400,158
730330,41.4905938,-91.7033172,208.2755,2,20,0.7,0.21400,158
730600,41.4905935,-91.7033174,208.2473,2,20,0.7,0.21400,158
730720,41.4905935,-91.7033174,208.2473,2,20,0.7,0.21400,158
730994,41.4905936,-91.7033175,208.2374,2,20,0.7,0.21400,158
731264,41.4905936,-91.7033175,208.2374,2,20,0.7,0.21400,158
731545,41.4905936,-91.7033175,208.2374,2,20,0.7,0.05974,158
731749,41.4905937,-91.7033172,208.2888,2,20,0.7,0.05974,158
731992,41.4905940,-91.7033177,208.1931,2,19,0.7,0.15621,158
732117,41.4905940,-91.7033177,208.1931,2,19,0.7,0.15621,158
732386,41.4905927,-91.7033182,208.3442,2,05,3.5,0.15621,158
732546,41.4905927,-91.7033182,208.3442,2,05,3.5,0.15621,158
732688,41.4905930,-91.7033181,208.4085,2,05,6.8,0.08255,158
732791,41.4905930,-91.7033179,208.4279,2,05,6.8,0.12146,158
732952,41.4905930,-91.7033179,208.4279,2,05,6.8,0.12146,158
733340,41.4905929,-91.7033179,208.4304,2,05,6.8,0.10935,158
733486,41.4905929,-91.7033180,20872,2,20,0.7,0.12201,158
733583,41.4905928,-91.7033180,208.3732,2,20,0.7,0.12201,158
733696,41.4905930,-91.7033179,208.4168,2,20,0.7,0.15829,158
733791,41.4905930,-91.7033179,2089,2,20,0.7,0.15829,158
734048,41.4905929,-91.7033176,208.4572,2,20,0.7,0.13614,158
734294,41.4905929,-91.7033176,208.42.1990,2,20,0.7,0.13614,158
734436,41.4905929,-91.7033176,208.42.1990,2,20,0.7,0.16002,158
734516,41.4905917,-91.7033190,208.2803,2,19,0.7,0.16002,158
734775,41.4905917,-91.7033191,208.2634,2,19,0.7,0.08809,158
734913,41.4905917,-91.7033191,208.2634,2,19,0.7,0.08809,158
735259,41.4905920,-91.7033202,208.2461,2,20,0.7,0.23986,158
735359,41.4905920,-91.7033202,208.2461,2,20,0.7,0.23986,158
735844,41.4905921,-91.7033217,208.1876,2,20,0.7,0.42009.4,158
735932,41.4905921,-91.7033217,208.1876,2,20,0.7,0.42009.4,158
736188,41.4905922,-91.7033204,208.2786,2,20,0.7,0.42009.4,158
736345,41.4905922,-91.7033204,208.2786,2,20,0.7,0.42009.4,158
736594,41.4905922,-91.7033207,208.2584,2,20,0.7,0.28136,158
736699,41.4905922,-91.7033207,208.2584,2,20,0.7,0.28136,158
736797,41.4905922,-91.7033205,208.2523,2,20,0.7,0.28136,158
736905,41.4905922,-91.7033205,208.2523,2,20,0.7,0.28136,158
737007,41.4905921,-91.7033196,208.2563,2,18,0.7,0.28136,158
737279,41.4905921,-91.7033196,208.2563,2,18,0.7,0.28136,158
737500,41.4905931,-91.7033239,208.1918,2,20,0.7,0.51933,158
737727,41.4905934,-91.7033243,208.1854,2,20,0.7,0.44041,158
737887,41.4905934,-91.7033243,208.1854,2,20,0.7,0.44041,158
738506,41.4905932,-91.7033242,208.1636,2,20,0.7,0.44310,158
738661,41.4905931,-91.7033245,208.1093,2,20,0.7,0.32518,158
738769,41.4905931,-91.7033245,208.1093,2,20,0.7,0.32518,158
738923,41.4905931,-91.7033245,208.1093,2,20,0.7,0.32518,158
739180,41.4905933,-91.7033251,208.0807,2,20,0.7,0.32518,158
739346,41.4905933,-91.7033251,208.0807,2,20,0.7,0.32518,158
739655,41.4905932,-91.7033258,208.1114,2,19,0.7,0.18631,158
739749,41.4905932,-91.7033258,208.1114,2,19,0.7,0.18631,158
740001,41.4905933,-91.7033256,208.0705,2,20,0.7,0.18631,158
740117,41.4905933,-91.7033256,208.0705,2,20,0.7,0.18631,158
740383,41.4905933,-91.7033255,208.1283,2,20,0.7,0.18631,158
740548,41.4905933,-91.7033255,208.1283,2,20,0.7,0.18631,158
740843,41.4905933,-91.7033255,208.1283,2,20,0.7,0.05287,158
740986,41.4905932,-91.7033244,208.1446,2,20,0.7,0.14718$G,158
741099,41.4905932,-91.7033244,208.1446,2,20,0.7,0.14718$G,158
741359,41.4905931,-91.7033243,208.1387,2,20,0.7,0.14718$G,158
741591,41.4905933,-91.7033237,208.1218,2,20,0.7,0.33294,158
741693,41.4905933,-91.7033237,208.1218,2,20,0.7,0.33294,158
741793,41.4905929,-91.7033232,208.1211,2,20,0.7,0.33294,158
741900,41.4905929,-91.7033232,208.1211,2,20,0.7,0.33294,158
742008,41.4905931,-91.7033229,208.1222,2,20,0.7,0.33294,158
742158,41.4905931,-91.7033229,208.1222,2,20,0.7,0.33294,158
742505,41.4905946,-91.7033285,208.2776,2,19,0.7,0.27853,158
742606,41.4905946,-91.7033285,208.2776,2,19,0.7,0.27853,158
742940,41.4905946,-91.7033286,09142.19972,2,191,N,0.27853,158
743400,41.4905943,-91.7033273,208.2212,2,20,0.7,0.22754,158
743517,41.4905943,-91.7033273,208.2212,2,20,0.7,0.22754,158
743788,41.4905943,-91.7033271,208.2386,2,20,0.7,0.22754,158
744079,41.4905943,-91.7033271,208.2386,2,20,0.7,0.22754,158
744279,41.4905942,-91.7033268,208.2474,2,05,2.4,0.14772,158
744388,41.4905941,-91.7033267,208.2836,2,05,2.4,0.03956,158
744540,41.4905941,-91.7033267,208.2836,2,05,2.4,0.03956,158
744791,41.4905942,-91.7033267,208.2923,2,20,0.7,0.07354,158
744897,41.4905942,-91.7033267,208.2923,2,20,0.7,0.07354,158
744995,41.4905942,-91.7033266,208.2809,2,20,0.7,0.07354,158
745118,41.4905942,-91.7033266,208.2809,2,20,0.7,0.07354,158
745387,41.4905942,-91.7033269,208.3023,2,20,0.7,0.07354,158
745561,41.4905942,-91.7033269,208.3023,2,20,0.7,0.07354,158
745709,41.4905942,-91.7033274,208.2971,2,20,0.7,0.16912,158
745797,41.4905942,-91.7033275,208.2918,2,20,0.7,0.14461,158
745912,41.4905942,-91.7033275,208.2918,2,20,0.7,0.14461,158
746095,41.4905942,-91.7033276,208.2397,2,20,0.7,0.14461,158
746271,41.4905942,-91.7033276,208.2397,2,20,0.7,0.14461,158
746595,41.4905941,-91.7033272,208.3535,2,20,0.7,0.14461,158
746879,41.4905941,-91.7033272,208.3535,2,20,0.7,0.14461,158
747091,41.4905942,-91.7033276,208.1965,2,20,0.7,0.16727,158
747189,41.4905942,-91.7033279,208.1545,2,20,0.7,0.12736,158
747300,41.4905942,-91.7033279,208.1545,2,20,0.7,0.12736,158
747519,41.4905942,-91.7033274,208.2553,2,20,0.7,0.12736,158
747693,41.4905942,-91.7033274,208.2553,2,20,0.7,0.12736,158
748194,41.4905942,-91.7033273,208.2754,2,20,0.7,0.17722,158
748309,41.4905942,-91.7033273,208.2754,2,20,0.7,0.17722,158
748581,41.4905942,-91.7033274,208.2565,2,20,0.7,0.17722,158
748782,41.4905942,-91.7033274,208.2565,2,20,0.7,0.17722,158
749191,41.4905942,-91.7033273,208.2618,2,18,0.8,0.25506,158
749352,41.4905942,-91.7033273,208.2618,2,18,0.8,0.25506,158
749599,41.4905944,-91.7033256,208.1652,2,20,0.7,0.29589,158
749705,41.4905944,-91.7033256,208.1652,2,20,0.7,0.29589,158
749800,41.4905943,-91.7033258,208.1644,2,20,0.7,0.29589,158
749908,41.4905943,-91.7033258,208.1644,2,20,0.7,0.29589,158
750156,41.4905943,-91.7033261,208.1804,2,20,0.7,0.29589,158
750322,41.4905943,-91.7033261,208.1804,2,20,0.7,0.29589,158
750585,41.4905943,-91.7033265,208.1970,2,20,0.7,0.29589,158
750736,41.4905943,-91.7033265,208.1970,2,20,0.7,0.29589,158
750995,41.4905942,-91.7033274,208.1463,2,20,0.7,0.18548,158
751103,41.4905942,-91.7033274,208.1463,2,20,0.7,0.18548,158
751361,41.4905949,-91.7033277,208.1985,2,20,0.7,0.18548,158
751591,41.4905950,-91.7033279,208.1568,2,20,0.7,0.20933,158
751689,41.4905950,-91.7033279,208.1568,2,20,0.7,0.20933,158
751998,41.4905950,-91.7033281,208.1118,2,20,0.7,0.05291,158
752117,41.4905950,-91.7033281,208.1118,2,20,0.7,0.05291,158
752201,41.4905956,-91.7033289,208.1540,2,20,0.7,0.05291,158
752319,41.4905956,-91.7033289,208.1540,2,20,0.7,0.05291,158
752560,41.4905955,-91.7033291,208.1405,2,20,0.7,0.05291,158
752667,41.4905955,-91.7033291,208.1405,2,20,0.7,0.05291,158
752994,41.4905956,-91.7033289,208.1122,2,20,0.7,0.06689,158
753234,41.4905956,-91.7033289,208.1122,2,20,0.7,0.06689,158
753584,41.4905960,-91.7033289,208.1523,2,20,0.7,0.07929,158
753725,41.4905960,-91.7033289,208.1523,2,20,0.7,0.07929,158
753991,41.4905960,-91.7033290,208.1234,2,20,0.7,0.16090,158
754136,41.4905960,-91.7033290,208.1234,2,20,0.7,0.16090,158
754393,41.4905968,-91.7033294,208.1377,2,20,0.7,0.16090,158
754593,41.4905969,-91.7033283,208.0991,2,20,0.7,0.2220215,158
754692,41.4905969,-91.7033283,208.0991,2,20,0.7,0.2220215,158
754794,41.4905968,-91.7033277,208.1397,2,20,0.7,0.2220215,158
754895,41.4905968,-91.7033277,208.1397,2,20,0.7,0.2220215,158
755001,41.4905969,-91.7033272,208.1911,2,20,0.7,0.2220215,158
755121,41.4905969,-91.7033272,208.1911,2,20,0.7,0.2220215,158
755388,41.4905968,-91.7033271,208.2564,2,21,0.7,0.2220215,158
755560,41.4905968,-91.7033271,208.2564,2,21,0.7,0.2220215,158
755711,41.4905970,-91.7033268,208.2746,2,21,0.7,0.20778,158
755913,41.4905969,-91.7033260,208.2357,2,19,0.7,0.00636,158
756141,41.4905969,-91.7033260,208.2357,2,19,0.7,0.00636,158
756485,41.4905961,-91.7033271,208.1490,2,21,0.7,0.10403,158
756697,41.4905962,-91.7033265,208.2054,2,21,0.7,0.16669,158
756799,41.4905962,-91.7033265,208.2054,2,21,0.7,0.16669,158
756921,41.4905962,-91.7033265,208.2054,2,21,0.7,0.16669,158
757155,41.4905960,-91.7033265,208.1934,2,21,0.7,0.16669,158
757323,41.4905960,-91.7033265,208.1934,2,21,0.7,0.16669,158
757657,41.4905956,-91.7033261,208.1392,2,21,0.7,0.14931,158
757769,41.4905956,-91.7033261,208.1392,2,21,0.7,0.14931,158
757995,41.4905956,-91.7033258,208.1534,2,20,0.7,0.14931,158
758121,41.4905956,-91.7033258,208.1534,2,20,0.7,0.14931,158
758212,41.4905952,-91.7033240,208.1590,2,21,0.7,0.14931,158
758333,41.4905952,-91.7033240,208.1590,2,21,0.7,0.14931,158
758791,41.4905952,-91.7033242,208.1578,2,21,0.7,0.14931,158
758969,41.4905952,-91.7033242,2237.429,2,21,0.7,0.14931,158
759135,41.4905953,-0.1533240,208.1291,2,21,0.7,0.14931,158
759558,41.4905948,-91.7033250,208.2653,2,21,0.7,0.29444,158
759702,41.4905948,-91.7033250,281,2,21,0.7,0.29444,158
759781,41.4905948,-91.7033251,208.2660,2,21,0.7,0.29444,158
760022,41.4905947,-91.7033252,208.2967,2,19,0.7,0.29444,158
760151,41.4905947,-91.7033252,208.2967,2,19,0.7,0.29444,158
760404,41.4905939,-91.7033273,208.2750,2,05,4.6,0.71289,158
760566,41.4905939,-91.7033273,208.2750,2,05,4.6,0.71289,158
760771,41.4905940,-91.7033263,208.2496,2,05,4.6,0.74633,158
760906,41.4905941,-91.7033270,208.2426,2,05,4.6,0.74296,158
760999,41.4905941,-91.7033261,208.2193,2,05,4.6,0.77440,158
761122,41.4905941,-91.7033261,208.2193,2,05,4.6,0.77440,158
761300,41.4905939,-91.7033267,208.2949,2,05,4.6,0.77440,158
761400,41.4905939,-91.7033270,208.3003,2,05,4.6,0.63664,158
761590,41.4905939,-91.7033270,208.3003,2,05,4.6,0.63664,158
761802,41.4905938,-91.7033269,208.3322,2,05,4.6,0.61452,158
761952,41.4905938,-91.7033269,208.3322,2,05,4.6,0.61452,158
762319,41.4905918,-91.7033291,208.3663,2,05,4.6,0.52102,158
762482,41.4905918,-91.7033291,208.3663,2,05,4.6,0.52102,158
762979,41.4905917,-91.7033292,208.3829,2,05,4.6,0.35935,158
763059,41.4905917,-91.7033292,208.3829,2,05,4.6,0.35935,158
763192,41.4905912,-91.7033287,208.4303,2,05,4.6,0.3177$GN,158
763332,41.4905912,-91.7033287,208.4303,2,05,4.6,0.3177$GN,158
763509,41.4905911,-91.7033285,208.4443,2,05,4.6,0.30849,158
763594,41.4905913,-91.7033282,208.4097,2,05,4.6,0.21851,158
763690,41.4905913,-91.7033282,208.4097,2,05,4.6,0.21851,158
764151,41.4905911,-91.7033287,208.4515,2,05,4.6,0.08873,158
764318,41.4905911,-91.7033287,208.4515,2,05,4.6,0.08873,158
764597,41.4905914,-91.7033273,208.4041,2,05,4.6,0.04933,158
764749,41.4905914,-91.7033273,208.4041,2,05,4.6,0.04933,158
765003,41.4905914,-91.7033272,208.3823,2,05,4.6,0.04421,158
765157,41.4905914,-91.7033272,208.3823,2,05,4.6,0.04421,158
765300,41.4905917,-91.7033281,208.4839,2,05,4.6,0.12980,158
765515,41.4905917,-91.7033279,208.4878,2,05,4.6,0.12107,158
765670,41.4905917,-91.7033279,208.4878,2,05,4.6,0.12107,158
765928,41.4905916,-91.7033285,208.4871,2,05,4.6,0.1709510,158
766113,41.4905915,-91.7033282,208.4963,2,05,4.6,K,158
766180,41.4905915,-91.7033282,208.4963,2,05,4.6,K,158
766447,41.4905936,-91.7033262,208.3617,2,05,4.6,K,158
766584,41.4905936,-91.7033262,203609,2,05,4.6,K,158
766856,41.4905936,-91.7033262,203609,2,05,4.6,0.45799,158
766999,41.4905938,-91.7033263,208.3605,2,05,4.6,0.43766,158
767121,41.4905938,-91.7033263,208.3605,2,05,4.6,0.43766,158
767389,41.4905936,-91.7033263,208.3585,2,05,4.6,0.43766,158
767545,41.4905936,-91.7033263,208.3585,2,05,4.6,0.43766,158
767768,41.4905937,-91.7033261,208.3321,2,05,4.6,0.48946,158
768043,41.4905937,-91.7033261,208.3250,2,05,4.6,0.63799,158
768156,41.4905937,-91.7033261,208.3250,2,05,4.6,0.63799,158
768399,41.4905939,-91.7033260,208.3111,2,05,4.6,0.70044,158
768675,41.4905939,-91.7033260,208.3111,2,05,4.6,0.70044,158
769002,41.4905939,-91.7033257,208.3041,2,05,4.6,0.61450,158
769110,41.4905939,-91.7033257,208.3041,2,05,4.6,0.61450,158
769193,41.4905940,-91.7033256,208.2492,2,05,4.6,0.61450,158
769343,41.4905940,-91.7033256,208.2492,2,05,4.6,0.61450,158
769607,41.4905938,-91.7033257,208.2830,2,05,4.6,0.65441,158
769763,41.4905938,-91.7033257,208.2830,2,05,4.6,0.65441,158
769907,41.4905939,-91.7033258,208.2649,2,05,4.6,0.43814,158
769998,41.4905939,-91.7033258,208.2669,2,21,0.7,0.47578,158
770123,41.4905939,-91.7033258,208.2669,2,21,0.7,0.47578,158
770395,41.4905985,-91.7033233,208.0986,2,21,0.7,0.47578,158
770512,41.4905985,-91.7033233,208.0986,2,21,0.7,0.47578,158
770787,41.4905987,-91.7033233,208.1910,2,20,0.7,0.47578,158
770966,41.4905987,-91.7033233,208.1910,2,20,0.7,0.47578,158
771201,41.4906030,-91.7033219,208.1160,2,21,0.7,0.11781,158
771326,41.4906030,-91.7033219,208.1160,2,21,0.7,0.11781,158
771906,41.4906031,-91.7033218,208.0550,2,21,0.7,0.11781,158
772108,41.4906031,-91.7033218,2359.863,2,21,0.7,0.11781,158
772270,41.4906031,-91.7033218,2359.863,2,21,0.7,0.11781,158
772405,41.4906053,-91.7033215,208.1216,2,21,0.7,0.01381,158
772520,41.4906053,-91.7033215,208.1216,2,21,0.7,0.01381,158
772605,41.4906055,-91.7033207,208.0962,2,21,0.7,0.01381,158
772725,41.4906055,-91.7033207,208.0962,2,21,0.7,0.01381,158
772998,41.4906054,-91.7033204,208.1547,2,21,0.7,0.01381,158
773127,41.4906054,-91.7033204,208.1547,2,21,0.7,0.01381,158
773396,41.4906050,-91.7033231,208.2244,2,21,0.7,0.01381,158
773519,41.4906050,-91.7033231,208.2244,2,21,0.7,0.01381,158
773614,41.4906050,-91.7033225,208.2582,2,21,0.7,0.01381,158
773742,41.4906050,-91.7033225,208.2582,2,21,0.7,0.01381,158
774000,41.4906051,-91.7033209,208.2926,2,19,0.7,0.18909,158
774139,41.4906051,-91.7033209,208.2926,2,19,0.7,0.18909,158
774400,41.4906051,-91.7033203,208.3506,2,21,0.7,0.18909,158
774646,41.4906051,-91.7033203,208.3506,2,21,0.7,0.18909,158
774986,41.4906051,-91.7033197,208.4049,2,21,0.7,0.17N,158
775142,41.4906051,-91.7033197,208.4049,2,21,0.7,0.17N,158
775388,41.4906039,-91.7033240,208.2718,2,21,0.7,0.17N,158
775531,41.4906039,-91.7033240,208.2718,2,21,0.7,0.17N,158
775900,41.4906039,-91.7033240,208.2628,2,21,0.7,0.19372,158
775968,41.4906039,-91.7033240,208.2628,2,21,0.7,0.19372,158
776565,41.4906035,-91.7033233,208.2919,2,21,0.7,0.20520,158
776657,41.4906035,-91.7033233,208.2919,2,21,0.7,0.20520,158
776909,41.4906035,-91.7033232,208.2888,2,21,0.7,0.1260$GN,158
776983,41.4906035,-91.7033232,208.2888,2,21,0.7,0.1260$GN,158
777139,41.4906036,-91.7033233,208.2760,2,21,0.7,0.1260$GN,158
777290,41.4906036,-91.7033233,2,2,21,0.7,0.1260$GN,158
777481,41.4906028,-91.7033225,208.3070,2,05,4.6,0.1260$GN,158
777547,41.4906030,-91.7033223,208.2790,2,05,4.6,0.1260$GN,158
777697,41.4906029,-91.7033217,208.2487,2,05,4.6,187.773,158
777920,41.4906029,-91.7033219,208.2686,2,05,4.6,0.12224,158
778093,41.4906029,-91.7033219,208.2686,2,05,4.6,0.12224,158
778284,41.4906028,-91.7033231,208.3438,2,05,4.6,0.15094,158
778390,41.4906028,-91.7033230,208.3598,2,05,4.6,0.11116,158
778484,41.4906028,-91.7033230,208.3598,2,05,4.6,0.11116,158
778782,41.4906029,-91.7033231,208.3302,2,05,4.6,0.03964,158
778967,41.4906030,-91.7033231,208.3322,2,05,4.6,0.04482,158
779095,41.4906030,-91.7033231,23A,2,05,4.6,0.04482,158
779207,41.4906019,-91.7033237,208.4205,2,05,4.6,0.04482,158
779360,41.4906019,-91.7033237,208.4205,2,05,4.6,0.04482,158
779497,41.4906020,-91.7033233,208.3529,2,05,4.6,0.26631,158
779596,41.4906020,-91.7033236,208.3808,2,05,4.6,0.26758,158
779754,41.4906020,-91.7033236,208.3808,2,05,4.6,0.26758,158
779900,41.4906021,-91.7033237,208.3507,2,21,0.7,0.25792,158
780029,41.4906021,-91.7033237,208.3487,2,21,0.7,0.16691,158
780184,41.4906021,-91.7033237,208.3487,2,21,0.7,0.16691,158
780662,41.4906021,-91.7033237,208.3487,2,21,0.7,0.10763,158
780971,41.4906021,-91.7033221,208.3089,2,05,4.6,0.15286,158
781126,41.4906021,-91.7033221,208.3089,2,05,4.6,0.15286,158
781296,41.4906021,-91.7033227,208.3685,2,05,4.6,0.12027,158
781391,41.4906022,-91.7033225,208.3493,2,05,4.6,0.04001,158
781544,41.4906022,-91.7033225,208.3493,2,05,4.6,0.04001,158
782011,41.4906022,-91.7033223,208.3191,2,05,4.6,0.08276,158
782130,41.4906022,-91.7033223,208.3191,2,05,4.6,0.08276,158
782395,41.4906024,-91.7033218,208.4024,2,05,4.6,0.08276,158
782552,41.4906024,-91.7033218,208.4024,2,05,4.6,0.08276,158
782699,41.4906025,-91.7033217,208.3731,2,05,4.6,0.16347,158
782796,41.4906025,-91.7033217,208.3502,2,05,4.6,0.14832,158
782958,41.4906025,-91.7033217,208.3502,2,05,4.6,0.14832,158
783362,41.4906027,-91.7033200,208.2872,2,05,4.6,0.17808,158
783601,41.4906027,-91.7033203,208.2961,2,05,4.6,0.12148,158
783768,41.4906027,-91.7033203,208.2961,2,05,4.6,0.12148,158
784032,41.4906027,-91.7033196,208.3138,2,05,4.6,0.19800,158
784405,41.4906017,-91.7033197,208.4054,2,20,0.7,0.26291,158
784513,41.4906017,-91.7033197,208.4054,2,20,0.7,0.26291,158
784778,41.4906018,-91.7033193,208.3739,2,20,0.7,0.26291,158
784910,41.4906018,-91.7033193,208.3739,2,20,0.7,0.26291,158
785080,41.4906017,-91.7033195,208.3744,2,20,0.7,0.25158,158
785162,41.4906010,-91.7033169,208.2495,2,21,0.7,.8627,158
785395,41.4906012,-91.7033167,208.2038,2,21,0.7,0.16044,158
785512,41.4906012,-91.7033167,208.2038,2,21,0.7,0.16044,158
785786,41.4906011,-91.7033165,208.1470,2,21,0.7,0.16044,158
785964,41.4906011,-91.7033165,208.1470,2,21,0.7,0.16044,158
786196,41.4906002,-91.7033174,208.2837,2,21,0.7,0.16850,158
786324,41.4906002,-91.7033174,208.2837,2,21,0.7,0.16850,158
786597,41.4906002,-91.7033172,208.2288,2,21,0.7,0.16850,158
786721,41.4906002,-91.7033172,208.2288,2,21,0.7,0.16850,158
787008,41.4906002,-91.7033172,208.2224,2,21,0.7,0.16850,158
787295,41.4906002,-91.7033172,208.2224,2,21,0.7,0.16850,158
787482,41.4905993,-91.7033179,208.2321,2,21,0.7,0.16605,158
787586,41.4905993,-91.7033181,208.2421,2,21,0.7,0.15374,158
787704,41.4905993,-91.7033181,208.2421,2,21,0.7,0.15374,158
787901,41.4905992,-91.7033178,208.1558,2,21,0.7,0.15374,158
787985,41.4905992,-91.7033178,208.1558,2,21,0.7,0.15374,158
788178,41.4905992,-91.7033184,208.1943,2,21,0.7,0.15374,158
788322,41.4905992,-91.7033184,2,2,21,0.7,0.15374,158
788386,41.4905985,-91.7033189,208.1718,2,20,0.7,0.15374,158
788529,41.4905985,-91.7033189,2,2,20,0.7,0.15374,158
788774,41.4905985,-91.7033184,208.1221,2,20,0.7,0.15374,158
788843,41.4905985,-91.7033184,2,2,20,0.7,0.15374,158
789004,41.4905987,-91.7033184,208.0929,2,21,0.7,0.2697$GN,158
789155,41.4905987,-91.7033184,208.0929,2,21,0.7,0.2697$GN,158
789297,41.4905979,-91.7033206,208.2442,2,21,0.7,0.24930,158
789401,41.4905979,-91.7033201,208.2606,2,21,0.7,0.22204,158
789629,41.4905979,-91.7033201,208.2606,2,21,0.7,0.22204,158
789881,41.4905979,-91.7033207,208.2478,2,21,0.7,0.11817,158
789991,41.4905978,-91.7033202,208.3007,2,21,0.7,0.17076,158
790109,41.4905978,-91.7033202,208.3007,2,21,0.7,0.17076,158
790389,41.4905963,-91.7033205,207.9754,2,21,0.7,T,158
790485,41.4905963,-91.7033205,207.9754,2,21,0.7,T,158
790792,41.4905962,-91.7033205,208.0009,2,21,0.7,0.24865,158
790933,41.4905962,-91.7033205,208.0009,2,21,0.7,0.24865,158
791106,41.4905956,-91.7033197,207.9952,2,05,4.6,0.03905,158
791336,41.4905956,-91.7033195,207.9286,2,05,4.6,0.08007,158
791492,41.4905956,-91.7033195,207.9286,2,05,4.6,0.08007,158
791922,41.4905956,-91.7033197,207.9349,2,21,0.7,0.25914,158
792043,41.4905956,-91.7033197,207.9349,2,21,0.7,0.25914,158
792291,41.4905941,-91.7033201,208.0460,2,21,0.7,0.25914,158
792419,41.4905941,-91.7033201,208.0460,2,21,0.7,0.25914,158
792962,41.4905941,-91.7033198,208.0202,2,21,0.7,0.32959,158
793217,41.4905941,-91.7033198,208.0202,2,21,0.7,0.32959,158
793578,41.4905940,-91.7033202,208.0128,2,21,0.7,0.32959,158
793990,41.4905938,-91.7033207,208.0586,2,05,4.6,173030.40,158
794105,41.4905938,-91.7033207,208.0586,2,05,4.6,173030.40,158
794192,41.4905940,-91.7033204,208.0279,2,05,4.6,173030.40,158
794341,41.4905940,-91.7033204,208.0279,2,05,4.6,173030.40,158
794757,41.4905938,-91.7033213,208.0354,2,20,0.7,0.56008,158
794862,41.4905938,-91.7033213,208.0354,2,20,0.7,0.56008,158
795016,41.4905940,-91.7033208,207.9722,2,20,0.7,0.5070$GN,158
795169,41.4905940,-91.7033208,207.9722,2,20,0.7,0.5070$GN,158
795296,41.4905939,-91.7033212,208.0479,2,21,0.7,0.47118,158
795551,41.4905938,-91.7033217,208.0635,2,21,0.7,0.43071,158
795668,41.4905938,-91.7033217,208.0635,2,21,0.7,0.43071,158
795897,41.4905938,-91.7033216,208.0358,2,21,0.7,0.18472,158
796004,41.4905938,-91.7033215,208.0522,2,21,0.7,0.17557,158
796168,41.4905938,-91.7033215,208.0522,2,21,0.7,0.17557,158
796416,41.4905938,-91.7033215,207.9409,2,21,0.7,0.07964,158
796543,41.4905938,-91.7033216,207.9427,2,21,0.7,0.06465,158
796672,41.4905938,-91.7033216,20413,2,21,0.7,0.06465,158
797190,41.4905938,-91.7033226,207.8186,2,21,0.7,0.21867,158
797299,41.4905938,-91.7033226,207.8186,2,21,0.7,0.21867,158
797394,41.4905939,-91.7033230,207.7725,2,21,0.7,0.21867,158
797506,41.4905939,-91.7033230,207.7725,2,21,0.7,0.21867,158
797679,41.4905939,-91.7033235,207.7441,2,21,0.7,0.21867,158
797826,41.4905939,-91.7033235,207.7441,2,21,0.7,0.21867,158
798112,41.4905885,-91.7033214,207.9166,2,21,0.7,0.34189,158
798381,41.4905886,-91.7033213,207.8936,2,21,0.7,0.35945,158
798564,41.4905886,-91.7033213,207.8936,2,21,0.7,0.35945,158
798714,41.4905885,-91.7033209,207.8653,2,21,0.7,0.35715,158
798985,41.4905885,-91.7033209,207.8687,2,21,0.7,0.38752,158
799142,41.4905885,-91.7033209,207.8687,2,21,0.7,0.38752,158
799338,41.4905885,-91.7033209,207.8687,2,21,0.7,0.35782,158
799806,41.4905900,-91.7033204,207.8537,2,21,0.7,0.35782,158
800076,41.4905900,-91.7033207,207.8547,2,20,0.7,0.40904,158
800245,41.4905900,-91.7033207,207.8547,2,20,0.7,0.40904,158
800561,41.4905901,-91.7033210,207.8043,2,21,0.7,0.35401,158
800779,41.4905900,-91.7033209,207.8185,2,21,0.7,0.35401,158
801084,41.4905902,-91.7033209,207.7727,2,05,6.5,0.55659,158
801194,41.4905903,-91.7033211,207.7920,2,05,6.5,0.63370,158
801359,41.4905903,-91.7033211,207.7920,2,05,6.5,0.63370,158
801507,41.4905902,-91.7033207,207.7696,2,21,0.7,0.64946,158
801690,41.4905903,-91.7033204,207.7765,2,21,0.7,0.64858,158
801898,41.4905903,-91.7033204,207.7765,2,21,0.7,0.64858,158
802093,41.4905903,-91.7033205,207.7549,2,21,0.7,0.58679,158
802203,41.4905902,-91.7033203,207.7629,2,21,0.7,0.55673,158
802311,41.4905902,-91.7033203,207.7629,2,21,0.7,0.55673,158
802405,41.4905903,-91.7033204,207.7233,2,21,0.7,0.55673,158
802512,41.4905903,-91.7033204,207.7233,2,21,0.7,0.55673,158
802897,41.4905904,-91.7033202,207.7342,2,21,0.7,0.55673,158
803082,41.4905904,-91.7033202,207.7342,2,21,0.7,0.55673,158
803305,41.4905943,-91.7033176,207.7156,2,21,0.7,0.16453,158
803389,41.4905942,-91.7033174,207.6810,2,21,0.7,0.36756,158
803485,41.4905942,-91.7033174,207.6810,2,21,0.7,0.36756,158
803792,41.4905941,-91.7033175,207.7347,2,21,0.7,0.21484,158
803896,41.4905941,-91.7033175,207.7347,2,21,0.7,0.21484,158
803998,41.4905941,-91.7033177,207.7375,2,21,0.7,0.21484,158
804113,41.4905941,-91.7033177,207.7375,2,21,0.7,0.21484,158
804302,41.4905975,-91.7033160,207.5994,2,21,0.7,0.21484,158
804375,41.4905975,-91.7033160,207.5994,2,21,0.7,0.21484,158
804556,41.4905974,-91.7033157,207.6120,2,21,0.7,0.21484,158
804798,41.4905975,-91.7033148,207.6621,2,20,0.7,0.22727,158
804908,41.4905975,-91.7033148,207.6621,2,20,0.7,0.22727,158
805038,41.4905975,-91.7033144,207.6734,2,20,0.7,0.22727,158
805198,41.4905975,-91.7033144,207.6734,2,20,0.7,0.22727,158
805823,41.4905969,-91.7033169,207.7857,2,21,0.7,0.27745,158
805947,41.4905969,-91.7033169,207.7857,2,21,0.7,0.27745,158
806359,41.4905964,-91.7033208,207.6838,2,21,0.7,0.27745,158
806468,41.4905964,-91.7033208,2235.128,2,21,0.7,0.27745,158
806747,41.4905965,-91.7033205,207.6642,2,20,0.7,0.13250.2,158
806879,41.4905965,-91.7033204,207.6683,2,20,0.7,0.07861,158
806953,41.4905966,-91.7033200,207.6392,2,20,0.7,0.07861,158
807195,41.4905965,-91.7033207,207.6954,2,20,0.7,0.13474,158
807301,41.4905965,-91.7033207,207.6954,2,20,0.7,0.13474,158
807395,41.4905966,-91.7033202,207.6371,2,20,0.7,0.13474,158
807505,41.4905966,-91.7033202,207.6371,2,20,0.7,0.13474,158
807597,41.4905965,-91.7033203,207.6473,2,20,0.7,0.13474,158
807710,41.4905965,-91.7033203,207.6473,2,20,0.7,0.13474,158
807980,41.4905966,-91.7033204,207.6349,2,20,0.7,0.13474,158
808133,41.4905966,-91.7033204,207.6349,2,20,0.7,0.13474,158
808334,41.4905966,-91.7033203,2053,2,21,0.7,0.09693,158
808537,41.4905965,-91.7033210,207.6570,2,20,0.7,0.09693,158
808665,41.4905965,-91.7033210,207.6570,2,20,0.7,0.09693,158
808904,41.4905964,-91.7033214,207.6485,2,20,0.7,0.17640.4,158
808994,41.4905966,-91.7033210,207.6339,2,20,0.7,0.23827,158
809112,41.4905966,-91.7033210,207.6339,2,20,0.7,0.23827,158
809374,41.4905964,-91.7033217,207.6567,2,20,0.7,0.23827,158
809498,41.4905964,-91.7033217,207.6567,2,20,0.7,0.23827,158
809765,41.4905963,-91.7033217,207.6700,2,20,0.7,0.16913,158
809999,41.4905965,-91.7033212,207.6596,2,20,0.7,0.09619,158
810124,41.4905965,-91.7033212,207.6596,2,20,0.7,0.09619,158
810212,41.4905964,-91.7033224,207.6688,2,20,0.7,0.09619,158
810330,41.4905964,-91.7033224,207.6688,2,20,0.7,0.09619,158
810789,41.4905964,-91.7033228,207.6501,2,20,0.7,0.09619,158
810964,41.4905964,-91.7033228,25.598,2,20,0.7,0.09619,158
811391,41.4905961,-91.7033307,207.5724,2,20,0.7,0.09539,158
811569,41.4905961,-91.7033307,207.5724,2,20,0.7,0.09539,158
811819,41.4905960,-91.7033305,207.5738,2,20,0.7,0.10691,158
811957,41.4905962,-91.7033305,207.5628,2,20,0.7,0.11288,158
812092,41.4905962,-91.7033305,230,2,20,0.7,0.11288,158
812391,41.4905960,-91.7033310,207.6059,2,20,0.7,0.11288,158
812501,41.4905960,-91.7033310,207.6059,2,20,0.7,0.11288,158
812706,41.4905960,-91.7033311,207.5874,2,20,0.7,0.11288,158
812873,41.4905960,-91.7033311,207.5874,2,20,0.7,0.11288,158
812999,41.4905959,-91.7033313,207.6610,2,20,0.7,0.11288,158
813141,41.4905959,-91.7033313,207.6610,2,20,0.7,0.11288,158
813564,41.4905973,-91.7033317,207.5034,2,20,0.7,0.13863,158
813684,41.4905973,-91.7033317,21.369,2,20,0.7,0.13863,158
813998,41.4905973,-91.7033313,207.4818,2,20,0.7,T,158
814133,41.4905973,-91.7033313,207.4818,2,20,0.7,T,158
814384,41.4905973,-91.7033313,207.4818,2,20,0.7,T,158
814524,41.4905978,-91.7033326,207.5569,2,05,2.2,0.12273,158
814649,41.4905978,-91.7033326,2265,2,05,2.2,0.12273,158
814917,41.4905979,-91.7033325,207.5071,2,05,2.2,0.0842$GN,158
815059,41.4905979,-91.7033325,207.5071,2,05,2.2,0.0842$GN,158
815390,41.4905978,-91.7033324,207.6088,2,20,0.7,0.09330.1,158
815526,41.4905978,-91.7033324,207.6088,2,20,0.7,0.09330.1,158
815792,41.4905978,-91.7033320,207.6200,2,20,0.7,0.08180,158
815884,41.4905978,-91.7033320,207.6200,2,20,0.7,0.08180,158
816195,41.4905977,-91.7033325,207.6137,2,20,0.7,0.14692,158
816288,41.4905977,-91.7033325,207.6137,2,20,0.7,0.14692,158
816639,41.4905976,-91.7033324,207.6936,2,20,0.7,0.17034,158
816745,41.4905976,-91.7033324,207.6936,2,20,0.7,0.17034,158
816969,41.4905976,-91.7033324,207.6936,2,20,0.7,0.17034,158
817390,41.4905967,-91.7033332,207.6361,2,20,0.7,0.08172,158
817549,41.4905967,-91.7033332,207.6361,2,20,0.7,0.08172,158
818156,41.4905961,-91.7033344,207.5992,2,20,0.7,0.08848,158
818297,41.4905958,-91.7033343,207.6312,2,20,0.7,0.14261,158
818402,41.4905959,-91.7033342,207.6832,2,20,0.7,0.10891,158
818627,41.4905959,-91.7033342,207.6832,2,20,0.7,0.10891,158
819047,41.4905958,-91.7033341,207.7247,2,20,0.7,0.10891,158
819141,41.4905960,-91.7033343,207.6656,2,20,0.7,0.10891,158
819391,41.4905951,-91.7033357,207.4990,2,20,0.7,N,158
819487,41.4905951,-91.7033357,207.4990,2,20,0.7,N,158
819790,41.4905952,-91.7033356,207.4594,2,20,0.7,0.08326,158
819937,41.4905952,-91.7033356,207.4594,2,20,0.7,0.08326,158
820205,41.4905952,-91.7033356,207.4594,2,20,0.7,0.08872,158
820520,41.4905940,-91.7033345,207.4355,2,20,0.7,0.08872,158
820607,41.4905940,-91.7033345,2009142.200,2,20,0.7,0.08872,158
820987,41.4905939,-91.7033340,207.3539,2,20,0.7,0.07785,158
821128,41.4905939,-91.7033340,207.3539,2,20,0.7,0.07785,158
821210,41.4905941,-91.7033329,207.4053,2,20,0.7,0.25370,158
821319,41.4905941,-91.7033329,207.4053,2,20,0.7,0.25370,158
821586,41.4905941,-91.7033326,207.3976,2,20,0.7,0.25370,158
821712,41.4905941,-91.7033326,207.3976,2,20,0.7,0.25370,158
822124,41.4905941,-91.7033323,207.3665,2,20,0.7,0.19708,158
822253,41.4905941,-91.7033323,207.3665,2,20,0.7,0.19708,158
822406,41.4905929,-91.7033327,207.2726,2,20,0.7,0.17759,158
822505,41.4905929,-91.7033327,207.2726,2,20,0.7,0.17759,158
822602,41.4905927,-91.7033326,207.2348,2,20,0.7,0.17759,158
822700,41.4905927,-91.7033326,207.2348,2,20,0.7,0.17759,158
822791,41.4905928,-91.7033328,207.1918,2,20,0.7,0.17759,158
822897,41.4905928,-91.7033328,207.1918,2,20,0.7,0.17759,158
822999,41.4905928,-91.7033327,207.1564,2,20,0.7,0.17759,158
823120,41.4905928,-91.7033327,207.1564,2,20,0.7,0.17759,158
823386,41.4905928,-91.7033329,207.1385,2,20,0.7,0.17759,158
823557,41.4905928,-91.7033329,207.1385,2,20,0.7,0.17759,158
823798,41.4905927,-91.7033329,207.1630,2,20,0.7,0.17753,158
823909,41.4905927,-91.7033329,207.1630,2,20,0.7,0.17753,158
824164,41.4905925,-91.7033328,207.1825,2,20,0.7,0.17753,158
824296,41.4905925,-91.7033328,207.1825,2,20,0.7,0.17753,158
824676,41.4905926,-91.7033327,207.1436,2,20,0.7,0.12511,158
825184,41.4905926,-91.7033328,207.1401,2,20,0.7,0.10298,158
825290,41.4905926,-91.7033328,207.1401,2,20,0.7,0.10298,158
825388,41.4905926,-91.7033329,207.1279,2,20,0.7,0.10298,158
825499,41.4905926,-91.7033329,207.1279,2,20,0.7,0.10298,158
825592,41.4905927,-91.7033329,207.1597,2,20,0.7,0.10298,158
825709,41.4905927,-91.7033329,207.1597,2,20,0.7,0.10298,158
825946,41.4905929,-91.7033330,207.1232,2,20,0.7,0.10298,158
826118,41.4905929,-91.7033330,207.1232,2,20,0.7,0.10298,158
826394,41.4905926,-91.7033323,207.1475,2,19,0.7,0.10298,158
826508,41.4905926,-91.7033323,207.1475,2,19,0.7,0.10298,158
826703,41.4905926,-91.7033319,207.1348,2,20,0.7,0.10298,158
826839,41.4905926,-91.7033319,207.1348,2,20,0.7,0.10298,158
827200,41.4905884,-91.7033302,207.0656,2,20,0.7,0.28140,158
827322,41.4905884,-91.7033302,207.0656,2,20,0.7,0.28140,158
827416,41.4905884,-91.7033306,207.0662,2,20,0.7,0.28140,158
827657,41.4905884,-91.7033306,207.0662,2,20,0.7,0.28140,158
827933,41.4905884,-91.7033306,207.0662,2,20,0.7,0.28140,158
828184,41.4905882,-91.7033303,207.0955,2,20,0.7,0.28140,158
828534,41.4905883,-91.7033309,207.0820,2,20,0.7,0.28140,158
828627,41.4905883,-91.7033309,2,2,20,0.7,0.28140,158
828693,41.4905882,-91.7033321,207.1544,2,20,0.7,0.26595,158
828794,41.4905882,-91.7033328,207.1416,2,20,0.7,0.45438,158
828935,41.4905882,-91.7033328,207.1416,2,20,0.7,0.45438,158
829391,41.4905837,-91.7033308,207.0636,2,20,0.7,0.28235,158
829556,41.4905837,-91.7033308,207.0636,2,20,0.7,0.28235,158
829938,41.4905838,-91.7033312,207.0912,2,20,0.7,0.21399,158
830066,41.4905838,-91.7033312,207.0912,2,20,0.7,0.21399,158
830389,41.4905817,-91.7033271,207.0349,2,20,0.7,0.21399,158
830510,41.4905817,-91.7033271,207.0349,2,20,0.7,0.21399,158
830947,41.4905820,-91.7033269,206.9741,2,20,0.7,0.08301,158
831116,41.4905820,-91.7033269,206.9741,2,20,0.7,0.08301,158
831547,41.4905820,-91.7033270,206.9747,2,20,0.7,0.15171,158
831668,41.4905820,-91.7033270,206.9747,2,20,0.7,0.15171,158
831900,41.4905819,-91.7033260,206.9434,2,19,0.8,0.221226,158
831992,41.4905820,-91.7033256,206.9190,2,18,0.8,0.08914,158
832104,41.4905820,-91.7033256,206.9190,2,18,0.8,0.08914,158
832192,41.4905821,-91.7033251,206.9076,2,20,0.7,0.08914,158
832295,41.4905821,-91.7033251,206.9076,2,20,0.7,0.08914,158
832406,41.4905819,-91.7033242,206.8980,2,19,0.8,0.08914,158
832558,41.4905819,-91.7033242,206.8980,2,19,0.8,0.08914,158
832796,41.4905817,-91.7033231,206.8878,2,19,0.8,0.25472,158
832902,41.4905817,-91.7033231,206.8878,2,19,0.8,0.25472,158
833001,41.4905817,-91.7033229,206.8684,2,19,0.8,0.25472,158
833126,41.4905817,-91.7033229,206.8684,2,19,0.8,0.25472,158
833393,41.4905816,-91.7033179,206.9547,2,20,0.7,0.25472,158
833568,41.4905816,-91.7033179,206.9547,2,20,0.7,0.25472,158
833708,41.4905815,-91.7033179,206.9200,2,18,0.8,0.44207,158
833919,41.4905816,-91.7033179,206.8847,2,18,0.8,0.33992,158
834091,41.4905816,-91.7033179,206.8847,2,18,0.8,0.33992,158
834190,41.4905815,-91.7033182,206.7420,2,20,0.7,15.906,158
834290,41.4905815,-91.7033182,206.7420,2,20,0.7,15.906,158
834392,41.4905815,-91.7033183,206.6701,2,20,0.7,15.906,158
834494,41.4905815,-91.7033183,206.6701,2,20,0.7,15.906,158
834594,41.4905815,-91.7033184,206.6041,2,19,0.8,15.906,158
834747,41.4905815,-91.7033184,206.6041,2,19,0.8,15.906,158
834911,41.4905813,-91.7033183,206.5097,2,18,0.8,0.42037,158
834999,41.4905813,-91.7033184,206.4838,2,17,0.8,0.42626,158
835122,41.4905813,-91.7033184,206.4838,2,17,0.8,0.42626,158
835392,41.4905858,-91.7033138,206.8041,2,20,0.7,0.42626,158
835569,41.4905858,-91.7033138,206.8041,2,20,0.7,0.42626,158
835712,41.4905857,-91.7033139,206.8464,2,19,0.8,0.39279,158
835983,41.4905858,-91.7033140,206.8358,2,19,0.8,0.41706,158
836113,41.4905858,-91.7033140,206.8358,2,19,0.8,0.41706,158
836488,41.4905859,-91.7033140,206.8135,2,20,0.7,0.40542,158
836702,41.4905858,-91.7033141,206.8260,2,19,0.8,9,158
836802,41.4905858,-91.7033141,206.8260,2,19,0.8,9,158
837191,41.4905859,-91.7033141,206.7812,2,20,0.7,0.33299,158
837300,41.4905859,-91.7033141,206.7812,2,20,0.7,0.33299,158
837506,41.4905861,-91.7033141,206.7580,2,20,0.7,0.33299,158
837650,41.4905861,-91.7033141,206.7580,2,20,0.7,0.33299,158
837794,41.4905861,-91.7033142,206.7899,2,18,0.8,0.33299,158
837906,41.4905861,-91.7033142,206.7899,2,18,0.8,0.33299,158
838005,41.4905860,-91.7033143,206.7751,2,18,0.8,0.33299,158
838123,41.4905860,-91.7033143,206.7751,2,18,0.8,0.33299,158
838215,41.4905861,-91.7033141,206.7773,2,20,0.7,0.33299,158
838340,41.4905861,-91.7033141,206.7773,2,20,0.7,0.33299,158
838600,41.4905860,-91.7033140,206.7903,2,20,0.7,0.32691,158
838724,41.4905860,-91.7033140,206.7903,2,20,0.7,0.32691,158
839006,41.4905861,-91.7033144,206.8117,2,20,0.7,0.32691,158
839252,41.4905861,-91.7033144,206.8117,2,20,0.7,0.32691,158
839539,41.4905861,-91.7033144,206.8117,2,20,0.7,0.32691,158
839768,41.4905860,-91.7033140,206.7981,2,20,0.7,0.32691,158
839876,41.4905860,-91.7033140,206.79,2,20,0.7,0.32691,158
840194,41.4905868,-91.7033110,206.7853,2,20,0.7,1,158
840310,41.4905868,-91.7033110,206.7853,2,20,0.7,1,158
840585,41.4905868,-91.7033110,206.7887,2,20,0.7,1,158
840765,41.4905868,-91.7033110,206.7887,2,20,0.7,1,158
841000,41.4905869,-91.7033111,206.7690,2,20,0.7,0.17348,158
841116,41.4905869,-91.7033111,206.7690,2,20,0.7,0.17348,158
841263,41.4905869,-91.7033110,206.7873,2,20,0.7,0.17348,158
841372,41.4905869,-91.7033110,206.7873,2,20,0.7,0.17348,158
841599,41.4905869,-91.7033112,206.8023,2,20,0.7,0.17348,158
841708,41.4905869,-91.7033112,206.8023,2,20,0.7,0.17348,158
841802,41.4905868,-91.7033110,206.7877,2,20,0.7,0.17348,158
841913,41.4905868,-91.7033110,206.7877,2,20,0.7,0.17348,158
842128,41.4905869,-91.7033110,206.7876,2,20,0.7,0.17348,158
842254,41.4905869,-91.7033110,206.7876,2,20,0.7,0.17348,158
842585,41.4905869,-91.7033112,206.7839,2,20,0.7,0.2704$GN,158
842716,41.4905869,-91.7033112,206.7839,2,20,0.7,0.2704$GN,158
842996,41.4905869,-91.7033113,206.7809,2,20,0.7,0.25515,158
843108,41.4905869,-91.7033113,206.7809,2,20,0.7,0.25515,158
843195,41.4905867,-91.7033111,206.8208,2,20,0.7,0.25515,158
843297,41.4905867,-91.7033111,206.8208,2,20,0.7,0.25515,158
843395,41.4905867,-91.7033110,206.8113,2,20,0.7,0.25515,158
843501,41.4905867,-91.7033110,206.8113,2,20,0.7,0.25515,158
843731,41.4905867,-91.7033111,206.7956,2,20,0.7,0.25515,158
843900,41.4905867,-91.7033111,206.7956,2,20,0.7,0.25515,158
844399,41.4905837,-91.7033048,206.8104,2,20,0.7,0.12781,158
844510,41.4905837,-91.7033048,206.8104,2,20,0.7,0.12781,158
844709,41.4905836,-91.7033048,206.8415,2,20,0.7,0.12781,158
844875,41.4905836,-91.7033048,206.8415,2,20,0.7,0.12781,158
845630,41.4905802,-91.7032992,206.8817,2,20,0.7,0.29056,158
845754,41.4905802,-91.7032992,206.8817,2,20,0.7,0.29056,158
845995,41.4905803,-91.7032993,206.8546,2,20,0.7,0.24615,158
846111,41.4905803,-91.7032993,206.8546,2,20,0.7,0.24615,158
846197,41.4905803,-91.7032993,206.8628,2,21,0.7,0.24615,158
846304,41.4905803,-91.7032993,206.8628,2,21,0.7,0.24615,158
846396,41.4905801,-91.7032992,206.9487,2,21,0.7,0.24615,158
846506,41.4905801,-91.7032992,206.9487,2,21,0.7,0.24615,158
846763,41.4905803,-91.7032992,206.9171,2,20,0.8,0.24615,158
846873,41.4905803,-91.7032992,206.9171,2,20,0.8,0.24615,158
847124,41.4905803,-91.7032995,206.8851,2,19,0.8,0.24615,158
847398,41.4905805,-91.7032994,206.8418,2,21,0.7,0.35233,158
847514,41.4905805,-91.7032994,206.8418,2,21,0.7,0.35233,158
847713,41.4905805,-91.7032994,206.8630,2,21,0.7,0.35233,158
847887,41.4905805,-91.7032994,206.8630,2,21,0.7,0.35233,158
848361,41.4905804,-91.7032992,206.8618,2,21,0.7,0.35233,158
848596,41.4905804,-91.7032992,206.8618,2,21,0.7,0.35233,158
848742,41.4905804,-91.7032993,206.8658,2,21,0.7,0.35233,158
848851,41.4905803,-91.7032993,206.9152,2,21,0.7,0.35233,158
848992,41.4905804,-91.7032994,206.8976,2,21,0.7,0.2032$GN,158
849115,41.4905804,-91.7032994,206.8976,2,21,0.7,0.2032$GN,158
849305,41.4905804,-91.7032994,206.8609,2,21,0.7,0.2032$GN,158
849383,41.4905804,-91.7032994,206.8609,2,21,0.7,0.2032$GN,158
849710,41.4905804,-91.7032997,206.8596,2,21,0.7,0.2032$GN,158
849913,41.4905804,-91.7032997,204,2,21,0.7,0.2032$GN,158
850318,41.4905804,-91.7032994,206.8694,2,21,0.7,0.23139,158
850516,41.4905803,-91.7032994,206.8840,2,21,0.7,0.24984,158
850602,41.4905803,-91.7032994,206.8840,2,21,0.7,0.24984,158
850940,41.4905801,-91.7032994,206.9138,2,21,0.7,0.24984,158
851061,41.4905801,-91.7032994,261,2,21,0.7,0.24984,158
851204,41.4905757,-91.7032983,206.9653,2,21,0.7,0.11810,158
851332,41.4905757,-91.7032983,206.9653,2,21,0.7,0.11810,158
851722,41.4905757,-91.7032982,206.9525,2,21,0.7,0.11810,158
851856,41.4905757,-91.7032982,206.9525,2,21,0.7,0.11810,158
852191,41.4905755,-91.7032980,206.9809,2,21,0.7,0.1616,158
852307,41.4905755,-91.7032980,206.9809,2,21,0.7,0.1616,158
852502,41.4905756,-91.7032982,206.9821,2,21,0.7,0.1616,158
852583,41.4905756,-91.7032982,206.9821,2,21,0.7,0.1616,158
852916,41.4905756,-91.7032983,207.0003,2,21,0.7,0.1616,158
853085,41.4905756,-91.7032983,222,2,21,0.7,0.1616,158
853518,41.4905757,-91.7032983,206.9715,2,21,0.7,0.09748,158
853594,41.4905757,-91.7032983,206.9715,2,21,0.7,0.09748,158
853940,41.4905756,-91.7032983,206.9968,2,21,0.7,0.09748,158
854031,41.4905756,-91.7032983,228,2,21,0.7,0.09748,158
854402,41.4905753,-91.7032980,207.0088,2,21,0.7,0.05418,158
854511,41.4905753,-91.7032980,207.0088,2,21,0.7,0.05418,158
854605,41.4905754,-91.7032981,207.0005,2,21,0.7,0.05418,158
854717,41.4905754,-91.7032981,207.0005,2,21,0.7,0.05418,158
854984,41.4905754,-91.7032981,206.9862,2,21,0.7,0.05418,158
855125,41.4905754,-91.7032981,206.9862,2,21,0.7,0.05418,158
855197,41.4905755,-91.7032982,207.0028,2,21,0.7,0.05418,158
855291,41.4905755,-91.7032982,207.0028,2,21,0.7,0.05418,158
855393,41.4905754,-91.7032982,206.9757,2,21,0.7,0.05418,158
855494,41.4905754,-91.7032982,206.9757,2,21,0.7,0.05418,158
855595,41.4905755,-91.7032982,206.9958,2,21,0.7,0.05418,158
855699,41.4905755,-91.7032982,206.9958,2,21,0.7,0.05418,158
855796,41.4905754,-91.7032980,206.9732,2,21,0.7,0.05418,158
855948,41.4905754,-91.7032980,206.9732,2,21,0.7,0.05418,158
856168,41.4905754,-91.7032981,206.9821,2,21,0.7,0.61212,158
856401,41.4905754,-91.7032981,206.9840,2,21,0.7,0.56339,158
856509,41.4905754,-91.7032981,206.9840,2,21,0.7,0.56339,158
856756,41.4905756,-91.7032983,206.9320,2,21,0.7,0.56339,158
856873,41.4905756,-91.7032983,206.9320,2,21,0.7,0.56339,158
857121,41.4905756,-91.7032982,206.9456,2,21,0.7,0.56339,158
857338,41.4905739,-91.7032924,207.0514,2,21,0.7,0.43874,158
857462,41.4905739,-91.7032924,207.0514,2,21,0.7,0.43874,158
857787,41.4905738,-91.7032925,207.0361,2,21,0.7,0.40892,158
857932,41.4905738,-91.7032925,207.0361,2,21,0.7,0.40892,158
858193,41.4905738,-91.7032923,207.0599,2,21,0.7,0.45221,158
858299,41.4905738,-91.7032923,207.0599,2,21,0.7,0.45221,158
858396,41.4905739,-91.7032925,207.0509,2,21,0.7,0.45221,158
858499,41.4905739,-91.7032925,207.0509,2,21,0.7,0.45221,158
858593,41.4905740,-91.7032924,207.0214,2,21,0.7,0.45221,158
858702,41.4905740,-91.7032924,207.0214,2,21,0.7,0.45221,158
858946,41.4905739,-91.7032923,206.9921,2,21,0.7,0.45221,158
859088,41.4905739,-91.7032923,206.9921,2,21,0.7,0.45221,158
859372,41.4905740,-91.7032854,207.0295,2,21,0.7,0.45221,158
859599,41.4905742,-91.7032849,207.0011,2,21,0.7,0.18941,158
859717,41.4905742,-91.7032849,207.0011,2,21,0.7,0.18941,158
859914,41.4905742,-91.7032848,206.9991,2,21,0.7,0.18941,158
860113,41.4905742,-91.7032848,206.9991,2,21,0.7,0.18941,158
860388,41.4905742,-91.7032847,206.9785,2,19,0.8,0.18941,158
860499,41.4905742,-91.7032847,2,2,19,0.8,0.18941,158
860772,41.4905741,-91.7032847,W,12,N,09142,0.21701,158
860997,41.4905740,-91.7032846,207.0102,2,21,0.7,0.15949,158
861122,41.4905740,-91.7032846,207.0102,2,21,0.7,0.15949,158
861315,41.4905741,-91.7032847,207.0069,2,21,0.7,0.15949,158
861395,41.4905741,-91.7032847,207.0069,2,21,0.7,0.15949,158
861725,41.4905740,-91.7032844,207.0270,2,21,0.7,0.15949,158
861848,41.4905740,-91.7032844,28,2,21,0.7,0.15949,158
862096,41.4905741,-91.7032846,206.9725,2,21,0.7,0.10698,158
862198,41.4905742,-91.7032847,206.9608,2,21,0.7,0.11623,158
862327,41.4905742,-91.7032847,206.9608,2,21,0.7,0.11623,158
862787,41.4905742,-91.7032848,206.9738,2,19,0.8,0.11623,158
862966,41.4905742,-91.7032848,2931,2,19,0.8,0.11623,158
863205,41.4905742,-91.7032850,206.9944,2,20,0.7,0.17362,158
863454,41.4905742,-91.7032850,206.9944,2,20,0.7,0.17362,158
863733,41.4905742,-91.7032850,206.9944,2,20,0.7,0.17362,158
863925,41.4905742,-91.7032850,206.9944,2,20,0.7,0.17362,158
864102,41.4905741,-91.7032847,206.9841,2,20,0.7,0.17362,158
864291,41.4905741,-91.7032847,206.9783,2,20,0.7,0.17362,158
864391,41.4905740,-91.7032847,207.0037,2,20,0.7,0.06805,158
864506,41.4905740,-91.7032847,207.0037,2,20,0.7,0.06805,158
864780,41.4905740,-91.7032845,206.9788,2,20,0.7,0.06805,158
864929,41.4905740,-91.7032845,206.9788,2,20,0.7,0.06805,158
865158,41.4905740,-91.7032845,206.9788,2,20,0.7,0.05661,158
865495,41.4905708,-91.7032796,207.0461,2,20,0.7,0.08058,158
865611,41.4905708,-91.7032796,207.0461,2,20,0.7,0.08058,158
866005,41.4905707,-91.7032802,207.1013,2,20,0.7,0.13383,158
866173,41.4905707,-91.7032802,207.1013,2,20,0.7,0.13383,158
866543,41.4905701,-91.7032774,207.0730,2,20,0.7,0.08294,158
866669,41.4905701,-91.7032774,207.0730,2,20,0.7,0.08294,158
867035,41.4905702,-91.7032786,207.1163,2,20,0.7,0.06610.1,158
867540,41.4905700,-91.7032788,207.1358,2,20,0.7,0.04453,158
867697,41.4905700,-91.7032788,207.1358,2,20,0.7,0.04453,158
867995,41.4905700,-91.7032786,207.1071,2,20,0.7,0.04453,158
868108,41.4905700,-91.7032786,207.1071,2,20,0.7,0.04453,158
868193,41.4905701,-91.7032787,207.1337,2,20,0.7,0.04453,158
868296,41.4905701,-91.7032787,207.1337,2,20,0.7,0.04453,158
868596,41.4905700,-91.7032785,207.1036,2,20,0.7,0.17585,158
868696,41.4905700,-91.7032785,207.1036,2,20,0.7,0.17585,158
868796,41.4905699,-91.7032785,207.1327,2,20,0.7,0.17585,158
868898,41.4905699,-91.7032785,207.1327,2,20,0.7,0.17585,158
869001,41.4905699,-91.7032785,207.1142,2,20,0.7,0.17585,158
869122,41.4905699,-91.7032785,207.1142,2,20,0.7,0.17585,158
869351,41.4905719,-91.7032766,207.0705,2,20,0.7,0.17585,158
869509,41.4905719,-91.7032766,207.0705,2,20,0.7,0.17585,158
869901,41.4905718,-91.7032766,207.0764,2,20,0.7,0.17585,158
870298,41.4905720,-91.7032766,207.0943,2,20,0.7,T,158
870577,41.4905726,-91.7032776,207.0373,2,20,0.7,0.07159,158
870648,41.4905726,-91.7032776,207.0181,2,20,0.7,0.07159,158
870792,41.4905724,-91.7032775,207.0716,2,19,0.7,0.4107$GN,158
870934,41.4905724,-91.7032775,207.0716,2,19,0.7,0.4107$GN,158
871193,41.4905708,-91.7032776,207.1357,2,20,0.7,0.42829,158
871289,41.4905708,-91.7032776,207.1357,2,20,0.7,0.42829,158
871595,41.4905708,-91.7032776,207.1345,2,19,0.7,0.29128,158
871700,41.4905708,-91.7032776,207.1345,2,19,0.7,0.29128,158
871796,41.4905710,-91.7032778,207.0736,2,20,0.7,0.29128,158
871904,41.4905710,-91.7032778,207.0736,2,20,0.7,0.29128,158
872111,41.4905709,-91.7032777,207.0843,2,20,0.7,0.29128,158
872252,41.4905709,-91.7032777,207.0843,2,20,0.7,0.29128,158
872403,41.4905707,-91.7032776,207.1231,2,20,0.7,0.29128,158
872559,41.4905710,-91.7032777,207.1336,2,20,0.7,0.29128,158
872670,41.4905710,-91.7032777,207.1336,2,20,0.7,0.29128,158
872923,41.4905707,-91.7032776,207.1622,2,18,0.8,0.1457$GN,158
873115,41.4905707,-91.7032776,207.1622,2,18,0.8,0.1457$GN,158
873391,41.4905708,-91.7032776,207.1659,2,20,0.7,0.1457$GN,158
873495,41.4905708,-91.7032776,207.1659,2,20,0.7,0.1457$GN,158
873593,41.4905707,-91.7032775,207.1510,2,20,0.7,0.1457$GN,158
873697,41.4905707,-91.7032775,207.1510,2,20,0.7,0.1457$GN,158
873796,41.4905708,-91.7032775,207.1332,2,20,0.7,0.1457$GN,158
873901,41.4905708,-91.7032775,207.1332,2,20,0.7,0.1457$GN,158
874000,41.4905707,-91.7032776,207.1016,2,20,0.7,0.1457$GN,158
874123,41.4905707,-91.7032776,207.1016,2,20,0.7,0.1457$GN,158
874392,41.4905708,-91.7032776,207.0953,2,20,0.7,0.1457$GN,158
874566,41.4905708,-91.7032776,207.0953,2,20,0.7,0.1457$GN,158
874718,41.4905707,-91.7032778,207.0597,2,20,0.7,0.16320,158
874984,41.4905707,-91.7032777,207.0485,2,20,0.7,0.09965,158
875136,41.4905707,-91.7032777,207.0485,2,20,0.7,0.09965,158
875585,41.4905706,-91.7032777,207.0009,2,20,0.7,0.11829,158
876030,41.4905707,-91.7032778,206.9958,2,20,0.7,0.11829,158
876141,41.4905707,-91.7032778,2,2,20,0.7,0.11829,158
876239,41.4905707,-91.7032778,2,2,20,0.7,0.15356,158
876388,41.4905707,-91.7032778,206.9712,2,20,0.7,0.0772$GN,158
876491,41.4905707,-91.7032778,206.9712,2,20,0.7,0.0772$GN,158
876590,41.4905706,-91.7032777,207.0121,2,20,0.7,0.0772$GN,158
876700,41.4905706,-91.7032777,207.0121,2,20,0.7,0.0772$GN,158
876928,41.4905707,-91.7032779,206.9768,2,20,0.7,0.0772$GN,158
877088,41.4905707,-91.7032779,206.9768,2,20,0.7,0.0772$GN,158
877302,41.4905707,-91.7032778,206.9799,2,21,0.7,0.GST,158
877402,41.4905707,-91.7032780,206.9690,2,19,0.7,0.25659,158
877517,41.4905707,-91.7032780,206.9690,2,19,0.7,0.25659,158
877794,41.4905707,-91.7032778,206.9566,2,18,0.7,0.25659,158
877971,41.4905707,-91.7032778,206.9566,2,18,0.7,0.25659,158
878122,41.4905707,-91.7032777,206.9689,2,21,0.7,0.28500,158
878216,41.4905708,-91.7032778,206.9637,2,21,0.7,0.28650,158
878462,41.4905708,-91.7032778,206.9637,2,21,0.7,0.28650,158
878750,41.4905708,-91.7032778,206.9637,2,21,0.7,0.28650,158
879086,41.4905706,-91.7032777,206.9725,2,21,0.7,0.32270,158
879189,41.4905707,-91.7032779,206.9290,2,21,0.7,0.30904,158
879303,41.4905707,-91.7032779,206.9290,2,21,0.7,0.30904,158
879588,41.4905707,-91.7032779,206.9290,2,21,0.7,0.30904,158
879899,41.4905706,-91.7032777,206.9468,2,21,0.7,0.30904,158
879986,41.4905706,-91.7032777,209,2,21,0.7,0.30904,158
880196,41.4905707,-91.7032779,206.9230,2,21,0.7,0.33890,158
880339,41.4905707,-91.7032779,206.9230,2,21,0.7,0.33890,158
880768,41.4905706,-91.7032779,206.9354,2,21,0.7,0.44816,158
880871,41.4905706,-91.7032779,206.9354,2,21,0.7,0.44816,158
881187,41.4905708,-91.7032780,206.9158,2,21,0.7,0.44816,158
881298,41.4905708,-91.7032781,206.8827,2,05,1.9,0.19027,158
881402,41.4905709,-91.7032783,206.8834,2,05,1.9,0.14177,158
881557,41.4905709,-91.7032783,206.8834,2,05,1.9,0.14177,158
881817,41.4905708,-91.7032781,206.8938,2,05,1.9,0.15376,158
881930,41.4905707,-91.7032780,206.9062,2,05,1.9,0.16534,158
882083,41.4905707,-91.7032780,2$GNRMC,2,05,1.9,0.16534,158
882194,41.4905708,-91.7032780,206.8984,2,05,1.9,0.16534,158
882340,41.4905708,-91.7032780,206.8984,2,05,1.9,0.16534,158
882489,41.4905659,-91.7032795,206.8228,2,05,1.9,0.16534,158
882734,41.4905659,-91.7032795,206.8225,2,05,1.9,0.10904,158
882802,41.4905659,-91.7032795,206.8225,2,05,1.9,0.10904,158
882883,41.4905659,-91.7032795,206.8225,2,05,1.9,0.10904,158
882948,41.4905661,-91.7032795,206.8335,2,05,1.9,0.10904,158
883187,41.4905660,-91.7032795,206.8355,2,05,1.9,0.23223,158
883359,41.4905660,-91.7032795,206.7929,2,05,1.9,0.23223,158
883439,41.4905660,-91.7032795,227.501,2,05,1.9,0.23223,158
883719,41.4905660,-91.7032796,206.8190,2,05,1.9,0.1365$GN,158
883797,41.4905660,-91.7032796,206.8190,2,05,1.9,0.1365$GN,158
883893,41.4905660,-91.7032796,206.8190,2,05,1.9,0.1365$GN,158
884096,41.4905659,-91.7032795,206.8187,2,05,1.9,0.1365$GN,158
884257,41.4905659,-91.7032794,206.8154,2,05,1.9,0.08682,158
884321,41.4905659,-91.7032794,28,2,05,1.9,0.08682,158
884552,41.4905660,-91.7032795,206.8351,2,05,1.9,0.1606$GN,158
884715,41.4905660,-91.7032795,206.8351,2,05,1.9,0.1606$GN,158
884891,41.4905659,-91.7032794,206.8175,2,05,1.9,0.05847,158
884995,41.4905660,-91.7032796,206.8156,2,05,1.9,0.14893,158
885109,41.4905660,-91.7032796,206.8156,2,05,1.9,0.14893,158
885198,41.4905658,-91.7032793,206.8385,2,05,1.9,0.14893,158
885352,41.4905658,-91.7032793,206.8385,2,05,1.9,0.14893,158
885512,41.4905660,-91.7032796,206.8145,2,05,1.9,0.16664,158
885599,41.4905659,-91.7032795,206.8113,2,05,1.9,0.12691,158
885755,41.4905659,-91.7032795,206.8113,2,05,1.9,0.12691,158
886004,41.4905661,-91.7032797,206.7912,2,21,0.7,0.16315,158
886169,41.4905661,-91.7032797,206.7912,2,21,0.7,0.16315,158
886560,41.4905660,-91.7032796,206.7948,2,21,0.7,0.10308,158
886921,41.4905661,-91.7032797,206.7899,2,21,0.7,0.09963,158
887097,41.4905661,-91.7032797,206.7899,2,21,0.7,0.09963,158
887487,41.4905613,-91.7032808,206.7921,2,21,0.7,0.09963,158
887623,41.4905613,-91.7032808,206.7921,2,21,0.7,0.09963,158
887966,41.4905612,-91.7032806,206.8138,2,21,0.7,0.09963,158
888193,41.4905613,-91.7032807,206.8184,2,21,0.7,0.14223,158
888308,41.4905613,-91.7032807,206.8184,2,21,0.7,0.14223,158
888400,41.4905614,-91.7032810,206.8189,2,21,0.7,0.14223,158
888519,41.4905614,-91.7032810,206.8189,2,21,0.7,0.14223,158
888713,41.4905613,-91.7032809,206.8078,2,21,0.7,0.14223,158
888795,41.4905613,-91.7032809,206.8078,2,21,0.7,0.14223,158
889126,41.4905615,-91.7032811,206.8026,2,21,0.7,0.14223,158
889278,41.4905615,-91.7032811,20,2,21,0.7,0.14223,158
889388,41.4905613,-91.7032807,206.8283,2,05,1.9,0.14045,158
889502,41.4905612,-91.7032806,206.8328,2,05,1.9,0.14045,158
889577,41.4905612,-91.7032806,213,2,05,1.9,0.14045,158
889788,41.4905613,-91.7032806,206.8099,2,05,1.9,0.14045,158
890012,41.4905613,-91.7032807,206.8330,2,21,0.7,173207.00,158
890166,41.4905613,-91.7032807,206.8330,2,21,0.7,173207.00,158
890431,41.4905613,-91.7032807,206.7954,2,20,0.7,0.22187,158
890539,41.4905613,-91.7032807,206.7954,2,20,0.7,0.22187,158
890697,41.4905613,-91.7032807,206.7954,2,20,0.7,0.22187,158
890766,41.4905614,-91.7032809,206.8308,2,20,0.7,0.22187,158
891019,41.4905613,-91.7032808,206.8333,2,18,0.7,0.24557,158
891181,41.4905613,-91.7032808,206.8333,2,18,0.7,0.24557,158
891398,41.4905613,-91.7032809,206.8246,2,21,0.7,0.26007,158
891506,41.4905613,-91.7032809,206.8246,2,21,0.7,0.26007,158
891600,41.4905613,-91.7032808,206.8036,2,21,0.7,0.26007,158
891710,41.4905613,-91.7032808,206.8036,2,21,0.7,0.26007,158
891804,41.4905613,-91.7032808,206.8320,2,19,0.7,0.26007,158
891911,41.4905613,-91.7032808,206.8320,2,19,0.7,0.26007,158
892112,41.4905613,-91.7032807,206.8227,2,19,0.7,0.26007,158
892376,41.4905613,-91.7032807,206.8227,2,19,0.7,0.26007,158
892587,41.4905612,-91.7032808,206.8380,2,05,1.9,0.26007,158
892728,41.4905612,-91.7032808,206.8380,2,05,1.9,0.26007,158
892885,41.4905613,-91.7032808,206.8268,2,05,1.9,0.11589,158
893042,41.4905612,-91.7032807,206.8104,2,05,1.9,0.07042,158
893165,41.4905612,-91.7032807,206.8104,2,05,1.9,0.07042,158
893395,41.4905611,-91.7032807,206.8452,2,05,1.9,0.12915,158
893544,41.4905611,-91.7032807,206.8452,2,05,1.9,0.12915,158
893693,41.4905612,-91.7032807,206.8185,2,05,1.9,0.06155,158
893794,41.4905611,-91.7032807,206.8338,2,05,1.9,0.11706,158
893952,41.4905611,-91.7032807,206.8338,2,05,1.9,0.11706,158
894094,41.4905575,-91.7032771,206.9678,2,05,1.9,0.06379,158
894202,41.4905575,-91.7032771,206.9743,2,05,1.9,0.05246,158
894359,41.4905575,-91.7032771,206.9743,2,05,1.9,0.05246,158
894499,41.4905574,-91.7032769,206.9864,2,05,1.9,0.01492,158
894600,41.4905575,-91.7032770,206.9914,2,05,1.9,0.13510,158
894878,41.4905575,-91.7032770,206.9914,2,05,1.9,0.13510,158
895284,41.4905576,-91.7032770,206.9557,2,05,1.9,0.18264,158
895389,41.4905575,-91.7032772,206.9710,2,05,1.9,0.22706,158
895511,41.4905575,-91.7032772,206.9710,2,05,1.9,0.22706,158
895742,41.4905576,-91.7032772,206.9565,2,05,1.9,0.21802,158
895983,41.4905576,-91.7032772,206.9565,2,05,1.9,0.21802,158
896149,41.4905576,-91.7032771,206.9409,2,05,1.9,0.21802,158
896315,41.4905576,-91.7032771,206.9409,2,05,1.9,0.21802,158
896400,41.4905575,-91.7032771,206.9913,2,05,1.9,0.21802,158
896554,41.4905575,-91.7032771,206.9913,2,05,1.9,0.21802,158
896797,41.4905576,-91.7032772,206.9400,2,20,0.7,0.19422,158
896905,41.4905576,-91.7032772,206.9400,2,20,0.7,0.19422,158
897007,41.4905576,-91.7032772,206.9513,2,20,0.7,0.19422,158
897169,41.4905576,-91.7032772,206.9513,2,20,0.7,0.19422,158
897388,41.4905578,-91.7032771,206.9464,2,05,1.9,0.06590,158
897534,41.4905577,-91.7032770,206.9479,2,05,1.9,0.08187,158
897822,41.4905577,-91.7032770,206.699,2,05,1.9,0.08187,158
897987,41.4905577,-91.7032769,206.9413,2,05,1.9,0.08187,158
898060,41.4905576,-91.7032770,206.9516,2,05,1.9,0.08187,158
898178,41.4905576,-91.7032770,206.9516,2,05,1.9,0.08187,158
898341,41.4905576,-91.7032770,206.9516,2,05,1.9,0.15679,158
898628,41.4905576,-91.7032767,206.9563,2,21,0.7,0.15679,158
898838,41.4905576,-91.7032767,206.9563,2,21,0.7,0.15097,158
898989,41.4905575,-91.7032768,206.9656,2,05,1.9,0.09236,158
899119,41.4905577,-91.7032768,206.9565,2,05,1.9,0.01691,158
899197,41.4905577,-91.7032768,206,2,05,1.9,0.01691,158
899428,41.4905576,-91.7032770,206.9419,2,05,1.9,0.01691,158
899602,41.4905576,-91.7032770,206.9419,2,05,1.9,0.01691,158
899719,41.4905575,-91.7032769,206.9511,2,05,1.9,0.12271,158
899967,41.4905576,-91.7032768,206.9495,2,05,1.9,0.08509,158
900150,41.4905576,-91.7032768,206.9495,2,05,1.9,0.08509,158
900306,41.4905576,-91.7032771,206.9691,2,05,1.9,1.9,158
900652,41.4905576,-91.7032770,206.9529,2,05,1.9,0.07082,158
900853,41.4905576,-91.7032770,206.9529,2,05,1.9,0.07082,158
900992,41.4905576,-91.7032769,206.9588,2,05,1.9,0.07082,158
901116,41.4905576,-91.7032769,206.9588,2,05,1.9,0.07082,158
901364,41.4905608,-91.7032721,207.0624,2,05,1.9,0.07082,158
901539,41.4905608,-91.7032721,207.0624,2,05,1.9,0.07082,158
901795,41.4905607,-91.7032722,207.0593,2,05,1.9,0.12545,158
901957,41.4905607,-91.7032722,207.0593,2,05,1.9,0.12545,158
902276,41.4905607,-91.7032720,207.0731,2,05,1.9,0.13903,158
902449,41.4905607,-91.7032720,207.0731,2,05,1.9,0.13903,158
902558,41.4905606,-91.7032719,207.0823,2,05,1.9,0.13903,158
902923,41.4905607,-91.7032720,207.0756,2,05,1.9,0.23399,158
903030,41.4905607,-91.7032720,207.0756,2,05,1.9,0.23399,158
903300,41.4905605,-91.7032719,207.1207,2,05,1.9,0.22680,158
903423,41.4905606,-91.7032721,207.1184,2,05,1.9,0.26553,158
903579,41.4905606,-91.7032721,207.1184,2,05,1.9,0.26553,158
903820,41.4905605,-91.7032718,207.1302,2,05,1.9,0.18722,158
903941,41.4905606,-91.7032720,207.1377,2,05,1.9,0.23303,158
904007,41.4905606,-91.7032720,2$GNRMC,2,05,1.9,0.23303,158
904079,41.4905606,-91.7032719,207.0894,2,05,1.9,0.23303,158
904220,41.4905606,-91.7032719,207.0894,2,05,1.9,0.23303,158
904281,41.4905605,-91.7032719,207.1366,2,05,1.9,0.23303,158
904344,41.4905605,-91.7032719,207.1095,2,05,1.9,0.09358,158
904467,41.4905605,-91.7032719,207.1229,2,05,1.9,0.13103,158
904531,41.4905605,-91.7032719,207.12.841,2,05,1.9,0.13103,158
904765,41.4905604,-91.7032718,207.1511,2,05,1.9,0.1079$GN,158
904930,41.4905604,-91.7032718,207.1511,2,05,1.9,0.1079$GN,158
905150,41.4905605,-91.7032720,207.1334,2,05,1.9,0.07591,158
905572,41.4905605,-91.7032717,207.1195,2,05,1.9,0.04990,158
905735,41.4905605,-91.7032717,207.1195,2,05,1.9,0.04990,158
905918,41.4905604,-91.7032718,207.1236,2,05,1.9,0.03904,158
906146,41.4905605,-91.7032718,207.1055,2,05,1.9,0.02676,158
906426,41.4905605,-91.7032718,207.1055,2,05,1.9,0.02676,158
906589,41.4905571,-91.7032653,207.3287,2,05,1.9,0.02676,158
906732,41.4905571,-91.7032653,207.3287,2,05,1.9,0.02676,158
906885,41.4905571,-91.7032651,207.3268,2,05,1.9,0.07955,158
906995,41.4905570,-91.7032651,207.3324,2,05,1.9,0.10053,158
907110,41.4905570,-91.7032651,207.3324,2,05,1.9,0.10053,158
907326,41.4905573,-91.7032654,207.3076,2,05,1.9,0.10053,158
907403,41.4905573,-91.7032654,207.3076,2,05,1.9,0.10053,158
907486,41.4905573,-91.7032654,207.3076,2,05,1.9,0.10053,158
907557,41.4905573,-91.7032654,207.3117,2,05,1.9,0.10053,158
907801,41.4905573,-91.7032653,207.3022,2,05,1.9,0.29097,158
907955,41.4905573,-91.7032653,207.3022,2,05,1.9,0.29097,158
908200,41.4905573,-91.7032654,207.2950,2,05,1.9,0.28190,158
908349,41.4905574,-91.7032654,207.2854,2,05,1.9,0.30091,158
908535,41.4905574,-91.7032654,251.692,2,05,1.9,0.30091,158
908699,41.4905573,-91.7032653,207.3059,2,05,1.9,0.30091,158
909083,41.4905573,-91.7032653,207.3336,2,05,1.9,0.30091,158
909248,41.4905573,-91.7032653,207.3336,2,05,1.9,0.27913,158
909392,41.4905587,-91.7032645,207.2429,2,05,1.9,0.11153,158
909541,41.4905587,-91.7032645,207.2429,2,05,1.9,0.11153,158
909708,41.4905588,-91.7032646,207.2361,2,05,1.9,0.16544,158
909792,41.4905586,-91.7032645,207.2476,2,05,1.9,0.31090,158
909948,41.4905586,-91.7032645,207.2476,2,05,1.9,0.31090,158
910196,41.4905588,-91.7032646,207.2019,2,05,1.9,0.25053,158
910353,41.4905588,-91.7032646,207.2019,2,05,1.9,0.25053,158
910597,41.4905587,-91.7032645,207.2775,2,05,1.9,0.33994,158
910762,41.4905587,-91.7032645,207.2775,2,05,1.9,0.33994,158
910894,41.4905587,-91.7032645,207.2523,2,05,1.9,0.32992,158
911046,41.4905587,-91.7032645,207.2481,2,05,1.9,0.25773,158
911165,41.4905587,-91.7032645,207.2481,2,05,1.9,0.25773,158
911401,41.4905588,-91.7032646,207.2529,2,05,1.9,0.14997,158
911571,41.4905588,-91.7032646,207.2529,2,05,1.9,0.14997,158
911817,41.4905587,-91.7032645,207.2743,2,05,1.9,0.14783,158
911945,41.4905587,-91.7032644,207.2560,2,05,1.9,0.06085,158
912124,41.4905587,-91.7032644,20105,2,05,1.9,0.06085,158
912226,41.4905587,-91.7032644,20105,2,05,1.9,0.06085,158
912366,41.4905589,-91.7032645,207.2509,2,05,1.9,0.06085,158
912593,41.4905589,-91.7032647,207.2745,2,05,1.9,0.08831,158
912759,41.4905589,-91.7032647,207.2745,2,05,1.9,0.08831,158
912891,41.4905589,-91.7032647,207.2800,2,05,1.9,0.44218,158
913032,41.4905588,-91.7032645,207.2805,2,05,1.9,0.43359,158
913178,41.4905588,-91.7032645,207.2805,2,05,1.9,0.43359,158
913480,41.4905588,-91.7032647,207.2618,2,05,1.9,0.43359,158
913655,41.4905588,-91.7032647,207.2618,2,05,1.9,0.43359,158
913765,41.4905586,-91.7032646,207.3163,2,05,1.9,0.43359,158
914006,41.4905586,-91.7032645,207.2847,2,05,1.9,0.95957,158
914169,41.4905586,-91.7032645,207.2847,2,05,1.9,0.95957,158
914566,41.4905587,-91.7032646,207.3091,2,05,1.9,0.84269,158
914871,41.4905587,-91.7032646,207.3091,2,05,1.9,0.84269,158
915187,41.4905587,-91.7032645,207.3328,2,05,1.9,0.98160,158
915325,41.4905587,-91.7032645,207.3328,2,05,1.9,0.98160,158
915526,41.4905586,-91.7032645,207.3271,2,05,1.9,0.96584,158
915664,41.4905586,-91.7032645,207.3415,2,05,1.9,0.96584,158
915813,41.4905586,-91.7032645,207.3415,2,05,1.9,0.96584,158
915899,41.4905586,-91.7032644,207.3533,2,05,1.9,0.782914.,158
915999,41.4905585,-91.7032644,207.3491,2,05,1.9,0.71124,158
916112,41.4905585,-91.7032644,207.3491,2,05,1.9,0.71124,158
916246,41.4905607,-91.7032724,207.6413,2,05,1.9,0.71124,158
916396,41.4905607,-91.7032724,207.6413,2,05,1.9,0.71124,158
916695,41.4905607,-91.7032724,207.6416,2,05,1.9,0.48509,158
916801,41.4905608,-91.7032724,207.6299,2,05,1.9,0.46617,158
916954,41.4905608,-91.7032724,207.6299,2,05,1.9,0.46617,158
917102,41.4905608,-91.7032724,207.6173,2,05,1.9,0.33671,158
917202,41.4905608,-91.7032725,207.6279,2,05,1.9,0.27238,158
917479,41.4905608,-91.7032725,207.6279,2,05,1.9,0.27238,158
917684,41.4905608,-91.7032724,207.6357,2,05,1.9,0.12440,158
917789,41.4905606,-91.7032724,207.6518,2,05,1.9,0.02146,158
917937,41.4905606,-91.7032724,207.6518,2,05,1.9,0.02146,158
918153,41.4905608,-91.7032725,207.6253,2,05,1.9,0.03794,158
918291,41.4905607,-91.7032726,207.6023,2,06,1.8,0.2714.0,158
918395,41.4905607,-91.7032726,207.6025,2,06,1.8,0.26934,158
918544,41.4905607,-91.7032726,207.6025,2,06,1.8,0.26934,158
918696,41.4905607,-91.7032725,207.6198,2,06,1.8,0.36919,158
918796,41.4905607,-91.7032727,207.6094,2,06,1.8,0.49238,158
918951,41.4905607,-91.7032727,207.6094,2,06,1.8,0.49238,158
919098,41.4905607,-91.7032727,207.5948,2,06,1.8,0.53496,158
919201,41.4905608,-91.7032727,207.5788,2,06,1.8,0.57753,158
919359,41.4905608,-91.7032727,207.5788,2,06,1.8,0.57753,158
919501,41.4905608,-91.7032726,207.6104,2,06,1.8,0.57371,158
919602,41.4905607,-91.7032726,207.6046,2,06,1.8,0.63964,158
919882,41.4905607,-91.7032726,207.6046,2,06,1.8,0.63964,158
920260,41.4905608,-91.7032725,207.5733,2,06,1.8,0.76563,158
920416,41.4905608,-91.7032725,207.5733,2,06,1.8,0.76563,158
920501,41.4905607,-91.7032725,207.5851,2,05,1.9,0.82857,158
920711,41.4905607,-91.7032726,207.5637,2,05,1.9,0.86581,158
920785,41.4905607,-91.7032726,207.5637,2,05,1.9,0.86581,158
920870,41.4905607,-91.7032726,207.5637,2,05,1.9,0.86581,158
920997,41.4905608,-91.7032725,207.5569,2,05,1.9,0.72996,158
921121,41.4905608,-91.7032725,207.5569,2,05,1.9,0.72996,158
921360,41.4905607,-91.7032726,207.5512,2,05,1.9,0.72996,158
921537,41.4905607,-91.7032726,207.5512,2,05,1.9,0.72996,158
921706,41.4905606,-91.7032725,207.5897,2,05,1.9,0.83895,158
921805,41.4905608,-91.7032726,207.5651,2,05,1.9,0.69240,158
921970,41.4905608,-91.7032726,207.5651,2,05,1.9,0.69240,158
922204,41.4905607,-91.7032725,207.5524,2,05,1.9,0.69734,158
922375,41.4905607,-91.7032725,207.5524,2,05,1.9,0.69734,158
922619,41.4905607,-91.7032725,207.5607,2,05,1.9,0.86904,158
922745,41.4905607,-91.7032724,207.5482,2,05,1.9,0.85022,158
922963,41.4905607,-91.7032724,20250,2,05,1.9,0.85022,158
923032,41.4905607,-91.7032724,20250,2,05,1.9,0.85022,158
923184,41.4905607,-91.7032725,207.5534,2,05,1.9,0.85022,158
923564,41.4905609,-91.7032725,207.5279,2,05,1.9,0.70314,158
923732,41.4905609,-91.7032725,207.5279,2,05,1.9,0.70314,158
923999,41.4905609,-91.7032726,207.5247,2,05,1.9,0.32453,158
924126,41.4905609,-91.7032726,207.5247,2,05,1.9,0.32453,158
924296,41.4905609,-91.7032726,207.5247,2,05,1.9,0.32453,158
924371,41.4905665,-91.7032713,207.6786,2,05,1.9,0.32453,158
924600,41.4905663,-91.7032713,207.6771,2,05,1.9,0.10473,158
924766,41.4905663,-91.7032713,207.6771,2,05,1.9,0.10473,158
924900,41.4905665,-91.7032714,207.6586,2,05,1.9,0.07907,158
925007,41.4905665,-91.7032713,207.6637,2,05,1.9,0.11478,158
925169,41.4905665,-91.7032713,207.6637,2,05,1.9,0.11478,158
925684,41.4905666,-91.7032713,207.6586,2,05,1.9,0.32499,158
925885,41.4905666,-91.7032713,207.6586,2,05,1.9,0.32499,158
926075,41.4905666,-91.7032713,207.6586,2,05,1.9,0.57552,158
926230,41.4905665,-91.7032713,207.6846,2,05,1.9,0.68336,158
926395,41.4905664,-91.7032713,207.6946,2,05,1.9,0.7433$GN,158
926554,41.4905664,-91.7032713,207.6946,2,05,1.9,0.7433$GN,158
926798,41.4905665,-91.7032713,207.6875,2,05,1.9,0.73097,158
926926,41.4905665,-91.7032713,207.6875,2,05,1.9,0.73097,158
927147,41.4905664,-91.7032713,207.7122,2,05,1.9,0.74603,158
927340,41.4905663,-91.7032713,207.7204,2,22,0.7,0.74603,158
927409,41.4905665,-91.7032712,207.7108,2,22,0.7,0.74603,158
927514,41.4905665,-91.7032712,207.7108,2,22,0.7,0.74603,158
927604,41.4905663,-91.7032712,207.7458,2,22,0.7,0.74603,158
927710,41.4905663,-91.7032712,207.7458,2,22,0.7,0.74603,158
927851,41.4905664,-91.7032713,207.7365,2,22,0.7,0.74603,158
927955,41.4905664,-91.7032713,207.7365,2,22,0.7,0.74603,158
928426,41.4905664,-91.7032713,207.7365,2,22,0.7,0.74603,158
928530,41.4905664,-91.7032713,207.7365,2,22,0.7,0.74603,158
928781,41.4905662,-91.7032712,207.7707,2,21,0.7,0.64125,158
928889,41.4905662,-91.7032712,207.7707,2,21,0.7,0.64125,158
929059,41.4905665,-91.7032713,207.7168,2,21,0.7,0.51768,158
929196,41.4905661,-91.7032713,207.7661,2,23,0.6,0.4234$GN,158
929291,41.4905661,-91.7032713,207.7661,2,23,0.6,0.4234$GN,158
929598,41.4905660,-91.7032713,207.7709,2,23,0.6,0.276.047,158
929710,41.4905660,-91.7032713,207.7709,2,23,0.6,0.276.047,158
930061,41.4905661,-91.7032714,207.7763,2,23,0.6,0.097.740,158
930178,41.4905661,-91.7032714,207.7763,2,23,0.6,0.097.740,158
930400,41.4905663,-91.7032712,207.7388,2,23,0.6,0.2642$GN,158
930515,41.4905663,-91.7032712,207.7388,2,23,0.6,0.2642$GN,158
930763,41.4905661,-91.7032714,207.7719,2,23,0.6,0.2642$GN,158
930879,41.4905661,-91.7032714,207.7719,2,23,0.6,0.2642$GN,158
931119,41.4905661,-91.7032713,207.7433,2,23,0.6,0.2642$GN,158
931434,41.4905660,-91.7032713,207.8121,2,23,0.6,0.07583,158
931579,41.4905660,-91.7032713,207.8121,2,23,0.6,0.07583,158
931729,41.4905660,-91.7032713,207.8121,2,23,0.6,0.07583,158
931906,41.4905661,-91.7032712,207.7847,2,23,0.6,0.07583,158
931976,41.4905661,-91.7032712,207.7847,2,23,0.6,0.07583,158
932195,41.4905663,-91.7032713,207.7523,2,23,0.6,0.07583,158
932299,41.4905663,-91.7032713,207.7523,2,23,0.6,0.07583,158
932395,41.4905662,-91.7032712,207.7081,2,23,0.6,0.07583,158
932503,41.4905662,-91.7032712,207.7081,2,23,0.6,0.07583,158
932599,41.4905660,-91.7032714,207.7799,2,23,0.6,0.07583,158
932714,41.4905660,-91.7032714,207.7799,2,23,0.6,0.07583,158
932804,41.4905662,-91.7032713,207.7388,2,22,0.7,0.07583,158
932918,41.4905662,-91.7032713,207.7388,2,22,0.7,0.07583,158
933012,41.4905661,-91.7032713,207.7235,2,22,0.7,0.07583,158
933146,41.4905661,-91.7032713,207.7235,2,22,0.7,0.07583,158
933332,41.4905661,-91.7032713,207.7235,2,22,0.7,0.07583,158
933532,41.4905665,-91.7032713,207.6730,2,21,0.7,0.07583,158
933659,41.4905665,-91.7032713,207.6730,2,21,0.7,0.07583,158
934189,41.4905712,-91.7032718,207.9513,2,22,0.7,0.49212,158
934294,41.4905712,-91.7032718,207.9513,2,22,0.7,0.49212,158
934391,41.4905712,-91.7032718,207.9646,2,22,0.7,0.49212,158
934496,41.4905712,-91.7032718,207.9646,2,22,0.7,0.49212,158
934601,41.4905712,-91.7032718,207.9634,2,21,0.7,0.49212,158
934708,41.4905712,-91.7032718,207.9634,2,21,0.7,0.49212,158
934979,41.4905712,-91.7032719,207.9647,2,20,0.7,0.49212,158
935151,41.4905712,-91.7032719,207.9647,2,20,0.7,0.49212,158
935400,41.4905762,-91.7032716,208.0060,2,22,0.7,0.36061,158
935512,41.4905762,-91.7032716,208.0060,2,22,0.7,0.36061,158
935708,41.4905761,-91.7032715,208.0072,2,22,0.7,0.36061,158
935886,41.4905761,-91.7032715,208.0072,2,22,0.7,0.36061,158
936302,41.4905761,-91.7032715,208.0169,2,22,0.7,0.36061,158
936403,41.4905763,-91.7032716,207.9920,2,22,0.7,0.20197,158
936648,41.4905763,-91.7032716,207.9920,2,22,0.7,0.20197,158
936995,41.4905761,-91.7032715,207.9893,2,22,0.7,0.0709,158
937115,41.4905761,-91.7032715,207.9893,2,22,0.7,0.0709,158
937308,41.4905807,-91.7032723,208.0630,2,22,0.7,0.0709,158
937385,41.4905807,-91.7032723,208.0630,2,22,0.7,0.0709,158
937714,41.4905807,-91.7032723,208.0746,2,22,0.7,0.0709,158
937901,41.4905807,-91.7032723,2830,2,22,0.7,0.0709,158
938089,41.4905808,-91.7032723,208.0497,2,22,0.7,0.35147,158
938172,41.4905807,-91.7032724,208.0934,2,22,0.7,15.082,158
938398,41.4905808,-91.7032724,208.0919,2,22,0.7,0.48797,158
938547,41.4905808,-91.7032724,208.0919,2,22,0.7,0.48797,158
938797,41.4905808,-91.7032724,208.0919,2,22,0.7,0.48797,158
939113,41.4905807,-91.7032724,208.0710,2,22,0.7,0.48797,158
939256,41.4905807,-91.7032724,2234,2,22,0.7,0.48797,158
939498,41.4905808,-91.7032724,208.1149,2,22,0.7,0.36713,158
939656,41.4905808,-91.7032724,208.1149,2,22,0.7,0.36713,158
940034,41.4905807,-91.7032724,208.1156,2,22,0.7,0.36713,158
940146,41.4905807,-91.7032724,208.1156,2,22,0.7,0.36713,158
940284,41.4905807,-91.7032724,208.1156,2,22,0.7,0.36713,158
940341,41.4905859,-91.7032729,208.1570,2,06,1.8,0.36713,158
940563,41.4905860,-91.7032729,208.1364,2,06,1.8,0.12625,158
940714,41.4905860,-91.7032729,208.1364,2,06,1.8,0.12625,158
940831,41.4905860,-91.7032729,208.1364,2,06,1.8,0.02004,158
940906,41.4905859,-91.7032729,208.1715,2,06,1.8,0.02004,158
941000,41.4905859,-91.7032728,208.1754,2,06,1.8,0.09992,158
941116,41.4905859,-91.7032728,208.1754,2,06,1.8,0.09992,158
941351,41.4905859,-91.7032728,208.1447,2,05,1.9,0.09992,158
941518,41.4905859,-91.7032728,208.1447,2,05,1.9,0.09992,158
941596,41.4905859,-91.7032728,208.1447,2,05,1.9,1.9,158
941826,41.4905859,-91.7032729,208.1559,2,05,1.9,1.9,158
941894,41.4905859,-91.7032729,208.1559,2,05,1.9,1.9,158
941997,41.4905860,-91.7032729,208.1422,2,05,1.9,1.9,158
942309,41.4905859,-91.7032729,208.1681,2,05,1.9,0.24716,158
942555,41.4905859,-91.7032729,208.$GNGGA,2,05,1.9,0.24716,158
942733,41.4905859,-91.7032729,208.$GNGGA,2,05,1.9,0.16935,158
942956,41.4905860,-91.7032728,208.1083,2,05,1.9,0.36400,158
943111,41.4905860,-91.7032728,208.1083,2,05,1.9,0.36400,158
943242,41.4905860,-91.7032728,208.1132,2,05,1.9,1.9,158
943308,41.4905861,-91.7032729,208.1138,2,05,1.9,0.58803,158
943398,41.4905860,-91.7032728,208.1207,2,05,1.9,0.63771,158
943548,41.4905860,-91.7032728,208.1207,2,05,1.9,0.63771,158
943886,41.4905860,-91.7032729,208.1285,2,05,1.9,0.58327,158
944033,41.4905860,-91.7032729,208.1285,2,05,1.9,0.58327,158
944310,41.4905860,-91.7032729,208.1516,2,05,1.9,0.58327,158
944614,41.4905946,-91.7032768,208.0325,1,22,0.7,0.59246,158
944768,41.4905946,-91.7032768,208.0325,1,22,0.7,0.59246,158
945008,41.4905948,-91.7032770,207.9825,1,22,0.7,0.48124,158
945130,41.4905948,-91.7032770,207.9825,1,22,0.7,0.48124,158
945507,41.4905967,-91.7032789,208.0673,1,22,0.7,0.48124,158
945688,41.4905967,-91.7032789,208.0673,1,22,0.7,0.48124,158
945910,41.4905970,-91.7032789,208.0263,1,21,0.7,0.29017,158
945996,41.4905972,-91.7032788,208.0179,1,21,0.7,0.44473,158
946115,41.4905972,-91.7032788,208.0179,1,21,0.7,0.44473,158
946369,41.4906004,-91.7032810,207.9966,1,22,0.7,0.44473,158
946478,41.4906004,-91.7032810,207.9966,1,22,0.7,0.44473,158
946688,41.4906005,-91.7032809,207.9545,1,22,0.7,0.29135,158
946767,41.4906004,-91.7032811,207.9962,1,22,0.7,0.122420,158
947002,41.4906003,-91.7032810,207.9619,1,22,0.7,0.19750,158
947127,41.4906003,-91.7032810,207.9619,1,22,0.7,0.19750,158
947387,41.4906020,-91.7032837,207.9572,1,22,0.7,0.19750,158
947559,41.4906020,-91.7032837,207.9572,1,22,0.7,0.19750,158
947697,41.4906020,-91.7032836,207.9773,1,22,0.7,0.04429,158
947805,41.4906021,-91.7032837,207.9578,1,22,0.7,0.20084,158
947965,41.4906021,-91.7032837,207.9578,1,22,0.7,0.20084,158
948517,41.4906039,-91.7032869,207.9937,1,05,1.9,0.31945,158
948657,41.4906039,-91.7032869,207.9937,1,05,1.9,0.31945,158
949120,41.4906038,-91.7032868,207.9841,1,05,1.9,0.36756,158
949199,41.4906038,-91.7032868,207.9841,1,05,1.9,0.36756,158
949398,41.4906014,-91.7032887,208.0306,1,22,0.7,0.33297,158
949548,41.4906014,-91.7032887,208.0306,1,22,0.7,0.33297,158
949794,41.4906015,-91.7032886,207.9898,1,22,0.7,0.37926,158
949947,41.4906015,-91.7032886,207.9898,1,22,0.7,0.37926,158
950220,41.4905993,-91.7032907,208.0228,1,22,0.7,0.23709,158
950573,41.4905991,-91.7032907,208.0139,1,22,0.7,0.20930,158
950700,41.4905991,-91.7032907,208.0139,1,22,0.7,0.20930,158
950944,41.4905994,-91.7032908,207.9661,1,22,0.7,0.33782,158
951202,41.4905966,-91.7032905,208.0654,1,22,0.7,0.2062270,158
951367,41.4905966,-91.7032905,208.0654,1,22,0.7,0.2062270,158
951604,41.4905966,-91.7032905,208.0615,1,22,0.7,0.32884,158
951750,41.4905966,-91.7032905,208.0615,1,22,0.7,0.32884,158
952128,41.4905966,-91.7032904,208.0434,1,22,0.7,0.23776,158
952258,41.4905966,-91.7032904,208.0434,1,22,0.7,0.23776,158
952488,41.4905963,-91.7032909,208.1773,1,22,0.7,0.23810,158
952591,41.4905963,-91.7032909,208.1567,1,22,0.7,0.13001,158
952731,41.4905963,-91.7032909,208.1567,1,22,0.7,0.13001,158
952999,41.4905964,-91.7032909,208.1398,1,22,0.7,0.16508,158
953116,41.4905964,-91.7032909,208.1398,1,22,0.7,0.16508,158
953255,41.4905965,-91.7032918,208.2078,1,22,0.7,0.16508,158
953368,41.4905965,-91.7032918,208.2078,1,22,0.7,0.16508,158
953595,41.4905964,-91.7032918,208.2173,1,22,0.7,0.03552,158
953742,41.4905964,-91.7032918,208.2173,1,22,0.7,0.03552,158
954006,41.4905964,-91.7032917,208.2009,1,22,0.7,0.07240,158
954130,41.4905964,-91.7032917,208.2009,1,22,0.7,0.07240,158
954390,41.4905974,-91.7032924,208.2370,1,22,0.7,0.07240,158
954554,41.4905974,-91.7032924,208.2370,1,22,0.7,0.07240,158
954803,41.4905974,-91.7032923,208.2330,1,22,0.7,0.11611,158
955069,41.4905974,-91.7032923,208.2330,1,22,0.7,0.11611,158
955390,41.4905975,-91.7032932,208.2860,1,05,1.9,0.04200,158
955529,41.4905975,-91.7032932,208.2860,1,05,1.9,0.04200,158
955608,41.4905975,-91.7032932,208.3018,1,06,1.8,0.02131,158
955746,41.4905975,-91.7032932,208.3018,1,06,1.8,0.02131,158
955891,41.4905975,-91.7032932,208.2910,1,05,1.9,0.02513,158
956000,41.4905976,-91.7032933,208.2839,1,05,1.9,0.17105,158
956119,41.4905976,-91.7032933,208.2839,1,05,1.9,0.17105,158
956373,41.4905988,-91.7032940,208.3327,1,22,0.7,0.17105,158
956480,41.4905988,-91.7032940,208.3327,1,22,0.7,0.17105,158
956697,41.4905989,-91.7032940,208.2923,1,22,0.7,0.14799,158
956775,41.4905988,-91.7032941,208.3127,1,22,0.7,0.22286,158
956885,41.4905988,-91.7032941,208.3127,1,22,0.7,0.27074,158
957009,41.4905989,-91.7032940,208.2910,1,22,0.7,0.26339,158
957132,41.4905989,-91.7032940,208.2910,1,22,0.7,0.26339,158
957372,41.4905989,-91.7032940,208.2910,1,22,0.7,0.26339,158
957842,41.4906001,-91.7032960,208.3076,1,22,0.7,0.09097,158
957979,41.4906001,-91.7032960,208.3076,1,22,0.7,0.09097,158
958184,41.4906001,-91.7032960,208.3076,1,22,0.7,0.09097,158
958384,41.4906017,-91.7032981,208.2576,1,22,0.7,0.09382,158
958531,41.4906017,-91.7032981,208.2576,1,22,0.7,0.09382,158
958740,41.4906017,-91.7032981,208.2576,1,22,0.7,0.09382,158
958895,41.4906017,-91.7032982,208.2456,1,22,0.7,0.01790,158
959002,41.4906018,-91.7032981,208.2367,1,22,0.7,0.08255,158
959130,41.4906018,-91.7032981,208.2367,1,22,0.7,0.08255,158
959364,41.4906018,-91.7032981,208.2367,1,22,0.7,0.08255,158
959601,41.4906033,-91.7033005,208.2555,1,22,0.7,0.16416,158
959754,41.4906033,-91.7033005,208.2555,1,22,0.7,0.16416,158
960006,41.4906033,-91.7033005,208.2615,1,22,0.7,0.08140,158
960128,41.4906033,-91.7033005,208.2615,1,22,0.7,0.08140,158
960223,41.4906037,-91.7033034,208.2248,1,22,0.7,0.08140,158
960382,41.4906037,-91.7033034,208.2248,1,22,0.7,0.08140,158
960723,41.4906035,-91.7033034,208.2540,1,22,0.7,0.15782,158
960862,41.4906035,-91.7033034,208.2540,1,22,0.7,0.15782,158
961085,41.4906029,-91.7033039,208.1721,1,05,1.9,0.28389,158
961194,41.4906028,-91.7033039,208.1748,1,05,1.9,0.26212,158
961345,41.4906028,-91.7033039,208.1748,1,05,1.9,0.26212,158
961488,41.4906029,-91.7033039,208.1806,1,05,1.9,0.28593,158
961596,41.4906028,-91.7033039,208.2010,1,05,1.9,0.13973,158
961748,41.4906028,-91.7033039,208.2010,1,05,1.9,0.13973,158
961896,41.4906028,-91.7033039,208.1652,1,05,1.9,0.13415,158
962001,41.4906029,-91.7033040,208.1602,1,05,1.9,0.17723,158
962135,41.4906029,-91.7033040,208.1602,1,05,1.9,0.17723,158
962621,41.4906014,-91.7033062,208.2273,1,05,1.9,0.12557,158
962782,41.4906014,-91.7033062,208.2273,1,05,1.9,0.12557,158
963029,41.4906015,-91.7033063,208.2172,1,05,1.9,0.09918,158
963199,41.4906015,-91.7033063,208.2172,1,05,1.9,0.09918,158
963499,41.4906004,-91.7033098,208.1482,1,05,1.9,0.11509,158
963725,41.4906004,-91.7033099,208.1862,1,05,1.9,0.05938,158
963874,41.4906004,-91.7033099,208.1862,1,05,1.9,0.05938,158
964100,41.4906005,-91.7033109,208.0943,1,05,1.9,0.19205,158
964193,41.4906005,-91.7033110,208.1110,1,05,1.9,0.07523,158
964330,41.4906005,-91.7033110,208.1110,1,05,1.9,0.07523,158
964536,41.4906006,-91.7033109,208.0904,1,05,1.9,0.12858,158
964606,41.4906006,-91.7033109,208.0904,1,05,1.9,0.12858,158
964783,41.4906006,-91.7033108,208.0685,1,05,1.9,0.12858,158
964930,41.4906006,-91.7033108,208.0685,1,05,1.9,0.12858,158
964988,41.4906007,-91.7033109,208.0489,1,05,1.9,0.12858,158
965125,41.4906007,-91.7033109,208.0489,1,05,1.9,0.12858,158
965194,41.4906007,-91.7033108,208.0776,1,05,1.9,0.12858,158
965337,41.4906007,-91.7033108,208.0776,1,05,1.9,0.12858,158
965409,41.4906018,-91.7033113,208.0701,1,05,1.9,0.12858,158
965569,41.4906018,-91.7033113,208.0701,1,05,1.9,0.12858,158
965725,41.4906019,-91.7033113,208.0193,1,22,0.7,0.12858,158
965916,41.4906019,-91.7033113,208.0193,1,22,0.7,0.12858,158
966057,41.4906019,-91.7033112,208.0437,1,22,0.7,0.40914,158
966116,41.4906019,-91.7033112,208.0437,1,22,0.7,0.40914,158
966194,41.4906038,-91.7033105,207.9686,1,22,0.7,0.48063,158
966333,41.4906038,-91.7033105,207.9686,1,22,0.7,0.48063,158
966595,41.4906039,-91.7033105,207.9631,1,22,0.7,0.57967,158
966737,41.4906039,-91.7033105,207.9631,1,22,0.7,0.57967,158
967112,41.4906041,-91.7033104,207.9297,1,22,0.7,0.67796,158
967269,41.4906041,-91.7033104,207.9297,1,22,0.7,0.67796,158
967402,41.4906071,-91.7033084,207.8468,1,22,0.7,0.67796,158
967563,41.4906071,-91.7033084,207.8468,1,22,0.7,0.67796,158
967801,41.4906072,-91.7033085,207.8485,1,22,0.7,0.64030,158
967951,41.4906072,-91.7033085,207.8485,1,22,0.7,0.64030,158
968335,41.4906098,-91.7033073,207.7869,1,22,0.7,0.60640,158
968405,41.4906099,-91.7033074,207.7840,1,05,2.7,0.60640,158
968561,41.4906099,-91.7033074,207.7840,1,05,2.7,0.60640,158
968917,41.4906099,-91.7033075,207.8042,1,05,2.7,0.61397,158
969086,41.4906099,-91.7033075,207.8042,1,05,2.7,0.61397,158
969329,41.4906115,-91.7033086,207.7519,1,06,1.8,0.50341,158
969401,41.4906115,-91.7033086,207.7519,1,06,1.8,0.50341,158
969590,41.4906115,-91.7033086,207.7582,1,06,1.8,0.50341,158
969747,41.4906115,-91.7033086,207.7582,1,06,1.8,0.50341,158
969978,41.4906115,-91.7033087,207.7411,1,06,1.8,0.50341,158
970080,41.4906115,-91.7033087,207.7411,1,06,1.8,0.50341,158
970336,41.4906119,-91.7033099,207.7495,1,05,2.7,W,158
970596,41.4906119,-91.7033099,207.7529,1,05,2.7,0.18748,158
970746,41.4906119,-91.7033099,207.7529,1,05,2.7,0.18748,158
970895,41.4906118,-91.7033098,207.7745,1,05,2.7,0.14992,158
971010,41.4906117,-91.7033097,207.7671,1,05,2.7,0.09400,158
971165,41.4906117,-91.7033097,207.7671,1,05,2.7,0.09400,158
971300,41.4906107,-91.7033108,207.6763,1,06,2.4,0.09400,158
971403,41.4906108,-91.7033108,207.6806,1,06,2.4,0.21894,158
971680,41.4906108,-91.7033108,207.6806,1,06,2.4,0.21894,158
971941,41.4906106,-91.7033109,207.6975,1,06,2.4,0.28384,158
972104,41.4906106,-91.7033109,207.6975,1,06,2.4,0.28384,158
972404,41.4906106,-91.7033115,207.6550,1,06,2.4,0.28384,158
972494,41.4906087,-91.7033134,207.6810,1,06,2.4,0.71600,158
972592,41.4906088,-91.7033133,207.6608,1,06,2.4,0.95029,158
972745,41.4906088,-91.7033133,207.6608,1,06,2.4,0.95029,158
972894,41.4906087,-91.7033134,207.6577,1,06,2.4,0.89965,158
973005,41.4906087,-91.7033133,207.6600,1,06,2.4,0.81035,158
973160,41.4906087,-91.7033133,207.6600,1,06,2.4,0.81035,158
973299,41.4906025,-91.7033166,207.7573,1,06,2.4,0.81035,158
973400,41.4906025,-91.7033166,207.7450,1,06,2.4,0.91717,158
973562,41.4906025,-91.7033166,207.7450,1,06,2.4,0.91717,158
973702,41.4906024,-91.7033166,207.7451,1,06,2.4,0.80016,158
973806,41.4906025,-91.7033166,207.7309,1,06,2.4,1.03869,158
973969,41.4906025,-91.7033166,207.7309,1,06,2.4,1.03869,158
974321,41.4906024,-91.7033166,207.7554,1,06,2.4,1.07359,158
974463,41.4906024,-91.7033166,207.7554,1,06,2.4,1.07359,158
974834,41.4906026,-91.7033166,207.7461,1,06,2.4,0.88572,158
974989,41.4906026,-91.7033166,207.7461,1,06,2.4,0.88572,158
975077,41.4906025,-91.7033165,207.7492,1,06,2.4,0.88572,158
975151,41.4905935,-91.7033196,208.0655,1,07,2.3,0.99576,158
975397,41.4905935,-91.7033195,208.0699,1,07,2.3,0.92989,158
975534,41.4905935,-91.7033195,208.0699,1,07,2.3,0.92989,158
975644,41.4905935,-91.7033196,208.0626,1,07,2.3,0.82400,158
975699,41.4905935,-91.7033197,208.0732,1,07,2.3,0.82400,158
975885,41.4905934,-91.7033197,208.0852,1,07,2.3,0.75896,158
976024,41.4905934,-91.7033197,208.0852,1,07,2.3,0.75896,158
976298,41.4905934,-91.7033197,208.0685,1,07,2.3,0.75896,158
976504,41.4905903,-91.7033210,208.0862,1,06,2.4,0.55187,158
976698,41.4905905,-91.7033210,208.0771,1,06,2.4,0.31525,158
976856,41.4905905,-91.7033210,208.0771,1,06,2.4,0.31525,158
977052,41.4905904,-91.7033208,208.0885,1,06,2.4,0.31525,158
977335,41.4905903,-91.7033225,207.9940,1,06,2.4,0.2919484,158
977396,41.4905903,-91.7033225,207.9940,1,06,2.4,0.2919484,158
977619,41.4905903,-91.7033224,208.0033,1,06,2.4,0.2919484,158
977681,41.4905903,-91.7033224,208.0033,1,06,2.4,0.2919484,158
977745,41.4905903,-91.7033224,208.0033,1,06,2.4,0.2919484,158
977808,41.4905901,-91.7033225,208.0238,1,06,2.4,0.2919484,158
977917,41.4905901,-91.7033225,208.0238,1,06,2.4,0.14470,158
978004,41.4905901,-91.7033225,208.0036,1,06,2.4,0.19381,158
978126,41.4905901,-91.7033225,208.0036,1,06,2.4,0.19381,158
978338,41.4905930,-91.7033235,207.9294,1,06,2.4,0.19381,158
978499,41.4905930,-91.7033235,207.9294,1,06,2.4,0.19381,158
978945,41.4905931,-91.7033236,207.9254,1,06,2.4,0.34796,158
979139,41.4905931,-91.7033236,207.9254,1,06,2.4,0.34796,158
979369,41.4905930,-91.7033235,207.9391,1,06,2.4,0.34796,158
979605,41.4905963,-91.7033249,207.8451,1,06,2.4,0.59572,158
979872,41.4905963,-91.7033249,207.8451,1,06,2.4,0.59572,158
980391,41.4906000,-91.7033232,207.7948,1,07,2.4,0.66881,158
980528,41.4906000,-91.7033232,207.7948,1,07,2.4,0.66881,158
980622,41.4906000,-91.7033232,207.7948,1,07,2.4,0.68690,158
980696,41.4906000,-91.7033233,207.7992,1,06,2.4,0.68690,158
980795,41.4906000,-91.7033233,207.7823,1,06,2.4,0.53763,158
980938,41.4906000,-91.7033233,207.7823,1,06,2.4,0.53763,158
981155,41.4906000,-91.7033233,207.7823,1,06,2.4,0.36658,158
981298,41.4906021,-91.7033207,207.7482,1,06,2.4,0.54549,158
981400,41.4906021,-91.7033208,207.7391,1,06,2.4,0.52213,158
981549,41.4906021,-91.7033208,207.7391,1,06,2.4,0.52213,158
981700,41.4906020,-91.7033208,207.7570,1,06,2.4,0.45674,158
981804,41.4906021,-91.7033209,207.7253,1,06,2.4,0.44948,158
981957,41.4906021,-91.7033209,207.7253,1,06,2.4,0.44948,158
982207,41.4906042,-91.7033187,207.6570,1,07,2.2,0.45222,158
982362,41.4906042,-91.7033187,207.6570,1,07,2.2,0.45222,158
982618,41.4906042,-91.7033186,207.6479,1,07,2.2,0.43377,158
982745,41.4906044,-91.7033186,207.6466,1,07,2.2,0.46734,158
982932,41.4906044,-91.7033186,207.6466,1,07,2.2,0.46734,158
983024,41.4906044,-91.7033186,207.6466,1,07,2.2,0.46734,158
983147,41.4906042,-91.7033186,207.6872,1,06,2.4,0.46734,158
983325,41.4906042,-91.7033186,207.6872,1,06,2.4,0.46734,158
983478,41.4906055,-91.7033191,207.6488,1,06,2.4,0.46734,158
983548,41.4906055,-91.7033191,207.6488,1,06,2.4,0.46734,158
983652,41.4906054,-91.7033192,207.6678,1,06,2.4,0.46734,158
983941,41.4906055,-91.7033191,207.6395,1,06,2.4,0.24468,158
984103,41.4906055,-91.7033191,207.6395,1,06,2.4,0.24468,158
984296,41.4906055,-91.7033191,207.6395,1,06,2.4,0.24468,158
984499,41.4906054,-91.7033191,207.6754,1,06,2.4,0.24468,158
984589,41.4906055,-91.7033209,207.7013,1,06,2.4,0.23265,158
984738,41.4906055,-91.7033209,207.6994,1,06,2.4,0.1827516,158
984907,41.4906055,-91.7033209,207.6994,1,06,2.4,0.1827516,158
985216,41.4906055,-91.7033209,207.6994,1,06,2.4,0.1827516,158
985390,41.4906055,-91.7033209,207.6774,1,06,2.4,0.1827516,158
985588,41.4906042,-91.7033216,207.8373,1,06,2.4,0.1827516,158
985688,41.4906042,-91.7033216,207.8373,1,06,2.4,0.3888$GN,158
985767,41.4906042,-91.7033216,207.8373,1,06,2.4,0.3888$GN,158
985849,41.4906044,-91.7033216,207.8365,1,06,2.4,0.3888$GN,158
986003,41.4906042,-91.7033217,207.8514,1,06,2.4,0.32058,158
986131,41.4906042,-91.7033217,207.8514,1,06,2.4,0.32058,158
986494,41.4906030,-91.7033234,207.9843,1,07,2.4,0.30480,158
986595,41.4906030,-91.7033233,207.9654,1,07,2.4,0.37746,158
986780,41.4906030,-91.7033233,207.9654,1,07,2.4,0.37746,158
987007,41.4906031,-91.7033234,207.9364,1,07,2.4,0.54209,158
987148,41.4906031,-91.7033234,207.9364,1,07,2.4,0.54209,158
987299,41.4906010,-91.7033248,207.9704,1,07,2.4,0.54209,158
987403,41.4906009,-91.7033249,208.0141,1,07,2.4,0.42062,158
987549,41.4906009,-91.7033249,208.0141,1,07,2.4,0.42062,158
987920,41.4906007,-91.7033250,208.0185,1,06,2.4,0.41683,158
988078,41.4906007,-91.7033250,208.0185,1,06,2.4,0.41683,158
988189,41.4905989,-91.7033264,208.0384,1,06,2.4,0.25096,158
988287,41.4905989,-91.7033264,208.0384,1,06,2.4,0.25096,158
988477,41.4905989,-91.7033264,208.0463,1,06,2.4,0.10447,158
988530,41.4905988,-91.7033264,208.0280,1,06,2.4,0.10447,158
988737,41.4905990,-91.7033263,208.0352,1,06,2.4,0.15128,158
988804,41.4905990,-91.7033263,208.0352,1,06,2.4,0.15128,158
988994,41.4905990,-91.7033262,208.0356,1,06,2.4,0.15128,158
989141,41.4905990,-91.7033262,208.0356,1,06,2.4,0.15128,158
989231,41.4905989,-91.7033263,208.0410,1,06,2.4,0.15128,158
989300,41.4905989,-91.7033263,208.0410,1,06,2.4,0.15128,158
989370,41.4905989,-91.7033263,208.0410,1,06,2.4,0.15128,158
989446,41.4905994,-91.7033263,208.0052,1,08,2.1,0.15128,158
989604,41.4905993,-91.7033263,208.0313,1,07,2.2,0.10961,158
989752,41.4905993,-91.7033263,208.0313,1,07,2.2,0.10961,158
990129,41.4905993,-91.7033264,208.0382,1,06,2.4,0.11776,158
990266,41.4905993,-91.7033264,208.0382,1,06,2.4,0.11776,158
990589,41.4906010,-91.7033283,208.0567,1,06,2.4,0.36948,158
990724,41.4906010,-91.7033283,208.0567,1,06,2.4,0.36948,158
990933,41.4906012,-91.7033282,208.0287,1,06,2.4,0.25576,158
991010,41.4906012,-91.7033282,208.0287,1,06,2.4,0.25576,158
991324,41.4906010,-91.7033283,208.0446,1,06,2.4,0.25576,158
991398,41.4906010,-91.7033283,208.0446,1,06,2.4,0.25576,158
991593,41.4906034,-91.7033285,208.0011,1,07,2.4,0.37042,158
991754,41.4906034,-91.7033285,208.0011,1,07,2.4,0.37042,158
991822,41.4906033,-91.7033287,208.0089,1,07,2.4,0.37042,158
991890,41.4906033,-91.7033287,208.0089,1,07,2.4,0.37042,158
991963,41.4906033,-91.7033287,208.0144,1,07,2.4,0.37042,158
992114,41.4906077,-91.7033273,207.9932,1,07,2.4,0.71146,158
992205,41.4906075,-91.7033273,208.0078,1,07,2.4,0.72077,158
992357,41.4906075,-91.7033273,208.0078,1,07,2.4,0.72077,158
992621,41.4906078,-91.7033274,207.9535,1,07,2.4,0.71861,158
992739,41.4906077,-91.7033273,207.9640,1,07,2.4,0.64052,158
992876,41.4906077,-91.7033273,207.9640,1,07,2.4,0.64052,158
992974,41.4906077,-91.7033273,207.9650,1,06,2.4,0.64052,158
993120,41.4906077,-91.7033273,207.9650,1,06,2.4,0.64052,158
993265,41.4906077,-91.7033273,207.9650,1,06,2.4,0.64052,158
993667,41.4906108,-91.7033260,208.0029,1,06,2.4,0.56623,158
993818,41.4906108,-91.7033260,208.0029,1,06,2.4,0.56623,158
994107,41.4906145,-91.7033258,207.9617,1,06,2.4,0.47563,158
994199,41.4906145,-91.7033258,207.9663,1,06,2.4,0.47946,158
994349,41.4906145,-91.7033258,207.9663,1,06,2.4,0.47946,158
994514,41.4906143,-91.7033259,207.9644,1,06,2.4,0.42821,158
994605,41.4906143,-91.7033258,207.9964,1,06,2.4,0.31500,158
994759,41.4906143,-91.7033258,207.9964,1,06,2.4,0.31500,158
994903,41.4906144,-91.7033258,207.9794,1,06,2.4,0.39213,158
995007,41.4906143,-91.7033259,208.0024,1,06,2.4,0.42029,158
995277,41.4906143,-91.7033259,208.0024,1,06,2.4,0.42029,158
995548,41.4906143,-91.7033259,208.0024,1,06,2.4,0.42029,158
995696,41.4906165,-91.7033263,207.9932,1,07,2.4,0.42029,158
995921,41.4906167,-91.7033261,4129.437002,1,07,20,0.19276,158
995986,41.4906167,-91.7033261,4129.437002,1,07,20,0.19276,158
996174,41.4906165,-91.7033263,207.9815,1,07,2.4,0.19276,158
996317,41.4906165,-91.7033263,207.9815,1,07,2.4,0.19276,158
996393,41.4906165,-91.7033263,207.9815,1,07,2.4,0.19276,158
996601,41.4906166,-91.7033268,208.0046,1,06,2.4,0.19276,158
996761,41.4906166,-91.7033268,208.0046,1,06,2.4,0.19276,158
996855,41.4906166,-91.7033268,208.0046,1,06,2.4,0.19276,158
997003,41.4906165,-91.7033270,208.0207,1,06,2.6,0.12793,158
997136,41.4906165,-91.7033270,208.0207,1,06,2.6,0.12793,158
997470,41.4906162,-91.7033279,208.0617,1,06,2.6,0.32226,158
997578,41.4906162,-91.7033279,208.0617,1,06,2.6,0.32226,158
997769,41.4906163,-91.7033280,208.0172,1,06,2.6,0.33371,158
997950,41.4906163,-91.7033280,208.0172,1,06,2.6,0.33371,158
998210,41.4906163,-91.7033280,208.0172,1,06,2.6,0.37388,158
998291,41.4906147,-91.7033302,208.1308,1,05,2.7,0.56911,158
998395,41.4906142,-91.7033303,208.1761,1,22,0.7,0.62813,158
998528,41.4906142,-91.7033303,208.1761,1,22,0.7,0.62813,158
998945,41.4906147,-91.7033303,208.1368,1,05,2.7,0.48037,158
999099,41.4906147,-91.7033303,208.1368,1,05,2.7,0.48037,158
999275,41.4906147,-91.7033303,208.1368,1,05,2.7,0.48037,158
999348,41.4906131,-91.7033315,208.2012,1,05,2.7,0.39336,158
999603,41.4906131,-91.7033314,208.1939,1,05,2.7,0.39006,158
999796,41.4906133,-91.7033314,208.1753,1,05,2.7,0.42247,158
999954,41.4906133,-91.7033314,208.1753,1,05,2.7,0.42247,158
1000183,41.4906132,-91.7033313,208.1784,1,05,2.7,0.42247,158
1000331,41.4906132,-91.7033313,208.1784,1,05,2.7,0.42247,158
1000455,41.4906104,-91.7033334,208.2099,1,06,2.6,0.60343,158
1000602,41.4906104,-91.7033334,208.2099,1,06,2.6,0.60343,158
1000926,41.4906104,-91.7033334,208.2099,1,06,2.6,0.53209,158
1001124,41.4906104,-91.7033334,208.1908,1,06,2.6,0.53209,158
1001187,41.4906104,-91.7033334,208.1908,1,06,2.6,0.53209,158
1001364,41.4906091,-91.7033344,208.4005,1,06,2.6,0.53209,158
1001429,41.4906091,-91.7033344,208.4005,1,06,2.6,0.53209,158
1001504,41.4906091,-91.7033344,208.4005,1,06,2.6,0.24340,158
1001596,41.4906092,-91.7033344,208.4022,1,06,2.6,0.20723,158
1001734,41.4906092,-91.7033344,208.4022,1,06,2.6,0.20723,158
1001908,41.4906092,-91.7033344,208.4022,1,06,2.6,0.18522,158
1001964,41.4906091,-91.7033345,208.3940,1,06,2.6,0.18522,158
1002203,41.4906085,-91.7033347,208.3663,1,06,2.6,0.08934,158
1002350,41.4906085,-91.7033347,208.3663,1,06,2.6,0.08934,158
1002499,41.4906085,-91.7033347,208.3811,1,06,2.6,0.00906,158
1002604,41.4906085,-91.7033347,208.3985,1,06,2.6,0.08305,158
1002755,41.4906085,-91.7033347,208.3985,1,06,2.6,0.08305,158
1002901,41.4906085,-91.7033348,208.3887,1,06,2.6,0.11289,158
1003127,41.4906084,-91.7033347,208.4049,1,06,2.6,0.08525,158
1003262,41.4906084,-91.7033347,208.4049,1,06,2.6,0.08525,158
1003592,41.4906093,-91.7033338,208.2367,1,21,0.7,0.07663,158
1003733,41.4906093,-91.7033338,208.2367,1,21,0.7,0.07663,158
1004112,41.4906090,-91.7033338,208.2706,1,21,0.7,0.05532,158
1004210,41.4906090,-91.7033338,208.2706,1,21,0.7,0.05532,158
1004398,41.4906089,-91.7033338,208.3074,1,05,7.4,0.05532,158
1004547,41.4906089,-91.7033338,208.3074,1,05,7.4,0.05532,158
1004694,41.4906090,-91.7033340,208.3207,1,05,7.4,0.05882,158
1004796,41.4906089,-91.7033339,208.3179,1,05,7.4,0.19838,158
1004951,41.4906089,-91.7033339,208.3179,1,05,7.4,0.19838,158
1005099,41.4906107,-91.7033356,208.2621,1,05,7.4,0.15407,158
1005202,41.4906108,-91.7033355,208.2443,1,05,7.4,0.25189,158
1005359,41.4906108,-91.7033355,208.2443,1,05,7.4,0.25189,158
1005501,41.4906106,-91.7033355,208.2652,1,05,7.4,0.14921,158
1005602,41.4906105,-91.7033356,208.2790,1,05,7.4,0.22681,158
1005878,41.4906105,-91.7033356,208.2790,1,05,7.4,0.22681,158
1006135,41.4906107,-91.7033356,208.2650,1,05,7.4,0.24186,158
1006296,41.4906107,-91.7033356,208.2650,1,05,7.4,0.24186,158
1006490,41.4906111,-91.7033356,208.2051,1,05,7.4,0.24186,158
1006592,41.4906113,-91.7033355,208.1951,1,05,7.4,0.22388,158
1006742,41.4906113,-91.7033355,208.1951,1,05,7.4,0.22388,158
1006896,41.4906113,-91.7033356,208.1777,1,05,7.4,0.18720,158
1007001,41.4906114,-91.7033355,208.1656,1,05,7.4,0.07143,158
1007128,41.4906114,-91.7033355,208.1656,1,05,7.4,0.07143,158
1007596,41.4906111,-91.7033356,208.1960,1,05,4.0,0.24118,158
1007755,41.4906111,-91.7033356,208.1960,1,05,4.0,0.24118,158
1007896,41.4906112,-91.7033356,208.2157,1,05,4.0,0.27496,158
1008010,41.4906112,-91.7033357,208.1950,1,06,3.8,0.43124,158
1008153,41.4906112,-91.7033357,208.1950,1,06,3.8,0.43124,158
1008604,41.4906117,-91.7033355,208.0948,1,05,7.3,0.32599,158
1008768,41.4906117,-91.7033355,208.0948,1,05,7.3,0.32599,158
1009021,41.4906115,-91.7033355,208.1277,1,21,0.7,0.32022,158
1009370,41.4906112,-91.7033355,208.1777,1,05,7.3,0.38041,158
1009441,41.4906112,-91.7033355,208.1777,1,05,7.3,0.38041,158
1009591,41.4906212,-91.7033334,208.1708,1,20,0.7,0.28620,158
1009725,41.4906212,-91.7033334,208.1708,1,20,0.7,0.28620,158
1010177,41.4906217,-91.7033333,208.1017,1,21,0.7,0.12083,158
1010334,41.4906217,-91.7033333,208.1017,1,21,0.7,0.12083,158
1010495,41.4906217,-91.7033333,208.1017,1,21,0.7,0.08010,158
1010570,41.4906226,-91.7033348,208.1622,1,20,0.7,0.08010,158
1010798,41.4906226,-91.7033347,208.1568,1,19,0.7,0.12604,158
1010942,41.4906226,-91.7033347,208.1568,1,19,0.7,0.12604,158
1011116,41.4906224,-91.7033347,208.1700,1,21,0.7,0.28072,158
1011204,41.4906226,-91.7033348,208.1826,1,21,0.7,0.29032,158
1011355,41.4906226,-91.7033348,208.1826,1,21,0.7,0.29032,158
1011783,41.4906218,-91.7033349,208.2797,1,21,0.7,0.42754,158
1011900,41.4906218,-91.7033349,208.2797,1,21,0.7,0.42754,158
1012330,41.4906218,-91.7033349,208.2814,1,21,0.7,0.64669,158
1012489,41.4906203,-91.7033341,208.3551,1,20,0.7,0.70657,158
1012689,41.4906202,-91.7033341,208.3569,1,20,0.7,0.77569,158
1012783,41.4906202,-91.7033341,208.3569,1,20,0.7,0.77569,158
1012920,41.4906202,-91.7033341,208.3569,1,20,0.7,0.77569,158
1013122,41.4906198,-91.7033342,208.4120,1,19,0.7,0.77569,158
1013194,41.4906198,-91.7033342,208.4120,1,19,0.7,0.77569,158
1013286,41.4906198,-91.7033342,208.4120,1,19,0.7,0.77569,158
1013356,41.4906156,-91.7033373,208.5160,1,05,7.3,0.77569,158
1013599,41.4906155,-91.7033373,208.5637,1,05,7.3,0.90514,158
1013745,41.4906155,-91.7033373,208.5637,1,05,7.3,0.90514,158
1013902,41.4906154,-91.7033374,208.5648,1,20,0.7,0.91381,158
1014007,41.4906154,-91.7033374,208.5570,1,21,0.7,0.96756,158
1014156,41.4906154,-91.7033374,208.5570,1,21,0.7,0.96756,158
1014406,41.4906115,-91.7033399,208.6262,1,20,0.7,0.90789,158
1014559,41.4906115,-91.7033399,208.6262,1,20,0.7,0.90789,158
1015094,41.4906115,-91.7033401,208.6211,1,21,0.7,0.82509,158
1015355,41.4906114,-91.7033400,M,1,21,0.99,0.7206668,158
1015945,41.4906085,-91.7033422,208.7280,1,21,0.7,0.58944,158
1016099,41.4906085,-91.7033422,208.7280,1,21,0.7,0.58944,158
1016525,41.4906073,-91.7033424,208.7337,1,18,0.8,0.27257,158
1016615,41.4906073,-91.7033424,208.7337,1,18,0.8,0.27257,158
1016898,41.4906070,-91.7033424,208.7699,1,19,0.7,0.04471,158
1017000,41.4906071,-91.7033424,208.7522,1,19,0.7,0.09226,158
1017122,41.4906071,-91.7033424,208.7522,1,19,0.7,0.09226,158
1017383,41.4906076,-91.7033421,208.8103,1,21,0.7,0.09226,158
1017497,41.4906076,-91.7033421,208.8103,1,21,0.7,0.09226,158
1017720,41.4906074,-91.7033421,208.8383,1,21,0.7,0.25445,158
1017982,41.4906071,-91.7033422,208.8868,1,21,0.7,0.29757,158
1018096,41.4906071,-91.7033422,208.8868,1,21,0.7,0.29757,158
1018321,41.4906099,-91.7033398,208.8488,1,21,0.7,0.33114,158
1018588,41.4906102,-91.7033398,208.7900,1,21,0.7,0.46433,158
1018877,41.4906102,-91.7033398,208.7900,1,21,0.7,0.46433,158
1019101,41.4906122,-91.7033375,208.8001,1,05,7.3,0.51652,158
1019234,41.4906126,-91.7033375,208.7655,1,05,7.3,0.44829,158
1019357,41.4906126,-91.7033375,208.7655,1,05,7.3,0.44829,158
1019797,41.4906120,-91.7033376,208.8570,1,21,0.7,0.42361,158
1019947,41.4906120,-91.7033376,208.8570,1,21,0.7,0.42361,158
1020379,41.4906129,-91.7033363,208.7888,1,21,0.7,0.47884,158
1020514,41.4906130,-91.7033363,208.7832,1,21,0.7,0.47884,158
1020604,41.4906130,-91.7033363,208.7832,1,21,0.7,0.47884,158
1020843,41.4906129,-91.7033364,208.7790,1,21,0.7,0.47884,158
1021017,41.4906129,-91.7033364,208.7790,1,21,0.7,0.47884,158
1021385,41.4906149,-91.7033339,208.7742,1,21,0.7,0.51982,158
1021509,41.4906149,-91.7033339,208.7742,1,21,0.7,0.51982,158
1021739,41.4906154,-91.7033339,208.7020,1,21,0.7,0.28856,158
1021987,41.4906154,-91.7033339,208.7020,1,21,0.7,0.34065,158
1022092,41.4906156,-91.7033338,208.6733,1,21,0.7,0.34065,158
1022327,41.4906155,-91.7033321,208.7071,1,21,0.7,0.22058,158
1022478,41.4906155,-91.7033321,208.7071,1,21,0.7,0.22058,158
1022796,41.4906156,-91.7033322,208.7232,1,21,0.7,0.22874,158
1022948,41.4906156,-91.7033322,208.7232,1,21,0.7,0.22874,158
1023238,41.4906148,-91.7033313,208.6651,1,21,0.7,0.15272,158
1023376,41.4906148,-91.7033313,208.6651,1,21,0.7,0.15272,158
1023601,41.4906145,-91.7033313,208.6921,1,21,0.7,0.00894,158
1023741,41.4906145,-91.7033313,208.6921,1,21,0.7,0.00894,158
1024005,41.4906149,-91.7033313,208.6664,1,21,0.7,0.21792,158
1024119,41.4906149,-91.7033313,208.6664,1,21,0.7,0.21792,158
1024377,41.4906139,-91.7033309,208.6752,1,21,0.7,0.21792,158
1024484,41.4906139,-91.7033309,208.6752,1,21,0.7,0.21792,158
1024680,41.4906140,-91.7033309,208.6485,1,20,0.7,0.58788,158
1024759,41.4906139,-91.7033308,208.6622,1,20,0.7,0.68532,158
1024904,41.4906140,-91.7033308,208.6647,1,19,0.7,0.58713,158
1025164,41.4906141,-91.7033308,208.6424,1,19,0.7,0.59228,158
1025369,41.4906141,-91.7033308,208.6424,1,19,0.7,0.59228,158
1025494,41.4906124,-91.7033306,208.6662,1,20,0.7,0.59228,158
1025596,41.4906125,-91.7033307,208.6439,1,20,0.7,0.538320,158
1025735,41.4906125,-91.7033307,208.6439,1,20,0.7,0.538320,158
1026002,41.4906117,-91.7033308,208.7752,1,20,0.7,0.81619,158
1026117,41.4906117,-91.7033308,208.7752,1,20,0.7,0.81619,158
1026257,41.4906102,-91.7033309,208.7034,1,21,0.7,0.81619,158
1026372,41.4906102,-91.7033309,208.7034,1,21,0.7,0.81619,158
1026599,41.4906103,-91.7033309,208.6506,1,19,0.8,0.56762,158
1026743,41.4906103,-91.7033309,208.6506,1,19,0.8,0.56762,158
1026922,41.4906104,-91.7033309,208.6315,1,19,0.8,0.41327,158
1027009,41.4906104,-91.7033309,208.6663,1,19,0.8,0.46887,158
1027162,41.4906104,-91.7033309,208.6663,1,19,0.8,0.46887,158
1027317,41.4906076,-91.7033313,208.7865,1,21,0.7,0.41733,158
1027406,41.4906074,-91.7033311,208.7819,1,21,0.7,0.41352,158
1027556,41.4906074,-91.7033311,208.7819,1,21,0.7,0.41352,158
1027923,41.4906070,-91.7033312,208.8384,1,21,0.7,0.36078,158
1028087,41.4906070,-91.7033312,208.8384,1,21,0.7,0.36078,158
1028367,41.4906053,-91.7033299,208.9375,1,21,0.7,14.135,158
1028592,41.4906055,-91.7033299,208.9164,1,21,0.7,0.04302,158
1028733,41.4906055,-91.7033299,208.9164,1,21,0.7,0.04302,158
1029000,41.4906060,-91.7033299,208.8671,1,21,0.7,0.15154,158
1029119,41.4906060,-91.7033299,208.8671,1,21,0.7,0.15154,158
1029369,41.4906040,-91.7033282,208.9538,1,21,0.7,0.15154,158
1029471,41.4906040,-91.7033282,208.9538,1,21,0.7,0.15154,158
1029956,41.4906039,-91.7033283,208.9560,1,21,0.7,0.52806,158
1030157,41.4906044,-91.7033283,208.9183,1,19,0.8,0.52806,158
1030430,41.4906058,-91.7033279,208.8965,1,05,4.0,0.86872,158
1030499,41.4906058,-91.7033279,208.8965,1,05,4.0,0.86872,158
1030580,41.4906056,-91.7033280,208.9172,1,05,4.0,0.86872,158
1030720,41.4906055,-91.7033280,208.9194,1,05,4.0,0.91739,158
1030939,41.4906059,-91.7033281,208.8967,1,05,4.0,1.06749,158
1031233,41.4906059,-91.7033281,208.8967,1,05,4.0,1.06749,158
1031433,41.4906059,-91.7033281,208.8967,1,05,4.0,1.06749,158
1031512,41.4906120,-91.7033268,208.7895,1,05,4.0,1.12700,158
1031664,41.4906121,-91.7033268,208.7849,1,05,4.0,1.16671,158
1031818,41.4906121,-91.7033268,208.7849,1,05,4.0,1.16671,158
1032176,41.4906121,-91.7033268,208.7849,1,05,4.0,1.12401,158
1032376,41.4906121,-91.7033268,208.7849,1,05,4.0,1.14023,158
1032586,41.4906121,-91.7033268,208.7849,1,05,4.0,0.95442,158
1032793,41.4906174,-91.7033260,208.7443,1,05,4.0,0.77418,158
1032951,41.4906174,-91.7033260,208.7443,1,05,4.0,0.77418,158
1033191,41.4906177,-91.7033259,208.6979,1,21,0.7,0.77418,158
1033375,41.4906177,-91.7033259,208.6979,1,21,0.7,0.77418,158
1033462,41.4906215,-91.7033242,208.6096,1,21,0.7,0.52247,158
1033606,41.4906222,-91.7033242,208.5278,1,21,0.7,0.53473,158
1033768,41.4906222,-91.7033242,208.5278,1,21,0.7,0.53473,158
1034008,41.4906220,-91.7033242,208.5770,1,20,0.7,0.46381,158
1034288,41.4906220,-91.7033242,208.5770,1,20,0.7,0.46381,158
1034653,41.4906229,-91.7033234,208.6259,1,05,4.0,0.43676,158
1034800,41.4906229,-91.7033234,208.6259,1,05,4.0,0.43676,158
1035014,41.4906230,-91.7033235,208.6206,1,05,4.0,0.33161,158
1035159,41.4906230,-91.7033235,208.6206,1,05,4.0,0.33161,158
1035397,41.4906234,-91.7033224,208.6356,1,05,4.0,0.24151,158
1035550,41.4906234,-91.7033224,208.6356,1,05,4.0,0.24151,158
1036016,41.4906231,-91.7033229,208.6618,1,05,4.0,0.16380,158
1036120,41.4906213,-91.7033245,208.911.385,1,05,4.0,0.09238,158
1036202,41.4906213,-91.7033247,208.9825,1,05,4.0,0.09238,158
1036346,41.4906213,-91.7033247,208.9825,1,05,4.0,0.09238,158
1036603,41.4906192,-91.7033271,209.2584,1,05,4.0,0.40143,158
1036748,41.4906192,-91.7033271,209.2584,1,05,4.0,0.40143,158
1037254,41.4906166,-91.7033295,209.6072,1,05,4.0,0.44685,158
1037382,41.4906145,-91.7033296,209.7529,1,05,4.0,0.44685,158
1037573,41.4906136,-91.7033307,209.8828,1,05,4.0,0.52215,158
1037760,41.4906136,-91.7033307,209.8828,1,05,4.0,0.52215,158
1037860,41.4906136,-91.7033307,209.8828,1,05,4.0,0.53632,158
1037996,41.4906110,-91.7033336,210.2390,1,05,4.0,0.63979,158
1038111,41.4906110,-91.7033336,210.2390,1,05,4.0,0.63979,158
1038197,41.4906052,-91.7033358,210.4946,1,05,4.0,0.63979,158
1038333,41.4906052,-91.7033358,210.4946,1,05,4.0,0.63979,158
1038544,41.4906045,-91.7033364,210.5811,1,05,4.0,0.83923,158
1038700,41.4906045,-91.7033364,210.5811,1,05,4.0,0.83923,158
1039115,41.4905983,-91.7033385,210.8355,1,05,4.0,0.89597,158
1039200,41.4905982,-91.7033388,210.8634,1,05,4.0,1.00440,158
1039345,41.4905982,-91.7033388,210.8634,1,05,4.0,1.00440,158
1039497,41.4905975,-91.7033391,210.9426,1,05,4.0,1.02431,158
1039606,41.4905976,-91.7033392,210.9320,1,05,4.0,1.12886,158
1039752,41.4905976,-91.7033392,210.9320,1,05,4.0,1.12886,158
1040011,41.4905976,-91.7033393,210.9297,1,05,4.0,1.09019,158
1040158,41.4905976,-91.7033393,210.9297,1,05,4.0,1.09019,158
1040418,41.4905921,-91.7033418,211.1175,1,05,4.0,1.00506,158
1040537,41.4905919,-91.7033418,211.1568,1,05,4.0,1.01322,158
1040693,41.4905919,-91.7033418,211.1568,1,05,4.0,1.01322,158
1040799,41.4905919,-91.7033419,211.1724,1,05,4.0,1.01322,158
1040940,41.4905919,-91.7033419,211.1724,1,05,4.0,1.01322,158
1041162,41.4905919,-91.7033419,211.1724,1,05,4.0,1.01322,158
1041399,41.4905888,-91.7033431,211.2657,1,05,4.0,0.72153,158
1041544,41.4905888,-91.7033431,211.2657,1,05,4.0,0.72153,158
1041989,41.4905888,-91.7033431,211.2657,1,05,4.0,0.61248,158
1042169,41.4905887,-91.7033432,211.3025,1,05,4.0,0.56205,158
1042246,41.4905887,-91.7033432,211.3025,1,05,4.0,0.56205,158
1042321,41.4905887,-91.7033432,211.3025,1,05,4.0,0.42202,158
1042543,41.4905862,-91.7033441,211.3629,1,05,4.0,0.36599,158
1042709,41.4905862,-91.7033441,211.3629,1,05,4.0,0.36599,158
1042976,41.4905862,-91.7033441,211.3629,1,05,4.0,0.36599,158
1043358,41.4905862,-91.7033441,211.3629,1,05,4.0,0.08367,158
1043621,41.4905849,-91.7033455,211.5006,1,05,4.0,0.22307,158
1043743,41.4905850,-91.7033454,211.4953,1,05,4.0,0.27251,158
1043967,41.4905850,-91.7033454,211.4953,1,05,4.0,0.27251,158
1044080,41.4905850,-91.7033454,211.4953,1,05,4.0,0.27251,158
1044171,41.4905851,-91.7033453,211.4834,1,05,4.0,0.27251,158
1044369,41.4905851,-91.7033453,211.4834,1,05,4.0,0.48665,158
1044495,41.4905851,-91.7033453,211.4834,1,05,4.0,0.49669,158
1044596,41.4905861,-91.7033455,211.5873,1,05,4.0,0.50053,158
1044740,41.4905861,-91.7033455,211.5873,1,05,4.0,0.50053,158
1045335,41.4905888,-91.7033447,211.5696,1,05,4.0,0.61477,158
1045590,41.4905888,-91.7033447,211.5696,1,05,4.0,0.54771,158
1045776,41.4905887,-91.7033448,211.5744,1,05,4.0,0.56715,158
1045943,41.4905887,-91.7033448,211.5744,1,05,4.0,0.56715,158
1046117,41.4905887,-91.7033448,211.5744,1,05,4.0,0.56715,158
1046406,41.4905912,-91.7033437,211.6017,1,05,4.0,0.57405,158
1046561,41.4905912,-91.7033437,211.6017,1,05,4.0,0.57405,158
1047007,41.4905913,-91.7033436,211.5875,1,05,4.0,0.53519,158
1047123,41.4905913,-91.7033436,211.5875,1,05,4.0,0.53519,158
1047333,41.4905927,-91.7033427,211.6229,1,05,4.0,0.54139,158
1047495,41.4905927,-91.7033427,211.6229,1,05,4.0,0.54139,158
1047758,41.4905927,-91.7033427,211.6229,1,05,4.0,0.54139,158
1048180,41.4905928,-91.7033428,211.6122,1,05,4.0,4.0,158
1048271,41.4905928,-91.7033428,211.6122,1,05,4.0,4.0,158
1048414,41.4905961,-91.7033424,211.5554,1,05,4.0,0.61969,158
1048568,41.4905961,-91.7033424,211.5554,1,05,4.0,0.61969,158
1048911,41.4905958,-91.7033425,211.6171,1,05,4.0,0.59641,158
1049084,41.4905958,-91.7033425,211.6171,1,05,4.0,0.59641,158
1049358,41.4905958,-91.7033426,211.6136,1,05,4.0,0.59641,158
1049843,41.4905975,-91.7033421,211.6360,1,05,3.9,0.33607,158
1049987,41.4905975,-91.7033421,211.6360,1,05,3.9,0.33607,158
1050180,41.4905975,-91.7033421,211.6360,1,05,3.9,0.20921,158
1050361,41.4905973,-91.7033417,211.6168,1,05,3.9,0.20921,158
1050617,41.4905973,-91.7033417,211.6168,1,05,3.9,0.20921,158
1050691,41.4905971,-91.7033418,211.6610,1,05,3.9,0.04702,158
1050793,41.4905971,-91.7033418,211.6709,1,05,3.9,0.02713,158
1050889,41.4905971,-91.7033418,211.6709,1,05,3.9,0.02713,158
1051263,41.4905971,-91.7033418,211.6836,1,05,3.9,0.10174,158
1051597,41.4905951,-91.7033423,211.6970,1,05,3.9,0.19136,158
1051731,41.4905951,-91.7033423,211.6970,1,05,3.9,0.19136,158
1051942,41.4905951,-91.7033422,211.7019,1,05,3.9,0.15338,158
1052011,41.4905951,-91.7033422,211.7019,1,05,3.9,0.15338,158
1052281,41.4905952,-91.7033422,211.7009,1,05,3.9,0.15338,158
1052411,41.4905952,-91.7033422,211.7009,1,05,3.9,0.15338,158
1052629,41.4905940,-91.7033425,211.8517,1,06,3.0,0.15130,158
1052711,41.4905940,-91.7033425,211.8517,1,06,3.0,0.40145,158
1052772,41.4905939,-91.7033425,211.8864,1,06,3.0,0.41897,158
1053010,41.4905940,-91.7033425,211.8518,1,05,3.9,0.38890,158
1053275,41.4905940,-91.7033425,211.8518,1,05,3.9,0.38890,158
1053592,41.4905914,-91.7033425,212.0151,1,05,3.9,0.40367,158
1053725,41.4905914,-91.7033425,212.0151,1,05,3.9,0.40367,158
1053931,41.4905916,-91.7033425,212.0007,1,05,3.9,0.43608,158
1053996,41.4905916,-91.7033425,212.0007,1,05,3.9,0.43608,158
1054175,41.4905915,-91.7033426,211.9984,1,05,3.9,0.43608,158
1054245,41.4905915,-91.7033426,211.9984,1,05,3.9,0.43608,158
1054400,41.4905896,-91.7033434,212.1754,1,05,3.9,0.36142,158
1054544,41.4905896,-91.7033434,212.1754,1,05,3.9,0.36142,158
1054803,41.4905898,-91.7033433,212.1510,1,05,3.9,0.35673,158
1054946,41.4905898,-91.7033433,212.1510,1,05,3.9,0.35673,158
1055115,41.4905880,-91.7033439,212.3057,1,05,3.9,0.30304,158
1055206,41.4905881,-91.7033438,212.2942,1,05,3.9,0.28746,158
1055355,41.4905881,-91.7033438,212.2942,1,05,3.9,0.28746,158
1055510,41.4905880,-91.7033438,212.2902,1,05,3.9,0.22374,158
1055607,41.4905882,-91.7033438,212.2856,1,05,3.9,0.24684,158
1055878,41.4905882,-91.7033438,212.2856,1,05,3.9,0.24684,158
1055996,41.4905884,-91.7033438,212.2544,1,05,3.9,0.14984,158
1056107,41.4905884,-91.7033438,212.2544,1,05,3.9,0.14984,158
1056198,41.4905861,-91.7033447,212.3952,1,05,3.9,0.14984,158
1056339,41.4905861,-91.7033447,212.3952,1,05,3.9,0.14984,158
1056798,41.4905860,-91.7033446,212.3883,1,05,3.9,0.13210,158
1056944,41.4905860,-91.7033446,212.3883,1,05,3.9,0.13210,158
1057095,41.4905852,-91.7033450,212.3717,1,05,3.9,0.14552,158
1057201,41.4905849,-91.7033451,212.3939,1,05,3.9,0.19571,158
1057348,41.4905849,-91.7033451,212.3939,1,05,3.9,0.19571,158
1057502,41.4905852,-91.7033450,212.3810,1,05,3.9,0.20554,158
1057603,41.4905850,-91.7033451,212.3834,1,05,3.9,0.21979,158
1057750,41.4905850,-91.7033451,212.3834,1,05,3.9,0.21979,158
1058108,41.4905872,-91.7033459,212.2264,1,05,3.9,0.39476,158
1058208,41.4905870,-91.7033460,212.2087,1,05,3.9,0.30440,158
1058356,41.4905870,-91.7033460,212.2087,1,05,3.9,0.30440,158
1058859,41.4905868,-91.7033459,212.2578,1,05,3.9,0.33388,158
1058989,41.4905867,-91.7033459,212.2554,1,05,3.9,0.35297,158
1059183,41.4905872,-91.7033459,212.2439,1,05,3.9,0.35297,158
1059312,41.4905872,-91.7033459,212.2439,1,05,3.9,0.35297,158
1059393,41.4905880,-91.7033463,212.1255,1,05,3.9,0.35297,158
1059524,41.4905880,-91.7033463,212.1255,1,05,3.9,0.35297,158
1059607,41.4905878,-91.7033463,212.1556,1,05,3.9,0.35297,158
1059751,41.4905878,-91.7033463,212.1556,1,05,3.9,0.35297,158
1060003,41.4905881,-91.7033463,212.1131,1,05,3.9,0.35297,158
1060108,41.4905881,-91.7033463,212.1131,1,05,3.9,0.35297,158
1060332,41.4905898,-91.7033468,212.0000,1,05,3.9,0.28520,158
1060506,41.4905898,-91.7033468,212.0000,1,05,3.9,0.28520,158
1060769,41.4905898,-91.7033468,212.0000,1,05,3.9,0.28520,158
1061095,41.4905897,-91.7033467,211.9966,1,05,3.9,0.32497,158
1061263,41.4905897,-91.7033467,211.9966,1,05,3.9,0.32497,158
1061381,41.4905911,-91.7033466,211.9400,1,05,3.9,0.32497,158
1061582,41.4905914,-91.7033465,211.8776,1,05,3.9,0.37068,158
1061735,41.4905914,-91.7033465,211.8776,1,05,3.9,0.37068,158
1061791,41.4905914,-91.7033465,211.8776,1,05,3.9,0.33679,158
1061969,41.4905916,-91.7033465,211.8749,1,05,3.9,0.33679,158
1062111,41.4905916,-91.7033465,211.8749,1,05,3.9,0.33679,158
1062325,41.4905904,-91.7033467,211.8081,1,06,3.0,0.33679,158
1062397,41.4905904,-91.7033467,211.8081,1,06,3.0,0.33679,158
1062597,41.4905905,-91.7033466,211.7987,1,05,3.9,0.33679,158
1062737,41.4905905,-91.7033466,211.7987,1,05,3.9,0.33679,158
1062819,41.4905905,-91.7033466,211.8059,1,05,3.9,0.00990,158
1062961,41.4905905,-91.7033466,211.8059,1,05,3.9,0.00990,158
1063258,41.4905906,-91.7033465,211.7381,1,05,3.9,0.15767,158
1063399,41.4905906,-91.7033465,211.7381,1,05,3.9,0.15767,158
1063596,41.4905906,-91.7033465,211.7381,1,05,3.9,0.20425,158
1063795,41.4905908,-91.7033465,211.7111,1,05,3.9,0.20425,158
1063956,41.4905908,-91.7033465,211.7111,1,05,3.9,0.20425,158
1064303,41.4905908,-91.7033465,211.7111,1,05,3.9,0.20425,158
1064477,41.4905908,-91.7033465,211.7111,1,05,3.9,0.20425,158
1064535,41.4905893,-91.7033468,211.7916,1,05,3.9,0.20425,158
1064740,41.4905892,-91.7033468,211.7894,1,05,3.9,0.25311,158
1064889,41.4905892,-91.7033468,211.7894,1,05,3.9,0.25311,158
1065104,41.4905870,-91.7033469,211.9796,1,05,3.9,0.43690,158
1065196,41.4905872,-91.7033468,211.9942,1,05,3.9,0.46382,158
1065338,41.4905872,-91.7033468,211.9942,1,05,3.9,0.46382,158
1065554,41.4905870,-91.7033469,212.0099,1,23,0.6,0.51837,158
1065976,41.4905869,-91.7033469,212.0286,1,23,0.6,0.51837,158
1066101,41.4905869,-91.7033469,212.0286,1,23,0.6,0.51837,158
1066344,41.4905845,-91.7033465,212.1830,1,23,0.6,0.50855,158
1066501,41.4905845,-91.7033465,212.1789,1,23,0.6,0.39597,158
1066604,41.4905847,-91.7033465,212.1755,1,23,0.6,0.40390,158
1066755,41.4905847,-91.7033465,212.1755,1,23,0.6,0.40390,158
1067331,41.4905850,-91.7033464,212.1706,1,23,0.6,0.32859,158
1067624,41.4905829,-91.7033462,212.3008,1,05,3.9,0.24635,158
1067747,41.4905831,-91.7033462,212.2804,1,05,3.9,0.10195,158
1067920,41.4905831,-91.7033462,212.2804,1,05,3.9,0.10195,158
1067976,41.4905831,-91.7033462,212.2804,1,05,3.9,0.10195,158
1068073,41.4905832,-91.7033462,212.2989,1,05,3.9,0.10195,158
1068197,41.4905828,-91.7033474,212.4200,1,05,3.9,0.11232,158
1068342,41.4905828,-91.7033474,212.4200,1,05,3.9,0.11232,158
1068496,41.4905828,-91.7033474,212.4410,1,05,3.9,0.14887,158
1068599,41.4905829,-91.7033474,212.4278,1,05,3.9,0.16374,158
1068750,41.4905829,-91.7033474,212.4278,1,05,3.9,0.16374,158
1069007,41.4905826,-91.7033474,212.4301,1,05,3.9,0.04724,158
1069162,41.4905826,-91.7033474,212.4301,1,05,3.9,0.04724,158
1069302,41.4905827,-91.7033494,212.5809,1,05,3.9,0.18076,158
1069475,41.4905830,-91.7033494,212.5680,1,05,3.9,0.21007,158
1069640,41.4905830,-91.7033494,212.5680,1,05,3.9,0.21007,158
1070010,41.4905829,-91.7033494,212.5629,1,05,3.9,0.19511,158
1070286,41.4905829,-91.7033494,212.5629,1,05,3.9,0.19511,158
1070491,41.4905844,-91.7033519,212.4430,1,05,3.9,0.33694,158
1070594,41.4905845,-91.7033519,212.4369,1,05,3.9,0.39851,158
1070738,41.4905845,-91.7033519,212.4369,1,05,3.9,0.39851,158
1070943,41.4905845,-91.7033519,212.4369,1,05,3.9,0.41244,158
1071140,41.4905845,-91.7033519,212.4369,1,05,3.9,0.41244,158
1071369,41.4905844,-91.7033519,212.4224,1,05,3.9,0.41244,158
1071601,41.4905865,-91.7033541,212.1886,1,05,3.9,0.41203,158
1071754,41.4905865,-91.7033541,212.1886,1,05,3.9,0.41203,158
1071901,41.4905867,-91.7033541,212.1854,1,05,3.9,0.40853,158
1072004,41.4905865,-91.7033542,212.1926,1,05,3.9,0.36504,158
1072138,41.4905865,-91.7033542,212.1926,1,05,3.9,0.36504,158
1072562,41.4905884,-91.7033555,212.0873,1,05,3.9,0.36504,158
1072715,41.4905884,-91.7033555,212.0873,1,05,3.9,0.48828,158
1072935,41.4905882,-91.7033554,212.0840,1,23,0.6,0.52091,158
1073054,41.4905882,-91.7033554,212.0840,1,23,0.6,0.52091,158
1073504,41.4905913,-91.7033567,211.8335,1,23,0.6,0.51077,158
1073671,41.4905913,-91.7033567,211.8335,1,23,0.6,0.51077,158
1073997,41.4905908,-91.7033567,211.8375,1,23,0.6,0.77897,158
1074110,41.4905908,-91.7033567,211.8375,1,23,0.6,0.77897,158
1074196,41.4905945,-91.7033564,211.6113,1,23,0.6,0.77897,158
1074332,41.4905945,-91.7033564,211.6113,1,23,0.6,0.77897,158
1074616,41.4905934,-91.7033568,211.6163,1,23,0.6,0.75352,158
1074754,41.4905934,-91.7033568,211.6163,1,23,0.6,0.75352,158
1075174,41.4905946,-91.7033565,211.6164,1,23,0.6,0.63297,158
1075403,41.4905959,-91.7033567,211.4417,1,23,0.6,0.46042,158
1075547,41.4905959,-91.7033567,211.4417,1,23,0.6,0.46042,158
1075805,41.4905953,-91.7033568,211.4163,1,22,0.7,0.45006,158
1075951,41.4905953,-91.7033568,211.4163,1,22,0.7,0.45006,158
1076209,41.4905959,-91.7033571,211.2807,1,23,0.6,0.37779,158
1076356,41.4905959,-91.7033571,211.2807,1,23,0.6,0.37779,158
1076809,41.4905956,-91.7033571,211.2878,1,21,0.7,0.24123,158
1077081,41.4905956,-91.7033571,211.2878,1,21,0.7,0.24123,158
1077394,41.4905960,-91.7033570,211.3678,1,23,0.6,0.10113,158
1077528,41.4905960,-91.7033570,211.3678,1,23,0.6,0.10113,158
1077795,41.4905960,-91.7033570,211.4097,1,23,0.6,0.08837,158
1077931,41.4905960,-91.7033570,211.4097,1,23,0.6,0.08837,158
1078198,41.4905946,-91.7033580,211.6936,1,06,3.4,0.09947,158
1078337,41.4905946,-91.7033580,211.6936,1,06,3.4,0.09947,158
1078420,41.4905946,-91.7033580,211.7054,1,06,3.4,0.39063,158
1078498,41.4905943,-91.7033580,211.7096,1,06,3.4,0.55659,158
1078599,41.4905943,-91.7033580,211.6885,1,06,3.4,0.59675,158
1078743,41.4905943,-91.7033580,211.6885,1,06,3.4,0.59675,158
1078900,41.4905945,-91.7033580,211.6774,1,06,3.4,0.63643,158
1079010,41.4905945,-91.7033579,211.6700,1,06,3.4,0.65735,158
1079160,41.4905945,-91.7033579,211.6700,1,06,3.4,0.65735,158
1079302,41.4905917,-91.7033594,212.0496,1,06,3.4,0.71078,158
1079408,41.4905917,-91.7033594,212.0403,1,06,3.4,0.71821,158
1079679,41.4905917,-91.7033594,212.0403,1,06,3.4,0.71821,158
1079930,41.4905916,-91.7033593,212.0427,1,06,3.4,0.71360,158
1080005,41.4905916,-91.7033593,212.0427,1,06,3.4,0.71360,158
1080190,41.4905917,-91.7033593,212.0909,1,06,3.4,0.71360,158
1080340,41.4905917,-91.7033593,212.0909,1,06,3.4,0.71360,158
1080518,41.4905900,-91.7033614,212.2808,1,06,3.4,0.71360,158
1080592,41.4905900,-91.7033614,212.2808,1,06,3.4,0.71360,158
1080775,41.4905900,-91.7033613,212.2837,1,06,3.4,0.71360,158
1080853,41.4905900,-91.7033613,212.2837,1,06,3.4,0.71360,158
1081021,41.4905899,-91.7033613,212.2713,1,06,3.4,0.13458,158
1081171,41.4905899,-91.7033613,212.2713,1,06,3.4,0.13458,158
1081299,41.4905889,-91.7033624,212.5949,1,06,3.4,0.10314,158
1081402,41.4905891,-91.7033623,212.5676,1,05,4.6,0.09439,158
1081556,41.4905891,-91.7033623,212.5676,1,05,4.6,0.09439,158
1081804,41.4905892,-91.7033623,212.5849,1,06,3.4,0.08378,158
1081963,41.4905892,-91.7033623,212.5849,1,06,3.4,0.08378,158
1082222,41.4905896,-91.7033629,212.7550,1,06,1.7,0.04962,158
1082346,41.4905897,-91.7033629,212.7468,1,06,1.7,0.09503,158
1082571,41.4905897,-91.7033629,212.7468,1,06,1.7,0.09503,158
1082655,41.4905897,-91.7033629,212.7443,1,06,1.7,0.09503,158
1082793,41.4905897,-91.7033629,212.7421,1,06,1.7,0.28491,158
1082946,41.4905897,-91.7033629,212.7421,1,06,1.7,0.28491,158
1083339,41.4905899,-91.7033632,212.9130,1,07,1.6,0.26515,158
1083509,41.4905899,-91.7033632,212.9130,1,07,1.6,0.26515,158
1083699,41.4905898,-91.7033631,212.9087,1,05,4.6,0.26515,158
1083800,41.4905898,-91.7033631,212.8849,1,06,1.7,0.15490,158
1083960,41.4905898,-91.7033631,212.8849,1,06,1.7,0.15490,158
1084102,41.4905920,-91.7033627,212.7103,1,06,1.7,0.23226,158
1084204,41.4905920,-91.7033627,212.7214,1,06,1.7,0.23514,158
1084366,41.4905920,-91.7033627,212.7214,1,06,1.7,0.23514,158
1084503,41.4905919,-91.7033627,212.7204,1,06,1.7,0.23855,158
1084611,41.4905920,-91.7033627,212.7193,1,06,1.7,0.28890,158
1084894,41.4905920,-91.7033627,212.7193,1,06,1.7,0.28890,158
1085192,41.4905936,-91.7033624,212.5550,1,06,1.7,0.30073,158
1085340,41.4905936,-91.7033624,212.5550,1,06,1.7,0.30073,158
1085594,41.4905937,-91.7033623,212.5102,1,06,1.7,0.34638,158
1085747,41.4905937,-91.7033623,212.5102,1,06,1.7,0.34638,158
1086001,41.4905936,-91.7033625,212.5450,1,06,1.7,0.23295,158
1086113,41.4905936,-91.7033625,212.5450,1,06,1.7,0.23295,158
1086332,41.4905947,-91.7033626,212.3270,1,06,1.7,0.23295,158
1086404,41.4905947,-91.7033626,212.3270,1,06,1.7,0.23295,158
1086593,41.4905947,-91.7033625,212.3302,1,06,1.7,0.23295,158
1086749,41.4905947,-91.7033625,212.3302,1,06,1.7,0.23295,158
1086930,41.4905946,-91.7033625,212.3557,1,06,1.7,0.23295,158
1087064,41.4905946,-91.7033625,212.3557,1,06,1.7,0.23295,158
1087354,41.4905961,-91.7033619,212.0990,1,06,1.7,0.40785,158
1087516,41.4905961,-91.7033619,212.0990,1,06,1.7,0.40785,158
1087809,41.4905961,-91.7033618,212.1345,1,06,1.7,0.02284,158
1088074,41.4905961,-91.7033618,212.1345,1,06,1.7,0.02284,158
1088271,41.4905969,-91.7033622,211.9755,1,05,4.6,0.13797,158
1088403,41.4905969,-91.7033622,211.9755,1,05,4.6,0.13797,158
1088733,41.4905970,-91.7033621,211.9685,1,05,4.6,0.16253,158
1088800,41.4905970,-91.7033621,211.9685,1,05,4.6,0.16253,158
1088988,41.4905970,-91.7033622,211.9933,1,05,4.6,0.16253,158
1089138,41.4905970,-91.7033622,211.9933,1,05,4.6,0.16253,158
1089195,41.4905970,-91.7033621,211.9385,1,05,4.6,0.16253,158
1089338,41.4905970,-91.7033621,211.9385,1,05,4.6,0.16253,158
1089477,41.4905974,-91.7033631,211.9192,1,05,4.6,0.16253,158
1089629,41.4905974,-91.7033631,211.9192,1,05,4.6,0.16253,158
1089703,41.4905974,-91.7033631,211.9231,1,06,1.7,0.16253,158
1089790,41.4905975,-91.7033631,211.9485,1,06,1.7,0.16253,158
1089928,41.4905975,-91.7033631,211.9489,1,06,1.7,0.1845446,158
1090003,41.4905975,-91.7033631,211.9489,1,06,1.7,0.26947,158
1090191,41.4905975,-91.7033631,211.9526,1,06,1.7,0.26947,158
1090465,41.4905975,-91.7033631,211.9526,1,06,1.7,0.26947,158
1090594,41.4905975,-91.7033631,211.9526,1,06,1.7,0.26947,158
1090756,41.4905957,-91.7033632,212.0614,1,07,1.6,0.39941,158
1090858,41.4905957,-91.7033632,212.0614,1,07,1.6,0.39941,158
1090998,41.4905958,-91.7033631,212.0011,1,07,1.6,0.32592,158
1091114,41.4905958,-91.7033631,212.0011,1,07,1.6,0.32592,158
1091372,41.4905921,-91.7033629,212.3264,1,07,1.6,0.32592,158
1091454,41.4905921,-91.7033629,212.3264,1,07,1.6,0.32592,158
1091635,41.4905921,-91.7033629,212.3003,1,07,1.6,0.60808,158
1091785,41.4905921,-91.7033629,212.3003,1,07,1.6,0.60808,158
1091916,41.4905922,-91.7033628,212.2930,1,07,1.6,0.53951,158
1092116,41.4905921,-91.7033629,212.3007,1,07,1.6,0.47637,158
1092274,41.4905921,-91.7033629,212.3007,1,07,1.6,0.47637,158
1092506,41.4905888,-91.7033632,212.658$GNR,1,06,1.7,0.47637,158
1092663,41.4905886,-91.7033632,212.6355,1,06,1.7,0.47637,158
1092832,41.4905886,-91.7033632,212.6355,1,06,1.7,0.47637,158
1093329,41.4905868,-91.7033639,212.8981,1,08,1.6,34,158
1093468,41.4905868,-91.7033639,212.8981,1,08,1.6,34,158
1093794,41.4905867,-91.7033638,212.9092,1,08,1.6,0.14816,158
1093939,41.4905867,-91.7033638,212.9092,1,08,1.6,0.14816,158
1094104,41.4905861,-91.7033641,212.9264,1,08,1.6,0.02966,158
1094197,41.4905862,-91.7033641,212.9258,1,08,1.6,0.14223,158
1094345,41.4905862,-91.7033641,212.9258,1,08,1.6,0.14223,158
1094601,41.4905862,-91.7033641,212.9372,1,08,1.6,0.08693,158
1094754,41.4905862,-91.7033641,212.9372,1,08,1.6,0.08693,158
1095010,41.4905861,-91.7033641,212.9307,1,08,1.6,0.21453,158
1095168,41.4905861,-91.7033641,212.9307,1,08,1.6,0.21453,158
1095404,41.4905869,-91.7033643,212.7574,1,08,1.6,0.20072,158
1095563,41.4905869,-91.7033643,212.7574,1,08,1.6,0.20072,158
1095711,41.4905870,-91.7033643,212.7694,1,08,1.6,0.28113,158
1095807,41.4905870,-91.7033643,212.7799,1,07,1.6,0.28941,158
1095971,41.4905870,-91.7033643,212.7799,1,07,1.6,0.28941,158
1096329,41.4905891,-91.7033643,212.4852,1,07,1.6,0.47903,158
1096476,41.4905891,-91.7033643,212.4852,1,07,1.6,0.47903,158
1096696,41.4905890,-91.7033642,212.4904,1,07,1.6,0.51962,158
1096797,41.4905890,-91.7033643,212.4889,1,07,1.6,0.53053,158
1096948,41.4905890,-91.7033643,212.4889,1,07,1.6,0.53053,158
1097092,41.4905921,-91.7033639,212.1949,1,08,1.6,0.50882,158
1097199,41.4905921,-91.7033639,212.2043,1,08,1.6,0.57066,158
1097350,41.4905921,-91.7033639,212.2043,1,08,1.6,0.57066,158
1097602,41.4905922,-91.7033639,212.1862,1,08,1.6,0.55333,158
1097739,41.4905922,-91.7033639,212.1862,1,08,1.6,0.55333,158
1097898,41.4905921,-91.7033639,212.1905,1,08,1.6,0.59727,158
1098009,41.4905920,-91.7033638,212.2075,1,08,1.6,0.59118,158
1098149,41.4905920,-91.7033638,212.2075,1,08,1.6,0.59118,158
1098404,41.4905936,-91.7033634,211.7800,1,08,1.6,0.59308,158
1098544,41.4905936,-91.7033634,211.7800,1,08,1.6,0.59308,158
1098706,41.4905937,-91.7033634,211.7593,1,08,1.6,0.38827,158
1098924,41.4905937,-91.7033634,211.7578,1,08,1.6,0.34905,158
1099086,41.4905937,-91.7033634,211.7578,1,08,1.6,0.34905,158
1099191,41.4905927,-91.7033618,211.4390,1,08,1.6,0.33349,158
1099290,41.4905927,-91.7033618,211.4390,1,08,1.6,0.33349,158
1099443,41.4905927,-91.7033618,211.4390,1,08,1.6,0.35454,158
1099511,41.4905927,-91.7033618,211.4058,1,08,1.6,0.35454,158
1099599,41.4905925,-91.7033617,211.3993,1,08,1.6,0.32833,158
1099735,41.4905925,-91.7033617,211.3993,1,08,1.6,0.32833,158
1099902,41.4905926,-91.7033618,211.3987,1,08,1.6,0.26870,158
1100008,41.4905925,-91.7033618,211.3961,1,08,1.6,0.25011,158
1100122,41.4905925,-91.7033618,211.3961,1,08,1.6,0.25011,158
1100376,41.4905901,-91.7033610,211.1778,1,08,1.6,0.25011,158
1100450,41.4905901,-91.7033610,211.1778,1,08,1.6,0.25011,158
1100563,41.4905901,-91.7033609,211.1744,1,08,1.6,0.29415,158
1100702,41.4905902,-91.7033610,211.1978,1,08,1.6,0.06455,158
1100806,41.4905902,-91.7033611,211.2028,1,08,1.6,0.11114,158
1101069,41.4905902,-91.7033611,211.2028,1,08,1.6,0.11114,158
1101303,41.4905901,-91.7033610,211.1524,1,08,1.6,0.18433,158
1101352,41.4905902,-91.7033609,211.2006,1,08,1.6,0.18433,158
1101454,41.4905901,-91.7033610,211.1785,1,08,1.6,0.04469,158
1101517,41.4905901,-91.7033610,211.1785,1,08,1.6,0.04469,158
1101678,41.4905902,-91.7033609,211.1879,1,08,1.6,0.07820,158
1101827,41.4905902,-91.7033609,211.1879,1,08,1.6,0.07820,158
1101992,41.4905902,-91.7033609,211.1342,1,08,1.6,0.07820,158
1102157,41.4905901,-91.7033610,211.1933,1,08,1.6,0.21345,158
1102298,41.4905901,-91.7033610,211.1933,1,08,1.6,0.21345,158
1102542,41.4905865,-91.7033609,211.3477,1,08,1.6,0.21345,158
1102802,41.4905864,-91.7033609,211.3443,1,08,1.6,0.25903,158
1102950,41.4905864,-91.7033609,211.3443,1,08,1.6,0.25903,158
1103207,41.4905827,-91.7033623,211.5501,1,08,1.6,0.30951,158
1103359,41.4905827,-91.7033623,211.5501,1,08,1.6,0.30951,158
1103705,41.4905826,-91.7033623,211.5328,1,08,1.6,0.28112,158
1104014,41.4905826,-91.7033623,211.5174,1,08,1.6,0.39812,158
1104198,41.4905826,-91.7033623,211.5174,1,08,1.6,0.39812,158
1104389,41.4905826,-91.7033623,211.5397,1,08,1.6,0.39812,159
1104586,41.4905810,-91.7033628,211.7051,1,08,1.6,0.313699,159
1104809,41.4905810,-91.7033628,211.7051,1,08,1.6,0.17996,159
1105030,41.4905810,-91.7033628,211.7051,1,08,1.6,0.19485,158
1105275,41.4905811,-91.7033627,211.7050,1,08,1.6,0.24414,158
1105504,41.4905785,-91.7033624,211.9921,1,08,1.6,0.21304,158
1105590,41.4905785,-91.7033624,211.9921,1,08,1.6,0.21304,158
1105970,41.4905786,-91.7033625,212.0014,1,08,1.6,0.21304,158
1106160,41.4905787,-91.7033624,211.9957,1,08,1.6,0.15838,158
1106403,41.4905762,-91.7033627,212.1256,1,08,1.6,0.11159,158
1106556,41.4905762,-91.7033627,212.1256,1,08,1.6,0.11159,158
1106709,41.4905762,-91.7033627,212.1064,1,08,1.6,0.08693,158
1106898,41.4905762,-91.7033627,212.1200,1,08,1.6,0.03438,158
1107069,41.4905762,-91.7033627,212.1200,1,08,1.6,0.03438,158
1107296,41.4905762,-91.7033627,212.1120,1,08,1.6,0.03438,158
1107461,41.4905751,-91.7033627,212.1663,1,08,1.6,0.02974,158
1107561,41.4905751,-91.7033627,212.1663,1,08,1.6,0.02974,158
1107926,41.4905750,-91.7033626,212.1434,1,08,1.6,01.6,158
1108001,41.4905750,-91.7033626,212.1434,1,08,1.6,01.6,158
1108120,41.4905750,-91.7033626,212.1434,1,08,1.6,01.6,158
1108206,41.4905742,-91.7033622,212.1891,1,08,1.6,01.6,158
1108356,41.4905742,-91.7033622,212.1891,1,08,1.6,01.6,158
1108500,41.4905741,-91.7033621,212.1848,1,08,1.6,0.24761,158
1108603,41.4905741,-91.7033622,212.1811,1,08,1.6,0.25203,158
1108758,41.4905741,-91.7033622,212.1811,1,08,1.6,0.25203,158
1109405,41.4905746,-91.7033597,212.0103,1,08,1.6,0.15605,158
1109545,41.4905746,-91.7033597,212.0103,1,08,1.6,0.15605,158
1109706,41.4905746,-91.7033597,211.9910,1,08,1.6,0.17205,158
1109808,41.4905747,-91.7033598,212.0134,1,08,1.6,0.19910,158
1109951,41.4905747,-91.7033598,212.0134,1,08,1.6,0.19910,158
1110416,41.4905755,-91.7033580,211.7288,1,09,1.5,0.22764,158
1110584,41.4905755,-91.7033580,211.7288,1,09,1.5,0.22764,158
1110669,41.4905754,-91.7033578,211.7410,1,09,1.5,0.22764,158
1110799,41.4905754,-91.7033579,211.7493,1,09,1.5,0.23769,158
1110930,41.4905754,-91.7033579,211.7493,1,09,1.5,0.23769,158
1111301,41.4905763,-91.7033566,211.3957,1,08,1.6,0.27447,158
1111399,41.4905764,-91.7033567,211.4077,1,08,1.6,0.26098,158
1111537,41.4905764,-91.7033567,211.4077,1,08,1.6,0.26098,158
1111705,41.4905763,-91.7033567,211.4239,1,08,1.6,0.32396,158
1111803,41.4905763,-91.7033566,211.4032,1,08,1.6,0.22760,158
1111940,41.4905763,-91.7033566,211.4032,1,08,1.6,0.22760,158
1112235,41.4905764,-91.7033558,211.2096,1,08,1.6,0.07764,158
1112378,41.4905764,-91.7033558,211.2096,1,08,1.6,0.07764,158
1112513,41.4905762,-91.7033558,211.2377,1,08,1.6,0.10861,158
1112607,41.4905762,-91.7033557,211.2166,1,08,1.6,0.04594,158
1112754,41.4905762,-91.7033557,211.2166,1,08,1.6,0.04594,158
1113031,41.4905763,-91.7033557,211.2308,1,08,1.6,0.02959,158
1113146,41.4905763,-91.7033558,211.2246,1,08,1.6,0.12558,158
1113365,41.4905763,-91.7033558,211.2246,1,08,1.6,0.12558,158
1113494,41.4905774,-91.7033562,211.0459,1,08,1.6,0.01122,158
1113595,41.4905773,-91.7033562,211.0446,1,08,1.6,0.16648,158
1113732,41.4905773,-91.7033562,211.0446,1,08,1.6,0.16648,158
1113897,41.4905773,-91.7033562,211.0582,1,08,1.6,0.13792,158
1114141,41.4905773,-91.7033563,211.0611,1,08,1.6,0.14715,158
1114284,41.4905773,-91.7033563,211.0611,1,08,1.6,0.14715,158
1114521,41.4905777,-91.7033585,210.8685,1,08,1.6,0.14715,158
1114605,41.4905778,-91.7033585,210.8754,1,08,1.6,0.0276ST,158
1114752,41.4905778,-91.7033585,210.8754,1,08,1.6,0.0276ST,158
1115009,41.4905779,-91.7033584,210.8542,1,08,1.6,0.05567,159
1115160,41.4905779,-91.7033584,210.8542,1,08,1.6,0.05567,159
1115407,41.4905774,-91.7033590,210.8356,1,08,1.6,0.10782,158
1115558,41.4905774,-91.7033590,210.8356,1,08,1.6,0.10782,158
1115826,41.4905774,-91.7033590,210.8459,1,08,1.6,0.13557,158
1115950,41.4905774,-91.7033590,210.8390,1,08,1.6,0.05318,158
1116151,41.4905774,-91.7033590,210.8390,1,08,1.6,0.05318,158
1116358,41.4905774,-91.7033591,210.8426,1,08,1.6,0.05318,158
1116538,41.4905758,-91.7033585,211.0034,1,08,1.6,0.05318,158
1116735,41.4905757,-91.7033586,210.9813,1,08,1.6,0.05318,158
1116860,41.4905757,-91.7033586,210.9813,1,08,1.6,0.05318,158
1117198,41.4905741,-91.7033591,211.2906,1,08,1.6,0.09735,158
1117349,41.4905741,-91.7033591,211.2906,1,08,1.6,0.09735,158
1117785,41.4905741,-91.7033591,211.2783,1,08,1.6,0.23437,158
1117877,41.4905741,-91.7033591,211.2783,1,08,1.6,0.23437,158
1118038,41.4905741,-91.7033590,211.2843,1,08,1.6,0.13353,158
1118290,41.4905740,-91.7033590,211.3021,1,08,1.6,0.11457,158
1118544,41.4905733,-91.7033603,211.5052,1,08,1.6,0.12149,158
1118740,41.4905733,-91.7033603,211.5052,1,08,1.6,0.15637T,158
1118901,41.4905731,-91.7033602,211.5240,1,08,1.6,0.15637T,158
1119263,41.4905732,-91.7033603,211.5345,1,08,1.6,0.15637T,158
1119438,41.4905732,-91.7033603,211.5345,1,08,1.6,0.15637T,158
1119592,41.4905725,-91.7033610,211.8436,1,08,1.6,0.27197,158
1119743,41.4905725,-91.7033610,211.8436,1,08,1.6,0.27197,158
1119898,41.4905724,-91.7033610,211.8801,1,08,1.6,0.07400,158
1120003,41.4905723,-91.7033611,211.9040,1,08,1.6,0.13324,158
1120137,41.4905723,-91.7033611,211.9040,1,08,1.6,0.13324,158
1120335,41.4905723,-91.7033611,211.9040,1,08,1.6,0.13324,158
1120537,41.4905723,-91.7033611,211.9040,1,08,1.6,0.13324,158
1120665,41.4905716,-91.7033612,212.4818,1,08,1.6,0.13324,158
1120985,41.4905717,-91.7033612,212.4777,1,08,1.6,0.13449,158
1121083,41.4905717,-91.7033612,212.4777,1,08,1.6,0.13449,158
1121366,41.4905711,-91.7033617,212.8441,1,08,1.6,0.07305,158
1121572,41.4905711,-91.7033617,212.8441,1,08,1.6,0.08848,158
1121808,41.4905708,-91.7033615,212.8994,1,08,1.6,0.10616,158
1121954,41.4905708,-91.7033615,212.8994,1,08,1.6,0.10616,158
1122231,41.4905702,-91.7033601,213.0998,1,08,1.6,0.00841,158
1122352,41.4905702,-91.7033601,213.0998,1,08,1.6,0.10540,158
1122500,41.4905703,-91.7033601,213.0655,1,08,1.6,0.10540,158
1122663,41.4905702,-91.7033601,213.1042123,1,08,1.6,0.10540,158
1123003,41.4905702,-91.7033601,213.1046,1,08,1.6,0.08056,158
1123114,41.4905702,-91.7033601,213.1046,1,08,1.6,0.08056,158
1123200,41.4905700,-91.7033598,213.0914,1,08,1.6,0.08056,158
1123343,41.4905700,-91.7033598,213.0914,1,08,1.6,0.08056,158
1123502,41.4905699,-91.7033597,213.1133,1,08,1.6,0.16106,158
1123602,41.4905700,-91.7033597,213.0944,1,08,1.6,0.18904,158
1123745,41.4905700,-91.7033597,213.0944,1,08,1.6,0.18904,158
1123916,41.4905700,-91.7033596,213.1089,1,08,1.6,0.15055,158
1124007,41.4905699,-91.7033597,213.0808,1,08,1.6,0.14815,158
1124134,41.4905699,-91.7033597,213.0808,1,08,1.6,0.14815,158
1124391,41.4905689,-91.7033590,213.0025,1,08,1.6,0.14815,158
1124514,41.4905689,-91.7033590,213.0025,1,08,1.6,0.14815,158
1124980,41.4905688,-91.7033590,212.9964,1,08,1.6,0.20627,158
1125086,41.4905689,-91.7033590,213.0036,1,08,1.6,0.19290,158
1125143,41.4905694,-91.7033590,212.6063,1,08,1.6,0.21967,158
1125290,41.4905693,-91.7033589,212.5971,1,08,1.6,0.25986,158
1125360,41.4905693,-91.7033589,212.5971,1,08,1.6,0.25986,158
1125432,41.4905693,-91.7033589,212.6219,1,08,1.6,0.25986,158
1125717,41.4905693,-91.7033589,212.5864,1,08,1.6,0.14039,158
1125798,41.4905693,-91.7033589,212.5864,1,08,1.6,0.14039,158
1126240,41.4905694,-91.7033589,212.6245,1,08,1.6,0.14039,158
1126535,41.4905682,-91.7033591,212.1973,1,08,1.6,0.06182,158
1126618,41.4905682,-91.7033591,212.1973,1,08,1.6,0.06182,158
1126775,41.4905681,-91.7033590,212.1974,1,08,1.6,0.06182,158
1127008,41.4905682,-91.7033590,212.1915,1,08,1.6,0.15013,158
1127137,41.4905682,-91.7033590,212.1915,1,08,1.6,0.15013,158
1127305,41.4905679,-91.7033580,211.8023,1,08,1.6,0.15013,158
1127518,41.4905679,-91.7033580,211.8059,1,08,1.6,0.15960,158
1127719,41.4905679,-91.7033580,211.8059,1,08,1.6,0.15960,158
1127996,41.4905679,-91.7033580,211.8255,1,08,1.6,0.15960,158
1128108,41.4905679,-91.7033580,211.8255,1,08,1.6,0.15960,158
1128197,41.4905678,-91.7033571,211.4248,1,08,1.6,0.15960,158
1128339,41.4905678,-91.7033571,211.4248,1,08,1.6,0.15960,158
1128512,41.4905678,-91.7033571,211.4313,1,08,1.6,0.09637,158
1128600,41.4905678,-91.7033572,211.4451,1,08,1.6,0.08349,158
1128749,41.4905678,-91.7033572,211.4451,1,08,1.6,0.08349,158
1129181,41.4905678,-91.7033571,211.4299,1,08,1.6,0.14528,158
1129298,41.4905678,-91.7033571,211.4299,1,08,1.6,0.14528,158
1129495,41.4905678,-91.7033571,211.4108,1,08,1.6,0.09244,158
1129585,41.4905677,-91.7033571,211.4477,1,08,1.6,0.0704ST,159
1129696,41.4905678,-91.7033571,211.4338,1,08,1.6,0.07345,159
1129785,41.4905678,-91.7033571,211.4338,1,08,1.6,0.07345,158
1129901,41.4905678,-91.7033572,211.4406,1,08,1.6,0.05322,158
1129994,41.4905678,-91.7033572,211.4406,1,08,1.6,0.05322,158
1130239,41.4905677,-91.7033570,211.4145,1,08,1.6,0.08976,158
1130412,41.4905677,-91.7033570,211.4145,1,08,1.6,0.08976,158
1130796,41.4905662,-91.7033570,211.0688,1,08,1.6,0.09342,158
1130943,41.4905662,-91.7033570,211.0688,1,08,1.6,0.09342,158
1131101,41.4905647,-91.7033569,210.9855,1,08,1.6,0.03808,158
1131199,41.4905646,-91.7033569,210.9768,1,08,1.6,0.07309,158
1131352,41.4905646,-91.7033569,210.9768,1,08,1.6,0.07309,158
1131501,41.4905648,-91.7033568,210.9605,1,08,1.6,0.09532,158
1131603,41.4905647,-91.7033569,210.9673,1,08,1.6,0.03158,158
1131759,41.4905647,-91.7033569,210.9673,1,08,1.6,0.03158,158
1132118,41.4905647,-91.7033569,210.9732,1,08,1.6,0.03216,158
1132278,41.4905647,-91.7033569,210.9732,1,08,1.6,0.03216,158
1132534,41.4905633,-91.7033574,211.2466,1,08,1.6,0.03216,158
1132773,41.4905632,-91.7033573,211.2457,1,08,1.6,0.1911ST,158
1132858,41.4905632,-91.7033573,211.2457,1,08,1.6,0.1911ST,158
1133013,41.4905632,-91.7033574,211.2271,1,08,1.6,0.23555,158
1133295,41.4905632,-91.7033574,211.2271,1,08,1.6,0.23555,158
1133596,41.4905612,-91.7033570,211.5702,1,08,1.6,0.18294,158
1133729,41.4905612,-91.7033570,211.5702,1,08,1.6,0.18294,158
1133898,41.4905613,-91.7033570,211.5372,1,08,1.6,0.01591,158
1134118,41.4905613,-91.7033569,211.5227,1,08,1.6,0.13113,158
1134207,41.4905613,-91.7033569,211.5227,1,08,1.6,0.13113,158
1134390,41.4905613,-91.7033569,211.5227,1,08,1.6,0.13113,159
1134561,41.4905597,-91.7033561,211.8340,1,08,1.6,0.06537,159
1134629,41.4905597,-91.7033561,211.8340,1,08,1.6,0.06537,159
1134803,41.4905596,-91.7033560,211.8164,1,08,1.6,0.12956,159
1134946,41.4905596,-91.7033560,211.8164,1,08,1.6,0.12956,159
1135206,41.4905597,-91.7033558,211.9904,1,08,1.6,0.04075,159
1135353,41.4905597,-91.7033558,211.9904,1,08,1.6,0.04075,159
1135608,41.4905597,-91.7033559,211.9832,1,08,1.6,0.07189,159
1135756,41.4905597,-91.7033559,211.9832,1,08,1.6,0.07189,158
1135904,41.4905598,-91.7033559,211.9812,1,08,1.6,0.06732,158
1136133,41.4905597,-91.7033558,211.9895,1,08,1.6,0.18105,158
1136267,41.4905597,-91.7033558,211.9895,1,08,1.6,0.18105,158
1136491,41.4905596,-91.7033558,212.0238,1,08,1.6,0.06982,158
1136594,41.4905596,-91.7033558,211.9868,1,08,1.6,0.10895,158
1136731,41.4905596,-91.7033558,211.9868,1,08,1.6,0.10895,158
1136896,41.4905597,-91.7033557,212.0122,1,08,1.6,0.13054,158
1137005,41.4905597,-91.7033557,211.9936,1,08,1.6,0.14468,158
1137120,41.4905597,-91.7033557,211.9936,1,08,1.6,0.14468,158
1137376,41.4905576,-91.7033551,211.8901,1,08,1.6,0.14468,158
1137453,41.4905576,-91.7033551,211.8901,1,08,1.6,0.14468,158
1137600,41.4905577,-91.7033550,211.8823,1,08,1.6,0.15937,158
1137746,41.4905577,-91.7033550,211.8823,1,08,1.6,0.15937,158
1138012,41.4905577,-91.7033550,211.8858,1,08,1.6,0.21517,158
1138137,41.4905577,-91.7033550,211.8858,1,08,1.6,0.21517,158
1138225,41.4905578,-91.7033543,211.6182,1,08,1.6,0.21517,158
1138378,41.4905578,-91.7033543,211.6182,1,08,1.6,0.21517,158
1138635,41.4905578,-91.7033543,211.6137,1,08,1.6,0.19420,158
1139025,41.4905578,-91.7033543,211.6266,1,08,1.6,0.19920,158
1139144,41.4905578,-91.7033543,211.6266,1,08,1.6,0.19920,158
1139420,41.4905578,-91.7033543,211.4352,1,08,1.6,0.19920,158
1139498,41.4905579,-91.7033545,211.3847,1,08,1.6,0.18994,158
1139596,41.4905580,-91.7033545,211.3779,1,08,1.6,0.11860,158
1139742,41.4905580,-91.7033545,211.3779,1,08,1.6,0.11860,158
1139896,41.4905579,-91.7033545,211.3720,1,08,1.6,0.16926,158
1140030,41.4905579,-91.7033544,211.3779,1,08,1.6,0.08870,158
1140156,41.4905579,-91.7033544,211.3779,1,08,1.6,0.08870,158
1140601,41.4905583,-91.7033549,211.2660,1,08,1.6,0.15851,158
1140757,41.4905583,-91.7033549,211.2660,1,08,1.6,0.15851,158
1140904,41.4905583,-91.7033548,211.2433,1,08,1.6,0.07983,158
1141048,41.4905582,-91.7033548,211.2466,1,08,1.6,0.08614,158
1141184,41.4905582,-91.7033548,211.2466,1,08,1.6,0.08614,159
1141380,41.4905582,-91.7033548,211.2466,1,08,1.6,0.08614,158
1141691,41.4905592,-91.7033551,211.1912,1,08,1.6,0.08614,158
1141915,41.4905592,-91.7033551,211.1912,1,08,1.6,0.08614,158
1142108,41.4905602,-91.7033557,211.1242,1,08,1.5,31,158
1142195,41.4905602,-91.7033558,211.1206,1,08,1.5,0.10103,158
1142342,41.4905602,-91.7033558,211.1206,1,08,1.5,0.10103,158
1142513,41.4905601,-91.7033558,211.1270,1,08,1.5,0.01991,158
1142600,41.4905602,-91.7033557,211.1219,1,08,1.5,0.03327,158
1142753,41.4905602,-91.7033557,211.1219,1,08,1.5,0.03327,158
1143117,41.4905602,-91.7033558,211.1105,1,08,1.5,0.07038,158
1143204,41.4905602,-91.7033558,211.1105,1,08,1.5,0.07038,158
1143473,41.4905611,-91.7033563,211.1349,1,08,1.5,0.07038,158
1143610,41.4905611,-91.7033563,211.1349,1,08,1.5,0.07038,158
1143870,41.4905611,-91.7033563,211.1349,1,08,1.5,0.06337,158
1144014,41.4905611,-91.7033563,211.0954,1,08,1.5,0.14065,158
1144158,41.4905611,-91.7033563,211.0954,1,08,1.5,0.14065,158
1144499,41.4905602,-91.7033563,211.4554,1,08,1.5,0.18494,158
1144791,41.4905602,-91.7033563,211.4554,1,08,1.5,0.18494,158
1145146,41.4905602,-91.7033563,211.4592,1,08,1.5,0.18494,158
1145309,41.4905599,-91.7033565,211.8941,1,09,1.4,0.25366,158
1145570,41.4905598,-91.7033564,211.8817,1,09,1.4,0.21331,158
1145703,41.4905598,-91.7033564,211.8817,1,09,1.4,0.21331,158
1145950,41.4905599,-91.7033565,211.8756,1,09,1.4,0.27667,158
1146179,41.4905598,-91.7033565,A,1,09,1.,0.2474358,158
1146314,41.4905590,-91.7033569,212.5048,1,09,1.4,0.29240,158
1146402,41.4905590,-91.7033568,212.5525,1,09,1.4,0.35551,158
1146544,41.4905590,-91.7033568,212.5525,1,09,1.4,0.35551,158
1146717,41.4905590,-91.7033568,212.5300,1,08,1.5,0.38535,158
1146826,41.4905589,-91.7033568,212.5159,1,08,1.5,0.32626,158
1146970,41.4905589,-91.7033568,212.5159,1,08,1.5,0.32626,158
1147389,41.4905582,-91.7033569,213.1217,1,08,1.5,0.39843,158
1147515,41.4905582,-91.7033569,213.1217,1,08,1.5,0.39843,158
1147727,41.4905580,-91.7033570,213.1346,1,08,1.5,0.32122,158
1148100,41.4905581,-91.7033569,213.1034,1,08,1.5,0.3191ST,158
1148278,41.4905581,-91.7033569,213.1034,1,08,1.5,0.3191ST,158
1148512,41.4905571,-91.7033571,213.4592,1,08,1.5,0.19736,158
1148598,41.4905571,-91.7033571,213.4913,1,08,1.5,0.23421,158
1148738,41.4905571,-91.7033571,213.4913,1,08,1.5,0.23421,158
1148908,41.4905571,-91.7033571,213.4962,1,08,1.5,0.22834,158
1149002,41.4905571,-91.7033571,213.4919,1,08,1.5,0.20135,158
1149119,41.4905571,-91.7033571,213.4919,1,08,1.5,0.20135,158
1149206,41.4905571,-91.7033570,213.5102,1,08,1.5,0.20135,158
1149355,41.4905571,-91.7033570,213.5102,1,08,1.5,0.20135,158
1149519,41.4905571,-91.7033571,213.4757,1,08,1.5,0.11566,158
1149606,41.4905571,-91.7033571,213.4769,1,08,1.5,0.04725,158
1149756,41.4905571,-91.7033571,213.4769,1,08,1.5,0.04725,158
1150136,41.4905570,-91.7033570,213.4740,1,08,1.5,0.06083,158
1150219,41.4905570,-91.7033570,213.4740,1,08,1.5,0.06083,158
1150479,41.4905571,-91.7033571,213.4833,1,08,1.5,0.06083,158
1150725,41.4905571,-91.7033571,213.4833,1,08,1.5,0.06083,158
1150938,41.4905571,-91.7033570,213.4812,1,08,1.5,0.07533,158
1151122,41.4905572,-91.7033570,213.4649,1,08,1.5,0.09221,158
1151191,41.4905572,-91.7033570,213.4649,1,08,1.5,0.09221,158
1151427,41.4905570,-91.7033570,213.4943,1,08,1.5,0.09221,158
1151548,41.4905570,-91.7033570,213.4943,1,08,1.5,0.09221,158
1151801,41.4905570,-91.7033571,213.4963,1,08,1.5,0.15374,158
1151943,41.4905570,-91.7033571,213.4963,1,08,1.5,0.15374,158
1152204,41.4905566,-91.7033568,213.0514,1,08,1.5,0.14672,158
1152348,41.4905566,-91.7033568,213.0514,1,08,1.5,0.14672,158
1152605,41.4905566,-91.7033568,213.0434,1,08,1.5,0.22346,158
1152753,41.4905566,-91.7033568,213.0434,1,08,1.5,0.22346,158
1152902,41.4905565,-91.7033568,213.0592,1,08,1.5,0.20599,158
1153022,41.4905565,-91.7033568,213.0531,1,08,1.5,0.19729,158
1153150,41.4905565,-91.7033568,213.0531,1,08,1.5,0.19729,158
1153350,41.4905565,-91.7033568,213.0531,1,08,1.5,0.19729,158
1153665,41.4905565,-91.7033568,213.0531,1,08,1.5,0.19729,158
1153851,41.4905566,-91.7033568,213.0484,1,08,1.5,0.19729,158
1154000,41.4905565,-91.7033569,213.0360,1,08,1.5,0.19729,158
1154114,41.4905565,-91.7033569,213.0360,1,08,1.5,0.19729,158
1154371,41.4905566,-91.7033568,213.0406,1,08,1.5,0.19729,158
1154450,41.4905566,-91.7033568,213.0406,1,08,1.5,0.19729,158
1154567,41.4905567,-91.7033568,213.0487,1,08,1.5,0.35440,158
1154799,41.4905565,-91.7033568,213.0528,1,08,1.5,0.33204,158
1154948,41.4905565,-91.7033568,213.0528,1,08,1.5,0.33204,158
1155205,41.4905567,-91.7033568,213.0221,1,08,1.5,0.32670,158
1155359,41.4905567,-91.7033568,213.0221,1,08,1.5,0.32670,158
1155511,41.4905566,-91.7033568,213.0226,1,08,1.5,0.30652,158
1155610,41.4905565,-91.7033568,213.0324,1,08,1.5,0.32207,158
1155767,41.4905565,-91.7033568,213.0324,1,08,1.5,0.32207,158
1155916,41.4905566,-91.7033568,213.0315,1,08,1.5,0.24110,158
1156016,41.4905566,-91.7033567,213.0313,1,08,1.5,0.34626,158
1156276,41.4905566,-91.7033567,213.0313,1,08,1.5,0.34626,158
1156710,41.4905566,-91.7033566,213.0334,1,07,2.2,0.34626,158
1156788,41.4905566,-91.7033566,213.0334,1,07,2.2,0.34626,158
1157027,41.4905566,-91.7033567,213.0651,1,07,2.2,0.34626,158
1157188,41.4905566,-91.7033567,213.0651,1,07,2.2,0.34626,158
1157398,41.4905566,-91.7033568,212.9656,1,07,2.2,0.04190,158
1157549,41.4905566,-91.7033568,212.9656,1,07,2.2,0.04190,158
1157947,41.4905565,-91.7033566,213.0042,1,07,2.2,0.04518,158
1158018,41.4905565,-91.7033566,213.0042,1,07,2.2,0.04518,159
1158335,41.4905566,-0.1533566,213.0186,1,07,2.2,0.04518,159
1158583,41.4905567,-91.7033567,212.9314,1,07,2.2,0.06138,158
1158659,41.4905567,-91.7033567,212.9314,1,07,2.2,0.06138,158
1158806,41.4905568,-91.7033566,212.9780,1,07,2.2,0.08005,158
1158947,41.4905568,-91.7033566,212.9780,1,07,2.2,0.08005,158
1159207,41.4905567,-91.7033567,212.9917,1,07,2.2,0.07595,158
1159350,41.4905567,-91.7033567,212.9917,1,07,2.2,0.07595,158
1159626,41.4905567,-91.7033564,213.1308,1,07,2.2,0.13747,158
1159746,41.4905566,-91.7033564,213.0856,1,07,2.2,0.12448,158
1159811,41.4905566,-91.7033564,213.0856,1,07,2.2,0.12448,158
1159944,41.4905567,-91.7033564,213.0789,1,07,2.2,0.12448,158
1160094,41.4905567,-91.7033564,213.0789,1,07,2.2,0.12448,158
1160333,41.4905566,-91.7033558,213.0924,1,07,2.2,0.12448,158
1160579,41.4905568,-91.7033564,213.0667,1,07,2.2,0.15958,158
1160653,41.4905568,-91.7033564,213.0667,1,07,2.2,0.15958,158
1160766,41.4905567,-91.7033564,213.0719,1,07,2.2,0.11951,158
1161008,41.4905566,-91.7033564,213.0997,1,07,2.2,0.11097,158
1161124,41.4905566,-91.7033564,213.0997,1,07,2.2,0.11097,158
1161210,41.4905566,-91.7033564,213.0665,1,07,2.2,0.11097,158
1161353,41.4905566,-91.7033564,213.0665,1,07,2.2,0.11097,158
1161520,41.4905567,-91.7033563,213.0674,1,07,2.2,0.06793,158
1161733,41.4905567,-91.7033565,213.0178,1,07,2.2,0.04100,158
1161816,41.4905567,-91.7033565,213.0178,1,07,2.2,0.04100,158
1162090,41.4905567,-91.7033565,213.0178,1,07,2.2,0.04100,158
1162341,41.4905567,-91.7033564,213.0340,1,07,2.2,0.06628,158
1162391,41.4905567,-91.7033564,213.0340,1,07,2.2,0.06628,158
1162643,41.4905572,-91.7033519,213.8765,1,06,2.3,0.05041,158
1162705,41.4905572,-91.7033519,213.8765,1,06,2.3,0.05041,158
1162766,41.4905572,-91.7033520,213.8200,1,06,2.3,0.15979,158
1163005,41.4905572,-91.7033517,213.9363,1,07,2.2,0.14852,158
1163120,41.4905572,-91.7033517,213.9363,1,07,2.2,0.14852,158
1163206,41.4905598,-91.7033518,213.5275,1,07,2.2,0.14852,158
1163349,41.4905598,-91.7033518,213.5275,1,07,2.2,0.14852,158
1163503,41.4905597,-91.7033518,213.5484,1,07,2.2,0.14722,158
1163606,41.4905597,-91.7033518,213.5405,1,07,2.2,0.12227,158
1163754,41.4905597,-91.7033518,213.5405,1,07,2.2,0.12227,158
1163906,41.4905598,-91.7033518,213.5387,1,07,2.2,0.15417,158
1164010,41.4905597,-91.7033519,213.4663,1,07,2.2,0.15988,158
1164138,41.4905597,-91.7033519,213.4663,1,07,2.2,0.15988,158
1164681,41.4905609,-91.7033510,213.3840,1,07,1.9,0.15988,158
1164860,41.4905609,-91.7033510,213.3840,1,07,1.9,0.15988,158
1165319,41.4905632,-91.7033515,212.9999,1,06,2.3,0.18137,158
1165392,41.4905632,-91.7033515,212.9999,1,06,2.3,0.18137,158
1165599,41.4905632,-91.7033515,212.9879,1,06,2.3,0.18137,158
1165745,41.4905632,-91.7033515,212.9879,1,06,2.3,0.18137,158
1166182,41.4905631,-91.7033514,213.0161,1,06,2.3,0.19886,158
1166311,41.4905631,-91.7033514,213.0161,1,06,2.3,0.19886,158
1166527,41.4905634,-91.7033517,212.6926,1,08,1.5,0.09849,158
1166788,41.4905635,-91.7033517,212.7072,1,08,1.5,0.06014,158
1166932,41.4905635,-91.7033517,212.7072,1,08,1.5,0.06014,158
1167024,41.4905635,-91.7033518,212.6838,1,09,1.4,0.03462,158
1167180,41.4905635,-91.7033518,212.6838,1,09,1.4,0.03462,158
1167409,41.4905629,-91.7033501,212.5127,1,07,2.2,0.05836,158
1167564,41.4905629,-91.7033501,212.5127,1,07,2.2,0.05836,158
1167713,41.4905630,-91.7033503,212.4613,1,07,2.2,0.09538,158
1167928,41.4905630,-91.7033503,212.4699,1,07,2.2,0.03167,158
1168101,41.4905630,-91.7033503,212.4699,1,07,2.2,0.03167,158
1168396,41.4905630,-91.7033503,212.4724,1,06,2.3,0.09364,158
1168542,41.4905630,-91.7033503,212.4724,1,06,2.3,0.09364,158
1168692,41.4905631,-91.7033501,212.5107,1,06,2.3,0.08349,158
1168800,41.4905631,-91.7033504,212.4686,1,06,2.3,0.08218,158
1168949,41.4905631,-91.7033504,212.4686,1,06,2.3,0.08218,158
1169102,41.4905641,-91.7033484,212.2176,1,07,1.9,0.14365,158
1169255,41.4905640,-91.7033483,212.2208,1,07,1.9,0.11189,158
1169379,41.4905640,-91.7033483,212.2208,1,07,1.9,0.11189,158
1169590,41.4905640,-91.7033483,212.2208,1,07,1.9,0.13187,158
1169817,41.4905639,-91.7033482,212.2746,1,07,1.9,0.13187,158
1169941,41.4905639,-91.7033482,212.2746,1,07,1.9,0.13187,158
1170023,41.4905642,-91.7033483,212.2555,1,06,2.3,0.18590,158
1170165,41.4905642,-91.7033483,212.2555,1,06,2.3,0.18590,158
1170410,41.4905636,-91.7033477,212.2879,1,06,2.3,0.18132,158
1170671,41.4905636,-91.7033477,212.2879,1,06,2.3,0.18132,158
1170911,41.4905635,-91.7033476,212.3557,1,06,2.3,0.22192,158
1171140,41.4905635,-91.7033476,212.3206,1,06,2.3,0.39701,158
1171290,41.4905635,-91.7033476,212.3206,1,06,2.3,0.39701,158
1171398,41.4905636,-91.7033475,212.3631,1,06,3.2,0.39701,158
1171534,41.4905636,-91.7033475,212.3631,1,06,3.2,0.39701,158
1171710,41.4905636,-91.7033475,212.3494,1,06,3.2,0.34362,158
1171798,41.4905635,-91.7033476,212.3535,1,05,3.4,0.38065,158
1171939,41.4905635,-91.7033476,212.3535,1,05,3.4,0.38065,158
1172205,41.4905602,-91.7033480,212.4907,1,05,3.4,0.44913,158
1172346,41.4905602,-91.7033480,212.4907,1,05,3.4,0.44913,158
1172519,41.4905602,-91.7033481,212.4666,1,05,3.4,0.40623,158
1172606,41.4905601,-91.7033479,212.4722,1,05,3.4,0.39737,158
1172755,41.4905601,-91.7033479,212.4722,1,05,3.4,0.39737,158
1172903,41.4905602,-91.7033479,212.5192,1,06,3.2,0.48580,158
1173014,41.4905602,-91.7033481,212.4327,1,06,3.2,0.48897,158
1173266,41.4905602,-91.7033481,212.4327,1,06,3.2,0.48897,158
1173592,41.4905593,-91.7033478,212.7540,1,06,3.2,0.48897,158
1173730,41.4905593,-91.7033478,212.7540,1,06,3.2,0.48897,158
1173905,41.4905593,-91.7033480,212.6353,1,06,3.2,0.41736,158
1174002,41.4905594,-91.7033482,212.5502,1,06,3.2,0.36251,158
1174119,41.4905594,-91.7033482,212.5502,1,06,3.2,0.36251,158
1174205,41.4905592,-91.7033489,212.7527,1,06,3.2,0.36251,158
1174348,41.4905592,-91.7033489,212.7527,1,06,3.2,0.36251,158
1174509,41.4905592,-91.7033487,212.7959,1,05,3.4,0.27252,158
1174601,41.4905592,-91.7033488,212.7901,1,05,3.4,0.27444,158
1174751,41.4905592,-91.7033488,212.7901,1,05,3.4,0.27444,158
1174904,41.4905592,-91.7033490,212.7153,1,05,3.4,0.23166,158
1175011,41.4905592,-91.7033489,212.7250,1,05,3.4,0.21581,158
1175134,41.4905592,-91.7033489,212.7250,1,05,3.4,0.21581,158
1175222,41.4905592,-91.7033488,212.7836,1,06,3.1,0.21581,158
1175381,41.4905592,-91.7033488,212.7836,1,06,3.1,0.21581,158
1175818,41.4905592,-91.7033489,212.7764,1,06,3.1,0.17175,158
1176088,41.4905593,-91.7033488,212.7928,1,06,3.1,0.1146GST,158
1176328,41.4905593,-91.7033488,212.7928,1,06,3.1,0.12699,158
1176733,41.4905600,-91.7033494,212.6440,1,05,3.2,0.15354,158
1176805,41.4905600,-91.7033494,212.6440,1,05,3.2,0.15354,158
1177005,41.4905602,-91.7033495,212.6152,1,05,3.2,0.34488,158
1177129,41.4905602,-91.7033495,212.6152,1,05,3.2,0.34488,158
1177391,41.4905605,-91.7033500,212.6573,1,05,3.2,0.34488,158
1177529,41.4905605,-91.7033500,212.6573,1,05,3.2,0.34488,158
1177672,41.4905604,-91.7033498,212.7653,1,05,3.2,0.26253,158
1177797,41.4905604,-91.7033498,212.7653,1,05,3.2,0.26253,158
1178192,41.4905604,-91.7033498,212.6793,1,05,3.2,0.31477,158
1178359,41.4905604,-91.7033498,212.6793,1,05,3.2,0.31477,158
1178715,41.4905624,-91.7033495,212.6487,1,06,2.3,0.31411,158
1178810,41.4905624,-91.7033496,212.6430,1,06,2.3,0.36805,158
1178970,41.4905624,-91.7033496,212.6430,1,06,2.3,0.36805,158
1179494,41.4905639,-91.7033504,212.5809,1,07,2.1,0.37994,158
1179608,41.4905639,-91.7033504,212.5809,1,07,2.1,0.37994,158
1179837,41.4905639,-91.7033504,212.5809,1,07,2.1,0.23027,158
1180001,41.4905640,-91.7033504,212.6026,1,06,2.3,0.29382,158
1180124,41.4905640,-91.7033504,212.6026,1,06,2.3,0.29382,158
1180399,41.4905652,-91.7033517,212.4750,1,06,2.3,0.29382,158
1180553,41.4905652,-91.7033517,212.4750,1,06,2.3,0.29382,158
1180949,41.4905653,-91.7033515,212.5081,1,06,2.3,0.20189,158
1181121,41.4905653,-91.7033515,212.5081,1,06,2.3,0.20189,158
1181312,41.4905660,-91.7033518,212.5116,1,08,1.9,0.20189,158
1181406,41.4905661,-91.7033517,212.4933,1,08,1.9,0.10513,158
1181565,41.4905661,-91.7033517,212.4933,1,08,1.9,0.10513,158
1181714,41.4905660,-91.7033519,212.4621,1,07,2.0,0.10576,158
1182010,41.4905660,-91.7033519,212.4708,1,07,2.0,0.09340,158
1182153,41.4905660,-91.7033519,212.4708,1,07,2.0,0.09340,158
1182411,41.4905673,-91.7033516,212.5085,1,07,2.0,0.17498,158
1182675,41.4905673,-91.7033516,212.5085,1,07,2.0,0.17498,158
1182987,41.4905673,-91.7033517,212.4790,1,07,2.0,0.14079,158
1183159,41.4905673,-91.7033517,212.4746,1,07,2.0,0.14079,158
1183335,41.4905673,-91.7033517,212.4746,1,07,2.0,0.14079,158
1183598,41.4905680,-91.7033519,212.4758,1,07,2.0,4.9,158
1183734,41.4905680,-91.7033519,212.4758,1,07,2.0,4.9,158
1183899,41.4905679,-91.7033518,212.4528,1,07,2.0,0.14296,158
1184007,41.4905679,-91.7033519,212.4563,1,07,2.0,0.20976,158
1184123,41.4905679,-91.7033519,212.4563,1,07,2.0,0.20976,158
1184378,41.4905679,-91.7033507,212.4681,1,07,2.0,0.20976,158
1184460,41.4905679,-91.7033507,212.4681,1,07,2.0,0.20976,158
1184606,41.4905679,-91.7033506,212.5065,1,07,2.0,0.15240,158
1184751,41.4905679,-91.7033506,212.5065,1,07,2.0,0.15240,158
1185012,41.4905679,-91.7033507,212.4543,1,07,2.0,0.05479,158
1185161,41.4905679,-91.7033507,212.4543,1,07,2.0,0.05479,158
1185432,41.4905676,-91.7033497,212.4492,1,07,2.0,0.09084,158
1185701,41.4905676,-91.7033497,212.4492,1,07,2.0,0.09084,158
1185998,41.4905677,-91.7033496,212.4844,1,07,2.0,0.13941,158
1186110,41.4905677,-91.7033496,212.4844,1,07,2.0,0.13941,158
1186198,41.4905676,-91.7033483,212.4757,1,07,2.0,0.13941,158
1186336,41.4905676,-91.7033483,212.4757,1,07,2.0,0.13941,158
1186503,41.4905675,-91.7033482,212.4924,1,07,2.0,0.13986,158
1186601,41.4905676,-91.7033483,212.4860,1,06,2.8,0.12839,158
1186745,41.4905676,-91.7033483,212.4860,1,06,2.8,0.12839,158
1187006,41.4905675,-91.7033484,212.4571,1,06,2.6,0.08699,158
1187128,41.4905675,-91.7033484,212.4571,1,06,2.6,0.08699,158
1187385,41.4905683,-91.7033482,212.4464,1,07,2.0,0.08699,158
1187465,41.4905683,-91.7033482,212.4464,1,07,2.0,0.08699,158
1187727,41.4905685,-91.7033482,212.3887,1,06,2.6,0.26030,158
1187808,41.4905685,-91.7033482,212.3887,1,06,2.6,0.26030,158
1188012,41.4905684,-91.7033483,212.3419,1,05,2.8,0.26030,158
1188167,41.4905684,-91.7033483,212.3419,1,05,2.8,0.26030,158
1188528,41.4905695,-91.7033486,212.4317,1,05,2.8,0.29869,158
1188665,41.4905695,-91.7033486,212.4317,1,05,2.8,0.29869,158
1188891,41.4905695,-91.7033486,212.3988,1,05,2.8,0.31069,158
1189013,41.4905694,-91.7033485,212.4926,1,05,2.8,0.29535,158
1189153,41.4905694,-91.7033485,212.4926,1,05,2.8,0.29535,158
1189383,41.4905713,-91.7033495,212.2785,1,05,2.8,0.30911,158
1189485,41.4905714,-91.7033496,212.2132,1,05,2.8,0.39144,158
1189562,41.4905714,-91.7033496,212.2132,1,05,2.8,0.39144,158
1189802,41.4905712,-91.7033496,212.2235,1,05,2.8,0.44368,158
1189953,41.4905712,-91.7033496,212.2235,1,05,2.8,0.44368,158
1190388,41.4905713,-91.7033497,212.1711,1,07,2.5,0.48749,158
1190513,41.4905713,-91.7033497,212.1711,1,07,2.5,0.48749,158
1190727,41.4905712,-91.7033496,212.2469,1,07,2.5,0.41792,158
1190994,41.4905713,-91.7033496,212.1837,1,07,2.5,0.4122,158
1191086,41.4905713,-91.7033496,212.1837,1,07,2.5,0.4122,158
1191217,41.4905762,-91.7033506,212.2307,1,07,2.5,0.40792,158
1191436,41.4905763,-91.7033506,212.2551,1,06,2.7,0.35032,158
1191587,41.4905762,-91.7033505,212.2833,1,06,2.7,0.38204,158
1191789,41.4905763,-91.7033505,212.2841,1,06,2.7,0.38204,158
1191928,41.4905763,-91.7033505,212.2841,1,06,2.7,0.38204,158
1192144,41.4905765,-91.7033503,212.2818,1,06,2.7,0.38204,158
1192288,41.4905765,-91.7033503,212.2818,1,06,2.7,0.38204,158
1192391,41.4905765,-91.7033503,212.2818,1,06,2.7,0.43067,158
1192630,41.4905780,-91.7033517,212.1683,1,07,2.5,0.43067,158
1192756,41.4905780,-91.7033517,212.1683,1,07,2.5,0.43067,158
1193009,41.4905781,-91.7033516,212.1867,1,07,2.5,20,158
1193140,41.4905781,-91.7033516,212.1867,1,07,2.5,20,158
1193504,41.4905799,-91.7033533,212.1007,1,08,1.9,0.37565,158
1193604,41.4905800,-91.7033533,212.0688,1,08,1.9,0.41033,158
1193768,41.4905800,-91.7033533,212.0688,1,08,1.9,0.41033,158
1193922,41.4905799,-91.7033534,212.0616,1,07,2.6,0.44753,158
1194129,41.4905800,-91.7033533,212.0980,1,07,2.6,0.51218,158
1194432,41.4905800,-91.7033533,212.0980,1,07,2.6,0.51218,158
1194692,41.4905823,-91.7033563,211.8940,1,07,2.6,0.44080,158
1194794,41.4905822,-91.7033562,211.8967,1,07,2.6,0.46905,158
1194930,41.4905822,-91.7033562,211.8967,1,07,2.6,0.46905,158
1195093,41.4905835,-91.7033579,211.8891,1,07,2.6,0.31878,158
1195199,41.4905835,-91.7033580,211.8799,1,07,2.7,0.36080,158
1195337,41.4905835,-91.7033580,211.8799,1,07,2.7,0.36080,158
1195506,41.4905834,-91.7033579,211.8994,1,07,2.7,0.36240,158
1195601,41.4905835,-91.7033579,211.9182,1,07,2.7,0.29364,158
1195743,41.4905835,-91.7033579,211.9182,1,07,2.7,0.29364,158
1195903,41.4905835,-91.7033580,211.8972,1,07,2.7,0.31218,158
1196011,41.4905834,-91.7033579,211.8861,1,06,2.8,0.34737,158
1196158,41.4905834,-91.7033579,211.8861,1,06,2.8,0.34737,158
1196409,41.4905834,-91.7033579,211.9128,1,06,2.8,0.32287,158
1196558,41.4905834,-91.7033579,211.9128,1,06,2.8,0.32287,158
1196708,41.4905836,-91.7033579,211.9029,1,06,2.8,0.34748,158
1196928,41.4905835,-91.7033579,211.8990,1,06,2.8,0.28273,158
1197095,41.4905835,-91.7033579,211.8990,1,06,2.8,0.28273,158
1197396,41.4905848,-91.7033611,211.7697,1,07,2.5,0.26943,158
1197531,41.4905848,-91.7033611,211.7697,1,07,2.5,0.26943,158
1197696,41.4905849,-91.7033612,211.7435,1,07,2.5,0.20754,158
1197798,41.4905850,-91.7033612,211.7382,1,07,2.5,0.26590,158
1197938,41.4905850,-91.7033612,211.7382,1,07,2.5,0.26590,158
1198202,41.4905838,-91.7033628,211.6811,1,08,1.9,0.33895,158
1198344,41.4905838,-91.7033628,211.6811,1,08,1.9,0.33895,158
1198517,41.4905838,-91.7033628,211.6980,1,08,1.9,0.42279,158
1198683,41.4905839,-91.7033629,211.6857,1,08,1.9,0.31106,158
1198839,41.4905839,-91.7033629,211.6857,1,08,1.9,0.31106,158
1199011,41.4905837,-91.7033627,211.7599,1,08,1.9,0.31106,158
1199329,41.4905838,-91.7033628,211.6912,1,08,1.9,0.28168,158
1199403,41.4905838,-91.7033628,211.6912,1,08,1.9,0.28168,158
1199673,41.4905839,-91.7033629,211.7036,1,08,1.9,0.27308,158
1199911,41.4905839,-91.7033629,211.7036,1,08,1.9,0.27308,158
1200128,41.4905839,-91.7033629,211.7036,1,08,1.9,0.30969,158
1200191,41.4905837,-91.7033628,211.7504,1,07,2.5,0.30969,158
1200354,41.4905837,-91.7033629,211.7578,1,07,2.5,0.24134,158
1200538,41.4905837,-91.7033629,211.7578,1,07,2.5,0.24134,158
1200730,41.4905837,-91.7033629,211.7595,1,07,2.5,0.24134,158
1200806,41.4905838,-91.7033627,211.7638,1,07,2.5,0.24134,158
1201069,41.4905838,-91.7033629,211.7219,1,07,2.5,0.24134,158
1201148,41.4905838,-91.7033629,211.7219,1,07,2.5,0.24134,158
1201226,41.4905838,-91.7033628,211.7534,1,07,2.5,0.24134,158
1201405,41.4905838,-91.7033629,211.7406,1,07,2.5,0.20397,158
1201558,41.4905838,-91.7033629,211.7406,1,07,2.5,0.20397,158
1201807,41.4905837,-91.7033629,211.7241,1,07,2.5,0.07518,158
1201962,41.4905837,-91.7033629,211.7241,1,07,2.5,0.07518,158
1202376,41.4905837,-91.7033629,211.7940,1,07,2.5,0.05481,158
1202471,41.4905837,-91.7033629,211.7940,1,07,2.5,0.05481,158
1202912,41.4905837,-91.7033629,211.7441,1,07,2.5,0.05974,158
1203072,41.4905837,-91.7033629,211.7441,1,07,2.5,0.05974,158
1203200,41.4905847,-91.7033651,211.6585,1,07,2.5,0.01867,158
1203346,41.4905847,-91.7033651,211.6585,1,07,2.5,0.01867,158
1203785,41.4905847,-91.7033650,211.6686,1,07,2.5,0.06980,158
1203867,41.4905847,-91.7033650,211.6686,1,07,2.5,0.06980,158
1204052,41.4905847,-91.7033651,211.6743,1,07,2.5,0.11060,158
1204177,41.4905847,-91.7033651,211.6743,1,07,2.5,0.11060,158
1204405,41.4905849,-91.7033658,211.6216,1,07,2.5,0.08619,158
1204561,41.4905849,-91.7033658,211.6216,1,07,2.5,0.08619,158
1204709,41.4905846,-91.7033658,211.6233,1,07,2.5,0.21103,158
1204808,41.4905849,-91.7033658,211.6076,1,07,2.5,0.17354,158
1204969,41.4905849,-91.7033658,211.6076,1,07,2.5,0.17354,158
1205229,41.4905861,-91.7033658,211.6211,1,07,2.5,0.10203,158
1205412,41.4905861,-91.7033657,211.6145,1,07,2.5,0.11915,158
1205576,41.4905861,-91.7033657,211.6145,1,07,2.5,0.11915,158
1205845,41.4905861,-91.7033659,211.6029,1,07,2.5,0.10958,158
1206314,41.4905876,-91.7033645,211.6004,1,07,2.5,0.19306,158
1206395,41.4905876,-91.7033645,211.6004,1,07,2.5,0.19306,158
1206600,41.4905876,-91.7033645,211.6372,1,07,2.5,0.19306,158
1206744,41.4905876,-91.7033645,211.6372,1,07,2.5,0.19306,158
1207114,41.4905875,-91.7033644,211.6787,1,07,2.5,0.18462,158
1207213,41.4905875,-91.7033644,211.6787,1,07,2.5,0.18462,158
1207588,41.4905886,-91.7033635,211.4909,1,07,2.5,0.11108,158
1207675,41.4905886,-91.7033635,211.4909,1,07,2.5,0.11108,158
1207922,41.4905886,-91.7033634,211.5158,1,07,2.5,0.08446,158
1208022,41.4905885,-91.7033634,211.5286,1,07,2.5,0.03809,158
1208129,41.4905885,-91.7033634,211.5286,1,07,2.5,0.03809,158
1208215,41.4905886,-91.7033636,211.4077,1,08,1.9,0.03809,158
1208357,41.4905886,-91.7033636,211.4077,1,08,1.9,0.03809,158
1208609,41.4905885,-91.7033637,211.4177,1,08,1.9,0.11295,158
1208754,41.4905885,-91.7033637,211.4177,1,08,1.9,0.11295,158
1209046,41.4905885,-91.7033634,211.4606,1,08,1.9,0.23055,158
1209393,41.4905885,-91.7033630,211.4435,1,07,2.5,0.20432,158
1209523,41.4905885,-91.7033630,211.4435,1,07,2.5,0.20432,158
1209694,41.4905883,-91.7033631,211.4804,1,08,1.9,0.24495,158
1209798,41.4905882,-91.7033632,211.4757,1,08,1.9,0.33313,158
1209932,41.4905882,-91.7033632,211.4757,1,08,1.9,0.33313,158
1210203,41.4905869,-91.7033631,211.4562,1,07,2.5,0.28497,158
1210340,41.4905869,-91.7033631,211.4562,1,07,2.5,0.28497,158
1210502,41.4905869,-91.7033631,211.4191,1,07,2.5,0.39110,158
1210605,41.4905870,-91.7033631,211.4439,1,07,2.5,0.47697,158
1210750,41.4905870,-91.7033631,211.4439,1,07,2.5,0.47697,158
1211011,41.4905871,-91.7033631,211.4314,1,07,2.5,0.42818,158
1211156,41.4905871,-91.7033631,211.4314,1,07,2.5,0.42818,158
1211593,41.4905869,-91.7033632,211.4306,1,07,2.5,0.43870,158
1211714,41.4905869,-91.7033632,211.4306,1,07,2.5,0.43870,158
1212025,41.4905871,-91.7033632,211.3966,1,07,2.5,0.41464,158
1212397,41.4905870,-91.7033632,211.4015,1,07,2.5,0.4642,158
1212593,41.4905836,-91.7033620,211.5601,1,07,2.5,0.48300,159
1212692,41.4905836,-91.7033620,211.5601,1,07,2.5,0.48300,159
1212986,41.4905835,-91.7033621,211.5524,1,07,2.5,0.46770,158
1213070,41.4905835,-91.7033621,211.5524,1,07,2.5,0.46770,158
1213384,41.4905826,-91.7033611,211.5519,1,07,2.5,0.36789,158
1213449,41.4905826,-91.7033611,211.5519,1,07,2.5,0.36789,158
1213568,41.4905826,-91.7033611,211.5519,1,07,2.5,0.30233,159
1213802,41.4905825,-91.7033609,211.6131,1,07,2.5,0.19805,159
1213945,41.4905825,-91.7033609,211.6131,1,07,2.5,0.19805,159
1214207,41.4905826,-91.7033608,211.5918,1,08,1.9,0.22932,159
1214354,41.4905826,-91.7033608,211.5918,1,08,1.9,0.22932,159
1214506,41.4905826,-91.7033608,211.5987,1,08,1.9,0.19412,159
1214617,41.4905825,-91.7033610,211.6009,1,08,1.9,0.21777,159
1214769,41.4905825,-91.7033610,211.6009,1,08,1.9,0.21777,159
1214911,41.4905825,-91.7033610,211.5637,1,08,1.9,0.21059,159
1215133,41.4905825,-91.7033611,211.5666,1,07,2.5,0.24217,159
1215270,41.4905825,-91.7033611,211.5666,1,07,2.5,0.24217,159
1215493,41.4905821,-91.7033583,211.7430,1,07,2.5,0.34499,159
1215597,41.4905821,-91.7033582,211.7550,1,07,2.5,0.34619,159
1215740,41.4905821,-91.7033582,211.7550,1,07,2.5,0.34619,159
1215900,41.4905821,-91.7033582,211.7694,1,07,2.5,0.40149,159
1216005,41.4905820,-91.7033582,211.7856,1,07,2.5,0.41375,159
1216128,41.4905820,-91.7033582,211.7856,1,07,2.5,0.41375,159
1216389,41.4905830,-91.7033570,211.7272,1,07,2.5,0.41375,159
1216507,41.4905830,-91.7033570,211.7272,1,07,2.5,0.41375,159
1216697,41.4905830,-91.7033568,211.7391,1,07,2.5,0.48081,159
1216786,41.4905829,-91.7033570,211.7233,1,07,2.5,0.54131,159
1216899,41.4905830,-91.7033570,211.7016,1,07,2.5,0.50266,159
1216988,41.4905830,-91.7033570,211.7016,1,07,2.5,0.50266,159
1217107,41.4905829,-91.7033570,211.7117,1,07,2.5,0.45799,159
1217196,41.4905829,-91.7033570,211.7117,1,07,2.5,0.45799,159
1217445,41.4905848,-91.7033558,211.7285,1,08,1.9,0.45799,159
1217757,41.4905848,-91.7033557,211.7630,1,07,2.5,0.36224,159
1217992,41.4905849,-91.7033558,211.7291,1,07,2.5,0.41988,159
1218181,41.4905849,-91.7033558,211.7291,1,07,2.5,0.44746,159
1218398,41.4905872,-91.7033557,211.6651,1,08,1.9,0.52618,159
1218548,41.4905872,-91.7033557,211.6651,1,08,1.9,0.52618,159
1218715,41.4905871,-91.7033557,211.6745,1,08,1.9,0.56014,159
1218802,41.4905870,-91.7033557,211.6747,1,08,1.9,0.66395,159
1218936,41.4905870,-91.7033557,211.6747,1,08,1.9,0.66395,159
1219205,41.4905892,-91.7033558,211.3631,1,08,1.9,0.72639,159
1219339,41.4905892,-91.7033558,211.3631,1,08,1.9,0.72639,159
1219510,41.4905893,-91.7033558,211.3336,1,07,2.0,0.63177,159
1219608,41.4905892,-91.7033557,211.3734,1,07,2.0,0.77433,159
1219749,41.4905892,-91.7033557,211.3734,1,07,2.0,0.77433,159
1219916,41.4905892,-91.7033558,211.3671,1,08,1.9,0.90970,159
1220013,41.4905893,-91.7033558,211.3269,1,08,1.9,0.78225,159
1220254,41.4905893,-91.7033558,211.3269,1,08,1.9,0.78225,159
1220502,41.4905915,-91.7033571,210.8302,1,08,1.9,0.69397,159
1220596,41.4905916,-91.7033571,210.8164,1,08,1.9,0.57676,159
1220694,41.4905916,-91.7033571,210.8164,1,08,1.9,0.57676,159
1220987,41.4905916,-91.7033571,210.8164,1,08,1.9,0.52092,159
1221147,41.4905915,-91.7033569,210.8817,1,08,1.9,0.37370,159
1221212,41.4905915,-91.7033569,210.8817,1,08,1.9,0.37370,159
1221452,41.4905915,-91.7033570,210.8574,1,08,1.9,0.37370,159
1221572,41.4905915,-91.7033570,210.8574,1,08,1.9,0.37370,159
1221806,41.4905915,-91.7033571,210.8309,1,08,1.9,0.36969,159
1221945,41.4905915,-91.7033571,210.8309,1,08,1.9,0.36969,159
1222103,41.4905915,-91.7033571,210.8490,1,08,1.9,0.26621,159
1222214,41.4905915,-91.7033573,210.8062,1,08,1.9,0.19178,159
1222357,41.4905915,-91.7033573,210.8062,1,08,1.9,0.19178,159
1222506,41.4905915,-91.7033572,210.8425,1,08,1.9,0.17777,159
1222612,41.4905914,-91.7033572,210.8537,1,08,1.9,0.18130,159
1222875,41.4905914,-91.7033572,210.8537,1,08,1.9,0.18130,159
1223094,41.4905945,-91.7033610,209.6339,1,08,1.9,0.07092,159
1223198,41.4905944,-91.7033610,209.6327,1,08,1.9,0.01854,159
1223333,41.4905944,-91.7033610,209.6327,1,08,1.9,0.01854,159
1223502,41.4905945,-91.7033610,209.6053,1,08,1.9,0.12222,159
1223600,41.4905943,-91.7033609,209.6483,1,08,1.9,0.13586,159
1223742,41.4905943,-91.7033609,209.6483,1,08,1.9,0.13586,159
1223914,41.4905944,-91.7033610,209.6279,1,08,1.9,0.15068,159
1224086,41.4905943,-91.7033610,209.6535,1,08,1.9,0.17636,159
1224237,41.4905943,-91.7033610,209.6535,1,08,1.9,0.17636,159
1224405,41.4905944,-91.7033619,209.4023,1,08,1.9,0.17636,159
1224552,41.4905944,-91.7033619,209.4023,1,08,1.9,0.17636,159
1224723,41.4905943,-91.7033619,209.4275,1,08,1.9,0.20892,159
1224812,41.4905944,-91.7033619,209.4013,1,08,1.9,0.26276,159
1224970,41.4905944,-91.7033619,209.4013,1,08,1.9,0.26276,159
1225230,41.4905934,-91.7033620,209.4162,1,08,1.9,0.21105,159
1225507,41.4905934,-91.7033620,209.4162,1,08,1.9,0.21105,159
1225797,41.4905935,-91.7033619,209.4623,1,07,2.0,0.27431,159
1225945,41.4905935,-91.7033619,209.4623,1,07,2.0,0.27431,159
1226093,41.4905932,-91.7033618,209.5010,1,08,1.9,0.24624,159
1226200,41.4905933,-91.7033618,209.5084,1,08,1.9,0.19472,159
1226355,41.4905933,-91.7033618,209.5084,1,08,1.9,0.19472,159
1226603,41.4905933,-91.7033617,209.4886,1,08,1.9,0.13799,159
1226755,41.4905933,-91.7033617,209.4886,1,08,1.9,0.13799,159
1227008,41.4905933,-91.7033618,209.5143,1,07,2.0,0.22239,159
1227140,41.4905933,-91.7033618,209.5143,1,07,2.0,0.22239,159
1227405,41.4905933,-91.7033618,209.4760,1,07,2.0,0.22239,159
1227564,41.4905933,-91.7033618,209.4760,1,07,2.0,0.22239,159
1227714,41.4905933,-91.7033618,209.4783,1,07,2.0,0.18517,159
1227809,41.4905934,-91.7033619,209.4654,1,07,2.0,0.17891,159
1227972,41.4905934,-91.7033619,209.4654,1,07,2.0,0.17891,159
1228214,41.4905933,-91.7033618,209.4976,1,06,2.1,0.17121,159
1228492,41.4905933,-91.7033618,209.4976,1,06,2.1,0.17121,159
1228796,41.4905933,-91.7033619,209.4499,1,06,2.1,0.19551,159
1228944,41.4905933,-91.7033619,209.4499,1,06,2.1,0.19551,159
1229199,41.4905932,-91.7033620,209.4973,1,06,2.1,0.15477,159
1229349,41.4905932,-91.7033620,209.4973,1,06,2.1,0.15477,159
1229496,41.4905933,-91.7033621,209.4441,1,06,2.1,0.20122,159
1229602,41.4905933,-91.7033622,209.3671,1,06,2.1,0.21284,159
1229758,41.4905933,-91.7033622,209.3671,1,06,2.1,0.21284,159
1229919,41.4905932,-91.7033621,209.4897,1,06,2.1,0.17668,159
1230206,41.4905933,-91.7033622,209.4304,1,06,2.1,0.25920,159
1230349,41.4905933,-91.7033622,209.4304,1,06,2.1,0.25920,159
1230516,41.4905932,-91.7033621,209.4615,1,06,2.1,0.24242,159
1230606,41.4905932,-91.7033620,209.4737,1,06,2.1,0.22820,159
1230753,41.4905932,-91.7033620,209.4737,1,06,2.1,0.22820,159
1230909,41.4905932,-91.7033622,209.4409,1,06,2.1,0.13826,159
1231017,41.4905931,-91.7033619,209.5280,1,06,2.1,0.18229,159
1231282,41.4905931,-91.7033619,209.5280,1,06,2.1,0.18229,159
1231491,41.4905931,-91.7033623,209.4119,1,06,2.1,0.18229,159
1231595,41.4905932,-91.7033622,209.4268,1,06,2.1,0.20969,159
1231715,41.4905932,-91.7033622,209.4268,1,06,2.1,0.20969,159
1231894,41.4905931,-91.7033622,209.4363,1,06,2.1,0.27775,159
1232005,41.4905932,-91.7033622,209.3709,1,06,2.1,0.32059,159
1232122,41.4905932,-91.7033622,209.3709,1,06,2.1,0.32059,159
1232377,41.4905931,-91.7033620,209.2190,1,07,2.0,0.32059,159
1232456,41.4905931,-91.7033620,209.2190,1,07,2.0,0.32059,159
1232604,41.4905930,-91.7033620,209.1898,1,07,2.0,0.36486,159
1232747,41.4905930,-91.7033620,209.1898,1,07,2.0,0.36486,159
1233155,41.4905930,-91.7033620,209.1750,1,07,2.0,0.30682,159
1233321,41.4905930,-91.7033620,209.1750,1,07,2.0,0.30682,159
1233463,41.4905935,-91.7033627,208.9447,1,06,2.1,0.30682,159
1233608,41.4905935,-91.7033627,208.9830,1,06,2.1,0.19388,159
1233758,41.4905935,-91.7033627,208.9830,1,06,2.1,0.19388,159
1234038,41.4905935,-91.7033627,208.9778,1,06,2.1,0.16539,159
1234188,41.4905934,-91.7033628,208.9644,1,06,2.1,0.12818,159
1234357,41.4905937,-91.7033613,208.0064,1,06,2.1,0.12818,159
1234513,41.4905937,-91.7033613,208.0064,1,06,2.1,0.12818,159
1234609,41.4905937,-91.7033615,207.9799,1,06,2.1,0.12818,159
1234757,41.4905937,-91.7033615,207.9799,1,06,2.1,0.12818,159
1234902,41.4905936,-91.7033613,208.0328,1,06,2.1,0.05387,159
1235009,41.4905937,-91.7033614,208.0014,1,06,2.1,0.10770,159
1235130,41.4905937,-91.7033614,208.0014,1,06,2.1,0.10770,159
1235392,41.4905931,-91.7033630,207.9008,1,06,2.1,0.10770,159
1235507,41.4905931,-91.7033630,207.9008,1,06,2.1,0.10770,159
1235706,41.4905930,-91.7033629,207.9822,1,06,2.1,0.12998,159
1235790,41.4905930,-91.7033629,208.0002,1,06,2.1,0.1726737,159
1235962,41.4905931,-91.7033631,207.9294,1,06,2.1,0.19166,159
1236077,41.4905931,-91.7033631,207.9294,1,06,2.1,0.19166,159
1236367,41.4905903,-91.7033618,208.4012,1,06,2.1,0.25683,159
1236801,41.4905903,-91.7033618,208.4085,1,06,2.1,0.23353,159
1236985,41.4905903,-91.7033618,208.4085,1,06,2.1,0.23353,159
1237117,41.4905903,-91.7033617,208.4624,1,06,2.1,0.23353,159
1237375,41.4905879,-91.7033602,208.7154,1,06,2.1,0.2186116,159
1237456,41.4905879,-91.7033602,208.7154,1,06,2.1,0.2186116,159
1237601,41.4905880,-91.7033601,208.6988,1,06,2.1,0.25300,159
1237751,41.4905880,-91.7033601,208.6988,1,06,2.1,0.25300,159
1237902,41.4905881,-91.7033604,208.6099,1,06,2.1,0.27280,159
1238006,41.4905880,-91.7033601,208.7158,1,06,2.1,0.21267,159
1238136,41.4905880,-91.7033601,208.7158,1,06,2.1,0.21267,159
1238523,41.4905874,-91.7033587,208.9779,1,06,2.1,0.21267,159
1238610,41.4905874,-91.7033587,208.9779,1,06,2.1,0.21267,159
1238779,41.4905874,-91.7033587,208.9779,1,06,2.1,0.21267,159
1239012,41.4905873,-91.7033588,208.9521,1,06,2.1,0.26004,159
1239145,41.4905873,-91.7033588,208.9521,1,06,2.1,0.26004,159
1239346,41.4905873,-91.7033588,208.9521,1,06,2.1,0.26004,159
1239678,41.4905873,-91.7033588,208.9521,1,06,2.1,0.26004,159
1239871,41.4905866,-91.7033574,209.1214,1,06,2.1,0.26004,159
1239999,41.4905866,-91.7033574,209.1429,1,06,2.1,0.28312,159
1240124,41.4905866,-91.7033574,209.1429,1,06,2.1,0.28312,159
1240384,41.4905861,-91.7033554,209.2770,1,06,2.1,0.28312,159
1240468,41.4905861,-91.7033554,209.2770,1,06,2.1,0.28312,159
1240781,41.4905860,-91.7033554,209.2889,1,06,2.1,0.24207,159
1240869,41.4905860,-91.7033554,209.2889,1,06,2.1,0.24207,159
1241150,41.4905860,-91.7033552,209.3548,1,06,2.1,0.23180,159
1241327,41.4905860,-91.7033552,209.3548,1,06,2.1,0.23180,159
1241575,41.4905862,-91.7033542,M,1,06,40,0.23180,159
1241812,41.4905862,-91.7033543,209.3861,1,06,2.1,0.15554,159
1241971,41.4905862,-91.7033543,209.3861,1,06,2.1,0.15554,159
1242211,41.4905876,-91.7033542,209.4837,1,06,2.1,0.19041,159
1242355,41.4905876,-91.7033542,209.4837,1,06,2.1,0.19041,159
1242510,41.4905875,-91.7033542,209.4648,1,06,2.1,0.14421,159
1242728,41.4905875,-91.7033541,209.5148,1,06,2.1,0.13148,159
1242889,41.4905875,-91.7033541,209.5148,1,06,2.1,0.13148,159
1243094,41.4905875,-91.7033541,209.5153,1,06,2.1,0.19765,159
1243206,41.4905875,-91.7033541,209.5153,1,06,2.1,0.19765,159
1243496,41.4905870,-91.7033545,209.5977,1,06,2.1,0.16749,159
1243601,41.4905871,-91.7033545,209.5941,1,06,2.1,0.08364,159
1243738,41.4905871,-91.7033545,209.5941,1,06,2.1,0.08364,159
1243897,41.4905871,-91.7033545,209.5662,1,05,2.7,0.33706,159
1244008,41.4905872,-91.7033543,209.5853,1,05,2.7,0.20027,159
1244128,41.4905872,-91.7033543,209.5853,1,05,2.7,0.20027,159
1244383,41.4905862,-91.7033545,209.4109,1,05,2.7,0.20027,159
1244459,41.4905862,-91.7033545,209.4109,1,05,2.7,0.20027,159
1244609,41.4905863,-91.7033545,209.3959,1,05,2.7,0.11494,159
1244758,41.4905863,-91.7033545,209.3959,1,05,2.7,0.11494,159
1244905,41.4905861,-91.7033545,209.3999,1,05,2.7,0.00352,159
1245107,41.4905863,-91.7033545,209.4166,1,05,2.7,0.10414,159
1245306,41.4905863,-91.7033545,209.4166,1,05,2.7,0.10414,159
1245658,41.4905854,-91.7033547,209.4926,1,07,2.0,0.10414,159
1245814,41.4905854,-91.7033547,209.4926,1,07,2.0,0.10414,159
1246083,41.4905852,-91.7033547,209.5269,1,06,2.1,0.28820,159
1246149,41.4905837,-91.7033565,209.8346,1,06,2.1,0.28820,159
1246307,41.4905837,-91.7033565,209.8346,1,06,2.1,0.24447,159
1246517,41.4905836,-91.7033565,209.8398,1,05,2.7,0.24447,159
1246604,41.4905837,-91.7033567,209.7992,1,05,2.7,0.2603803,159
1246751,41.4905837,-91.7033567,209.7992,1,05,2.7,0.2603803,159
1247011,41.4905836,-91.7033568,209.7779,1,05,2.7,0.14861,159
1247134,41.4905836,-91.7033568,209.7779,1,05,2.7,0.14861,159
1247395,41.4905825,-91.7033582,209.9555,1,06,2.6,0.14861,159
1247509,41.4905825,-91.7033582,209.9555,1,06,2.6,0.14861,159
1247694,41.4905824,-91.7033580,210.0229,1,06,2.6,0.02877,159
1247779,41.4905824,-91.7033581,210.0082,1,06,2.6,0.06319,159
1248063,41.4905823,-91.7033580,210.0667,1,06,2.6,0.15052,159
1248302,41.4905823,-91.7033580,210.0667,1,06,2.6,0.15052,159
1248698,41.4905832,-91.7033591,209.8975,1,06,2.6,0.15052,159
1248851,41.4905832,-91.7033591,209.8975,1,06,2.6,0.15052,159
1249001,41.4905832,-91.7033589,209.9412,1,06,2.6,0.15052,159
1249162,41.4905832,-91.7033591,209.8846,1,06,2.6,0.36047,159
1249228,41.4905832,-91.7033591,209.8846,1,06,2.6,0.36047,159
1249314,41.4905842,-91.7033593,209.9147,1,07,2.5,0.31956,159
1249404,41.4905841,-91.7033594,209.8937,1,07,2.5,0.32581,159
1249554,41.4905841,-91.7033594,209.8937,1,07,2.5,0.32581,159
1249704,41.4905842,-91.7033594,209.8790,1,07,2.5,0.40245,159
1249804,41.4905842,-91.7033594,209.8931,1,07,2.5,0.41742,159
1249962,41.4905842,-91.7033594,209.8931,1,07,2.5,0.41742,159
1250393,41.4905863,-91.7033600,209.5706,1,06,2.6,0.42522,159
1250609,41.4905865,-91.7033602,209.5148,1,06,2.6,0.42827,159
1250882,41.4905865,-91.7033601,209.5421,1,06,2.6,0.45257,159
1250961,41.4905864,-91.7033602,209.5238,1,06,2.6,0.51765,159
1251243,41.4905891,-91.7033604,209.1958,1,07,2.5,0.57241,159
1251492,41.4905890,-91.7033603,209.1958,1,07,2.5,0.64486,159
1251596,41.4905890,-91.7033604,209.1706,1,07,2.5,0.59938,159
1251745,41.4905890,-91.7033604,209.1706,1,07,2.5,0.59938,159
1252005,41.4905890,-91.7033604,209.1712,1,05,2.7,0.56221,159
1252131,41.4905890,-91.7033604,209.1712,1,05,2.7,0.56221,159
1252482,41.4905912,-91.7033620,208.7518,1,05,2.7,0.56221,159
1252557,41.4905911,-91.7033621,208.7419,1,05,2.7,0.43892,159
1252702,41.4905912,-91.7033620,208.7495,1,05,2.7,0.37090,159
1252804,41.4905912,-91.7033621,208.6935,1,05,2.7,0.33726,159
1252961,41.4905912,-91.7033621,208.6935,1,05,2.7,0.33726,159
1253206,41.4905921,-91.7033631,208.3001,1,05,2.7,0.37975,159
1253369,41.4905921,-91.7033631,208.3001,1,05,2.7,0.37975,159
1253520,41.4905922,-91.7033632,208.2791,1,05,2.7,0.34089,159
1253792,41.4905922,-91.7033632,208.2879,1,05,2.7,0.26530,159
1253960,41.4905922,-91.7033632,208.2879,1,05,2.7,0.26530,159
1254329,41.4905933,-91.7033632,207.9996,1,05,2.7,0.23228,159
1254458,41.4905933,-91.7033632,207.9996,1,05,2.7,0.23228,159
1254695,41.4905934,-91.7033634,207.9274,1,05,2.7,0.31195,159
1254800,41.4905933,-91.7033634,207.9762,1,05,2.7,0.27038,159
1254937,41.4905933,-91.7033634,207.9762,1,05,2.7,0.27038,159
1255200,41.4905945,-91.7033635,207.7792,1,05,2.7,0.33893,159
1255338,41.4905945,-91.7033635,207.7792,1,05,2.7,0.33893,159
1255500,41.4905945,-91.7033636,207.7577,1,05,2.7,0.29899,159
1255759,41.4905945,-91.7033635,207.7786,1,05,2.7,0.32119,159
1255917,41.4905945,-91.7033635,207.7786,1,05,2.7,0.32119,159
1256124,41.4905945,-91.7033634,207.8000,1,05,2.7,0.32119,159
1256202,41.4905945,-91.7033634,207.8000,1,05,2.7,0.32119,159
1256448,41.4905954,-91.7033647,207.6349,1,06,2.6,0.32119,159
1256569,41.4905954,-91.7033647,207.6349,1,06,2.6,0.32119,159
1256811,41.4905955,-91.7033647,207.6503,1,05,2.7,0.15131,159
1256962,41.4905955,-91.7033647,207.6503,1,05,2.7,0.15131,159
1257233,41.4905946,-91.7033648,207.8169,1,06,2.6,0.20173,159
1257355,41.4905945,-91.7033648,207.8428,1,06,2.6,0.22827,159
1257481,41.4905945,-91.7033648,207.8428,1,06,2.6,0.22827,159
1257667,41.4905945,-91.7033646,207.8801,1,05,2.7,0.22827,159
1257800,41.4905945,-91.7033647,207.8695,1,06,2.6,0.18494,159
1257941,41.4905945,-91.7033647,207.8695,1,06,2.6,0.18494,159
1258203,41.4905932,-91.7033642,208.3425,1,06,2.6,0.24772,159
1258345,41.4905932,-91.7033642,208.3425,1,06,2.6,0.24772,159
1258503,41.4905932,-91.7033641,208.3569,1,05,2.7,0.29598,159
1258607,41.4905933,-91.7033642,208.2672,1,05,2.7,0.20904,159
1258748,41.4905933,-91.7033642,208.2672,1,05,2.7,0.20904,159
1258910,41.4905932,-91.7033641,208.3432,1,06,2.6,0.10145,159
1259011,41.4905933,-91.7033641,208.3474,1,06,2.6,0.09881,159
1259133,41.4905933,-91.7033641,208.3474,1,06,2.6,0.09881,159
1259389,41.4905930,-91.7033634,208.6120,1,05,2.7,0.09881,159
1259489,41.4905930,-91.7033634,208.6120,1,05,2.7,0.09881,159
1259899,41.4905931,-91.7033631,208.6729,1,06,2.6,0.03110,159
1260081,41.4905930,-91.7033633,202.9430,1,06,2.6,0.15212,159
1260192,41.4905930,-91.7033633,202.9430,1,06,2.6,0.09989,159
1260294,41.4905936,-91.7033619,208.8006,1,05,2.7,0.09989,159
1260487,41.4905935,-91.7033619,208.8402,1,05,2.7,0.14243,159
1260553,41.4905937,-91.7033619,208.7501,1,05,2.7,0.1135817,159
1260739,41.4905937,-91.7033619,208.7501,1,05,2.7,0.08925,159
1260922,41.4905936,-91.7033618,208.8491,1,05,2.7,0.08925,159
1261182,41.4905936,-91.7033618,208.7715,1,05,2.7,0.08925,159
1261272,41.4905936,-91.7033618,208.7715,1,05,2.7,0.08925,159
1261580,41.4905938,-91.7033601,208.8042,1,06,2.6,0.07315,159
1261746,41.4905938,-91.7033601,208.8042,1,06,2.6,0.07315,159
1261869,41.4905938,-91.7033601,208.8042,1,06,2.6,0.02749,159
1262013,41.4905938,-91.7033599,208.8557,1,06,2.6,0.19326,159
1262166,41.4905938,-91.7033599,208.8557,1,06,2.6,0.19326,159
1262325,41.4905952,-91.7033589,208.6657,1,06,2.6,0.13479,159
1262704,41.4905954,-91.7033590,208.6629,1,06,2.6,0.14662,159
1262874,41.4905954,-91.7033590,208.6629,1,06,2.6,0.14662,159
1263003,41.4905953,-91.7033591,208.5770,1,06,2.6,0.18070,159
1263123,41.4905953,-91.7033591,208.5770,1,06,2.6,0.18070,159
1263377,41.4905952,-91.7033591,208.3486,1,05,2.7,0.18070,159
1263454,41.4905952,-91.7033591,208.3486,1,05,2.7,0.18070,159
1263575,41.4905949,-91.7033590,208.4134,1,06,2.6,0.08945,159
1263805,41.4905950,-91.7033591,208.4116,1,06,2.6,0.11098,159
1263955,41.4905950,-91.7033591,208.4116,1,06,2.6,0.11098,159
1264380,41.4905930,-91.7033600,208.0946,1,06,2.6,0.12025,159
1264468,41.4905930,-91.7033600,208.0946,1,06,2.6,0.12025,159
1264782,41.4905930,-91.7033599,208.1277,1,06,2.6,0.16912,159
1264872,41.4905930,-91.7033599,208.1277,1,06,2.6,0.16912,159
1265192,41.4905931,-91.7033600,208.0670,1,06,2.6,0.11530,159
1265367,41.4905931,-91.7033600,208.0670,1,06,2.6,0.11530,159
1265508,41.4905904,-91.7033612,207.8842,1,05,2.7,0.12688,159
1265805,41.4905904,-91.7033611,207.8770,1,05,2.7,0.15456,159
1265991,41.4905904,-91.7033611,207.8770,1,05,2.7,0.15456,159
1266138,41.4905904,-91.7033612,207.8716,1,05,2.7,0.15456,159
1266375,41.4905887,-91.7033616,207.5524,1,05,2.7,0.1392011,159
1266440,41.4905887,-91.7033616,207.5524,1,05,2.7,0.1392011,159
1266507,41.4905885,-91.7033616,207.6140,1,05,2.7,0.06997,159
1266599,41.4905886,-91.7033615,207.6425,1,05,2.7,0.26973,159
1266734,41.4905886,-91.7033615,207.6425,1,05,2.7,0.26973,159
1266899,41.4905885,-91.7033616,207.6359,1,05,2.7,0.09150,159
1267012,41.4905887,-91.7033616,207.5838,1,05,2.7,0.20418,159
1267154,41.4905887,-91.7033616,207.5838,1,05,2.7,0.20418,159
1267406,41.4905884,-91.7033615,207.6490,1,05,2.7,0.36334,159
1267547,41.4905884,-91.7033615,207.6490,1,05,2.7,0.36334,159
1267708,41.4905884,-91.7033615,207.6783,1,05,2.7,0.25345,159
1267808,41.4905885,-91.7033615,207.6093,1,05,2.7,0.39427,159
1267956,41.4905885,-91.7033615,207.6093,1,05,2.7,0.39427,159
1268226,41.4905885,-91.7033614,207.6612,1,06,2.2,0.32942,159
1268338,41.4905884,-91.7033615,207.6619,1,06,2.2,0.30169,159
1268489,41.4905884,-91.7033615,207.6619,1,06,2.2,0.30169,159
1268632,41.4905885,-91.7033615,207.6451,1,06,2.2,0.30169,159
1268730,41.4905885,-91.7033615,207.6451,1,06,2.2,0.30169,159
1268916,41.4905884,-91.7033616,207.6109,1,06,2.2,0.20689,159
1268981,41.4905884,-91.7033616,207.6109,1,06,2.2,0.20689,159
1269390,41.4905885,-91.7033614,207.6668,1,06,2.2,0.20689,159
1269478,41.4905885,-91.7033614,207.6668,1,06,2.2,0.20689,159
1269622,41.4905885,-91.7033616,207.6161,1,06,2.2,0.02866,159
1269805,41.4905885,-91.7033614,207.6840,1,06,2.2,0.04085,159
1269949,41.4905885,-91.7033614,207.6840,1,06,2.2,0.04085,159
1270208,41.4905832,-91.7033625,207.2637,1,06,2.2,0.06892,159
1270355,41.4905832,-91.7033625,207.2637,1,06,2.2,0.06892,159
1270789,41.4905831,-91.7033624,207.2653,1,06,2.2,0.02613,159
1270873,41.4905831,-91.7033624,207.2653,1,06,2.2,0.02613,159
1271137,41.4905832,-91.7033626,207.2148,1,06,2.2,0.08347,159
1271266,41.4905832,-91.7033626,207.2148,1,06,2.2,0.08347,159
1271494,41.4905833,-91.7033624,207.2349,1,06,2.2,0.04962,159
1271597,41.4905833,-91.7033625,207.2298,1,06,2.2,0.11036,159
1271732,41.4905833,-91.7033625,207.2298,1,06,2.2,0.11036,159
1271897,41.4905831,-91.7033625,207.2726,1,06,2.2,0.14596,159
1272005,41.4905831,-91.7033625,207.2388,1,06,2.2,0.15056,159
1272122,41.4905831,-91.7033625,207.2388,1,06,2.2,0.15056,159
1272282,41.4905832,-91.7033625,207.2281,1,07,2.1,0.15056,159
1272436,41.4905832,-91.7033625,207.2281,1,07,2.1,0.15056,159
1272603,41.4905832,-91.7033625,207.2263,1,07,2.1,0.15056,159
1272944,41.4905831,-91.7033627,207.1948,1,07,2.1,0.29588,159
1273016,41.4905831,-91.7033627,207.1948,1,07,2.1,0.29588,159
1273150,41.4905831,-91.7033625,207.2449,1,07,2.1,0.22816,159
1273260,41.4905831,-91.7033625,207.2449,1,07,2.1,0.22816,159
1273466,41.4905831,-91.7033625,207.2449,1,07,2.1,0.22816,159
1273688,41.4905831,-91.7033625,207.2547,1,07,2.1,0.22816,159
1274001,41.4905831,-91.7033624,207.2624,1,07,2.1,0.13516,159
1274115,41.4905831,-91.7033624,207.2624,1,07,2.1,0.13516,159
1274368,41.4905830,-91.7033625,207.2383,1,07,2.1,0.13516,159
1274449,41.4905830,-91.7033625,207.2383,1,07,2.1,0.13516,159
1274754,41.4905831,-91.7033626,207.2123,1,07,2.1,0.28229,159
1274838,41.4905831,-91.7033626,207.2123,1,07,2.1,0.28229,159
1274963,41.4905831,-91.7033627,207.2197,1,07,2.1,0.28229,159
1275193,41.4905830,-91.7033626,207.2078,1,07,2.1,0.25064,159
1275398,41.4905830,-91.7033626,207.2078,1,07,2.1,0.25064,159
1275544,41.4905812,-91.7033636,206.7920,1,07,2.1,0.26222,159
1275693,41.4905812,-91.7033636,206.7920,1,07,2.1,0.26222,159
1275965,41.4905811,-91.7033636,206.8314,1,07,2.1,0.25091,159
1276124,41.4905811,-91.7033636,206.8314,1,07,2.1,0.25091,159
1276394,41.4905807,-91.7033639,206.7945,1,07,1.7,0.25091,159
1276537,41.4905807,-91.7033639,206.7945,1,07,1.7,0.25091,159
1277013,41.4905807,-91.7033639,206.7945,1,07,1.7,0.24952,159
1277158,41.4905808,-91.7033639,206.7969,1,06,2.2,0.24952,159
1277310,41.4905808,-91.7033639,206.8051,1,06,2.2,173833.80,159
1277396,41.4905813,-91.7033645,206.6279,1,06,2.2,0.2459711,159
1277639,41.4905812,-91.7033646,206.5949,1,06,2.2,0.2459711,159
1277787,41.4905812,-91.7033646,206.5949,1,06,2.2,0.2459711,159
1277919,41.4905812,-91.7033646,206.5949,1,06,2.2,0.06772,159
1278005,41.4905812,-91.7033646,206.5943,1,06,2.2,0.06772,159
1278118,41.4905812,-91.7033646,206.5943,1,06,2.2,0.06772,159
1278280,41.4905810,-91.7033644,206.7449,1,06,2.2,0.06772,159
1278427,41.4905810,-91.7033644,206.7449,1,06,2.2,0.06772,159
1278611,41.4905809,-91.7033645,206.7134,1,06,2.2,0.08879,159
1278753,41.4905809,-91.7033645,206.7134,1,06,2.2,0.08879,159
1279015,41.4905810,-91.7033645,206.7246,1,06,2.2,0.23974,159
1279160,41.4905810,-91.7033645,206.7246,1,06,2.2,0.23974,159
1279507,41.4905805,-91.7033639,206.7047,1,06,2.2,0.25210,159
1279731,41.4905805,-91.7033640,206.6737,1,06,2.2,0.27012,159
1279890,41.4905805,-91.7033640,206.6737,1,06,2.2,0.27012,159
1280177,41.4905804,-91.7033638,206.7084,1,06,2.2,0.28182,159
1280400,41.4905806,-91.7033630,206.6145,1,08,1.7,0.16485,159
1280536,41.4905806,-91.7033630,206.6145,1,08,1.7,0.16485,159
1280706,41.4905806,-91.7033630,206.5624,1,08,1.7,0.18935,159
1280803,41.4905806,-91.7033631,206.5752,1,08,1.7,0.15616,159
1280945,41.4905806,-91.7033631,206.5752,1,08,1.7,0.15616,159
1281206,41.4905807,-91.7033632,206.5636,1,08,1.7,0.17950,159
1281352,41.4905807,-91.7033632,206.5636,1,08,1.7,0.17950,159
1281502,41.4905806,-91.7033632,206.5439,1,08,1.7,0.20023,159
1281608,41.4905807,-91.7033633,206.5138,1,08,1.7,0.17398,159
1281755,41.4905807,-91.7033633,206.5138,1,08,1.7,0.17398,159
1281921,41.4905807,-91.7033633,206.5430,1,08,1.7,0.20379,159
1282014,41.4905808,-91.7033631,206.5542,1,08,1.7,0.25437,159
1282166,41.4905808,-91.7033631,206.5542,1,08,1.7,0.25437,159
1282445,41.4905812,-91.7033627,206.5474,1,08,1.7,0.20091,159
1282780,41.4905811,-91.7033628,206.5477,1,08,1.7,0.23353,159
1282857,41.4905811,-91.7033628,206.5477,1,08,1.7,0.23353,159
1283010,41.4905812,-91.7033626,206.5464,1,07,2.1,0.31952,159
1283124,41.4905812,-91.7033626,206.5464,1,07,2.1,0.31952,159
1283320,41.4905818,-91.7033629,206.4398,1,07,2.1,0.31952,159
1283400,41.4905818,-91.7033629,206.4398,1,07,2.1,0.31952,159
1283605,41.4905817,-91.7033630,206.4442,1,07,2.1,0.31952,159
1283750,41.4905817,-91.7033630,206.4442,1,07,2.1,0.31952,159
1284193,41.4905817,-91.7033629,206.4709,1,07,2.1,0.23897,159
1284349,41.4905817,-91.7033629,206.4709,1,07,2.1,0.23897,159
1284542,41.4905817,-91.7033629,206.4709,1,07,2.1,0.23051,159
1284629,41.4905817,-91.7033629,206.4709,1,07,2.1,0.23051,159
1284786,41.4905826,-91.7033628,206.3409,1,07,2.1,0.23051,159
1284926,41.4905825,-91.7033629,206.3506,1,06,2.2,0.27049,159
1285150,41.4905824,-91.7033628,206.3725,1,06,2.2,0.25267,159
1285443,41.4905824,-91.7033628,206.3725,1,06,2.2,0.25267,159
1285798,41.4905837,-91.7033629,206.2675,1,06,2.2,0.28828,159
1285943,41.4905837,-91.7033629,206.2675,1,06,2.2,0.28828,159
1286106,41.4905850,-91.7033626,206.1824,1,08,2.1,0.28504,159
1286197,41.4905849,-91.7033624,206.2320,1,08,2.1,0.26581,159
1286347,41.4905849,-91.7033624,206.2320,1,08,2.1,0.26581,159
1286600,41.4905850,-91.7033625,206.1929,1,08,2.1,0.21765,159
1286753,41.4905850,-91.7033625,206.1929,1,08,2.1,0.21765,159
1287010,41.4905851,-91.7033623,206.2440,1,07,2.1,0.24319,159
1287142,41.4905851,-91.7033623,206.2440,1,07,2.1,0.24319,159
1287404,41.4905858,-91.7033621,206.1363,1,08,1.7,0.24319,159
1287562,41.4905858,-91.7033621,206.1363,1,08,1.7,0.24319,159
1287715,41.4905858,-91.7033623,206.0848,1,08,1.7,0.16736,159
1287811,41.4905859,-91.7033622,206.1061,1,08,1.7,0.14680,159
1287971,41.4905859,-91.7033622,206.1061,1,08,1.7,0.14680,159
1288310,41.4905859,-91.7033622,206.1833,1,07,2.1,0.13082,159
1288530,41.4905860,-91.7033622,206.1495,1,07,2.1,0.12900,159
1288674,41.4905860,-91.7033622,206.1495,1,07,2.1,0.12900,159
1288894,41.4905858,-91.7033621,206.2079,1,06,2.2,0.05722,159
1289005,41.4905859,-91.7033621,206.2015,1,06,2.2,0.10365,159
1289131,41.4905859,-91.7033621,206.2015,1,06,2.2,0.10365,159
1289399,41.4905869,-91.7033615,206.1100,1,06,2.2,0.10365,159
1289552,41.4905869,-91.7033615,206.1100,1,06,2.2,0.10365,159
1289984,41.4905870,-91.7033615,206.0781,1,06,2.2,0.17660,159
1290186,41.4905870,-91.7033615,206.0781,1,06,2.2,0.17660,159
1290305,41.4905879,-91.7033600,206.1236,1,06,2.2,0.06605,159
1290405,41.4905878,-91.7033600,206.0937,1,07,2.1,0.04612,159
1290548,41.4905878,-91.7033600,206.0937,1,07,2.1,0.04612,159
1290706,41.4905879,-91.7033601,206.1264,1,06,2.2,0.10723,159
1290810,41.4905877,-91.7033601,206.1164,1,06,2.2,0.11726,159
1290955,41.4905877,-91.7033601,206.1164,1,06,2.2,0.11726,159
1291128,41.4905884,-91.7033579,206.0977,1,08,1.7,0.06705,159
1291506,41.4905883,-91.7033578,206.1465,1,08,1.7,0.14077,159
1291682,41.4905883,-91.7033578,206.1465,1,08,1.7,0.14077,159
1291845,41.4905881,-91.7033580,206.1255,1,07,2.1,0.10416,159
1291897,41.4905881,-91.7033580,206.1255,1,07,2.1,0.10416,159
1292001,41.4905883,-91.7033580,206.0989,1,07,2.1,0.10416,159
1292103,41.4905883,-91.7033579,206.1102,1,07,2.1,0.06950,159
1292163,41.4905883,-91.7033579,206.1102,1,07,2.1,0.06950,159
1292304,41.4905882,-91.7033566,206.1655,1,07,2.2,0.10281,159
1292517,41.4905882,-91.7033566,206.2130,1,06,2.4,0.06849,159
1292592,41.4905882,-91.7033566,206.2130,1,06,2.4,0.06849,159
1292806,41.4905882,-91.7033566,206.1660,1,06,2.4,0.06849,159
1292951,41.4905882,-91.7033566,206.1660,1,06,2.4,0.06849,159
1293125,41.4905889,-91.7033551,206.2353,1,06,2.4,0.13139,159
1293292,41.4905888,-91.7033550,206.2618,1,06,2.4,0.04387,159
1293450,41.4905888,-91.7033550,206.2618,1,06,2.4,0.04387,159
1293614,41.4905888,-91.7033551,206.2367,1,06,2.4,0.04387,159
1293982,41.4905887,-91.7033552,206.2191,1,06,2.4,0.13612,159
1294147,41.4905887,-91.7033552,206.2191,1,06,2.4,0.13612,159
1294351,41.4905886,-91.7033552,206.2113,1,06,2.4,0.07498,159
1294530,41.4905887,-91.7033526,206.3340,1,09,1.7,0.1521403,159
1294779,41.4905886,-91.7033527,206.3250,1,09,1.7,2.28,159
1294855,41.4905886,-91.7033527,206.3250,1,09,1.7,2.28,159
1295003,41.4905886,-91.7033528,206.3267,1,09,1.7,0.24146,159
1295125,41.4905886,-91.7033528,206.3267,1,09,1.7,0.24146,159
1295385,41.4905885,-91.7033507,206.3287,1,09,1.7,0.24146,159
1295472,41.4905885,-91.7033507,206.3287,1,09,1.7,0.24146,159
1295788,41.4905885,-91.7033506,206.3300,1,08,1.8,0.20755,159
1295879,41.4905885,-91.7033506,206.3300,1,08,1.8,0.20755,159
1296201,41.4905888,-91.7033507,206.3068,1,08,2.1,0.17885,159
1296359,41.4905888,-91.7033507,206.3068,1,08,2.1,0.17885,159
1296611,41.4905878,-91.7033489,206.4373,1,08,2.1,0.15870,159
1296769,41.4905878,-91.7033489,206.4373,1,08,2.1,0.15870,159
1297036,41.4905880,-91.7033489,206.3968,1,07,2.5,0.26769,159
1297281,41.4905882,-91.7033489,206.3839,1,06,5.2,0.32214,159
1297454,41.4905882,-91.7033489,206.3839,1,06,5.2,0.32214,159
1297523,41.4905868,-91.7033469,206.5941,1,06,5.2,0.34469,159
1297607,41.4905869,-91.7033469,206.5804,1,06,5.2,0.34701,159
1297756,41.4905869,-91.7033469,206.5804,1,06,5.2,0.34701,159
1298148,41.4905869,-91.7033469,206.5804,1,06,5.2,0.31944,159
1298406,41.4905869,-91.7033469,206.5804,1,06,5.2,0.31944,159
1298574,41.4905867,-91.7033451,206.7144,1,07,2.2,0.31944,159
1298807,41.4905867,-91.7033450,206.7120,1,07,2.2,0.27547,159
1298961,41.4905867,-91.7033450,206.7120,1,07,2.2,0.27547,159
1299373,41.4905862,-91.7033431,206.8296,1,07,2.2,0.31540,159
1299610,41.4905864,-91.7033432,206.7943,1,07,2.2,0.29432,159
1299768,41.4905864,-91.7033432,206.7943,1,07,2.2,0.29432,159
1299916,41.4905864,-91.7033430,206.8493,1,07,2.2,0.29253,159
1300017,41.4905863,-91.7033430,206.8387,1,06,2.2,0.31710,159
1300295,41.4905863,-91.7033430,206.8387,1,06,2.2,0.31710,159
1300596,41.4905857,-91.7033412,206.9887,1,05,7.6,0.30654,159
1300743,41.4905857,-91.7033412,206.9887,1,05,7.6,0.30654,159
1300895,41.4905857,-91.7033412,206.9687,1,06,2.2,0.23280,159
1301167,41.4905859,-91.7033411,206.9929,1,06,2.2,0.24814,159
1301281,41.4905859,-91.7033411,206.9929,1,06,2.2,0.24814,159
1301431,41.4905864,-91.7033404,207.0456,1,05,7.6,0.17482,159
1301521,41.4905865,-91.7033403,207.0383,1,05,7.6,0.1689.63,159
1301748,41.4905863,-91.7033402,207.1148,1,05,7.6,0.18764,159
1301919,41.4905863,-91.7033402,207.1148,1,05,7.6,0.18764,159
1302193,41.4905862,-91.7033402,207.1102,1,05,7.6,0.18764,159
1302388,41.4905862,-91.7033402,207.1102,1,05,7.6,0.18764,159
1302607,41.4905869,-91.7033394,207.0802,1,05,7.6,0.02005,159
1302750,41.4905869,-91.7033394,207.0802,1,05,7.6,0.02005,159
1302906,41.4905870,-91.7033394,207.0779,1,05,7.6,0.12778,159
1303017,41.4905869,-91.7033394,207.0979,1,05,7.6,0.19149,159
1303280,41.4905869,-91.7033394,207.0979,1,05,7.6,0.19149,159
1303545,41.4905874,-91.7033382,207.3031,1,05,7.6,0.07144,159
1303610,41.4905874,-91.7033382,207.3031,1,05,7.6,0.07144,159
1303812,41.4905873,-91.7033383,207.3321,1,05,7.6,0.07144,159
1303877,41.4905873,-91.7033383,207.3321,1,05,7.6,0.07144,159
1304006,41.4905874,-91.7033382,207.3275,1,05,7.6,0.13810,159
1304119,41.4905874,-91.7033382,207.3275,1,05,7.6,0.13810,159
1304205,41.4905884,-91.7033367,207.5990,1,05,2.7,0.13810,159
1304344,41.4905884,-91.7033367,207.5990,1,05,2.7,0.13810,159
1304509,41.4905884,-91.7033367,207.5938,1,05,2.7,0.13454,159
1304608,41.4905882,-91.7033366,207.5916,1,21,0.7,0.15003,159
1304754,41.4905882,-91.7033366,207.5916,1,21,0.7,0.15003,159
1305186,41.4905884,-91.7033368,207.5760,1,05,2.7,0.11470,159
1305293,41.4905884,-91.7033368,207.5760,1,05,2.7,0.11470,159
1305587,41.4905884,-91.7033365,207.5782,1,07,2.1,0.26990,159
1305775,41.4905884,-91.7033365,207.5782,1,07,2.1,0.29097,159
1306028,41.4905884,-91.7033365,207.5782,1,07,2.1,0.38824,159
1306152,41.4905886,-91.7033365,207.5630,1,05,7.6,0.35645,159
1306370,41.4905886,-91.7033365,207.5630,1,05,7.6,0.35645,159
1306441,41.4905893,-91.7033366,207.4137,1,05,7.6,0.35645,159
1306503,41.4905893,-91.7033366,207.4137,1,05,7.6,0.35645,159
1306570,41.4905895,-91.7033368,207.3473,1,05,7.6,0.31863,159
1306700,41.4905895,-91.7033368,207.3473,1,05,7.6,0.22849,159
1306802,41.4905894,-91.7033368,207.3861,1,05,7.6,0.21046,159
1306947,41.4905894,-91.7033368,207.3861,1,05,7.6,0.21046,159
1307210,41.4905897,-91.7033372,207.5276,1,06,2.6,0.20088,159
1307358,41.4905897,-91.7033372,207.5276,1,06,2.6,0.20088,159
1307520,41.4905896,-91.7033370,207.5690,1,06,2.6,0.23002,159
1307608,41.4905895,-91.7033370,207.5782,1,06,2.6,0.14957,159
1307761,41.4905895,-91.7033370,207.5782,1,06,2.6,0.14957,159
1308202,41.4905894,-91.7033370,207.5993,1,06,2.6,0.25404,159
1308361,41.4905894,-91.7033370,207.5993,1,06,2.6,0.25404,159
1308929,41.4905914,-91.7033386,207.4745,1,05,7.6,0.36148,159
1309099,41.4905914,-91.7033386,207.4745,1,05,7.6,0.36148,159
1309297,41.4905920,-91.7033385,207.5194,1,06,6.7,0.31715,159
1309399,41.4905920,-91.7033386,207.5408,1,06,6.7,0.36979,159
1309542,41.4905920,-91.7033386,207.5408,1,06,6.7,0.36979,159
1309801,41.4905924,-91.7033386,207.4277,1,21,0.7,0.37370,159
1309948,41.4905924,-91.7033386,207.4277,1,21,0.7,0.37370,159
1310385,41.4905927,-91.7033391,207.5076,1,05,2.4,0.34340,159
1310470,41.4905927,-91.7033391,207.5076,1,05,2.4,0.34340,159
1310719,41.4905928,-91.7033391,207.4971,1,05,2.4,0.30658,159
1310803,41.4905928,-91.7033391,207.4971,1,05,2.4,0.30658,159
1311014,41.4905928,-91.7033392,207.4987,1,05,2.4,0.30658,159
1311169,41.4905928,-91.7033392,207.4987,1,05,2.4,0.30658,159
1311500,41.4905926,-91.7033405,207.3851,1,07,2.0,0.31384,159
1311574,41.4905926,-91.7033403,207.4229,1,07,2.0,0.30950,159
1311905,41.4905926,-91.7033403,207.4090,1,07,2.0,0.30036,159
1312195,41.4905926,-91.7033403,207.4090,1,07,2.0,0.30036,159
1312327,41.4905927,-91.7033404,207.4029,1,07,2.0,0.30036,159
1312577,41.4905927,-91.7033418,207.4002,1,06,2.2,0.3619,159
1312653,41.4905927,-91.7033418,207.4002,1,06,2.2,0.3619,159
1312778,41.4905927,-91.7033418,207.4002,1,06,2.2,0.23364,159
1313004,41.4905927,-91.7033418,207.3681,1,06,2.2,0.18982,159
1313128,41.4905927,-91.7033418,207.3681,1,06,2.2,0.18982,159
1313388,41.4905928,-91.7033419,207.3612,1,06,2.2,0.18982,159
1313474,41.4905928,-91.7033419,207.3612,1,06,2.2,0.18982,159
1313790,41.4905929,-91.7033422,207.2891,1,06,2.2,0.11114,159
1313878,41.4905929,-91.7033422,207.2891,1,06,2.2,0.11114,159
1314195,41.4905929,-91.7033422,207.2592,1,06,2.2,0.14730,159
1314351,41.4905929,-91.7033422,207.2592,1,06,2.2,0.14730,159
1314555,41.4905929,-91.7033422,207.2592,1,06,2.2,0.08722,159
1314816,41.4905930,-91.7033424,207.3541,1,06,2.2,0.08722,159
1314960,41.4905930,-91.7033424,207.3541,1,06,2.2,0.08722,159
1315311,41.4905930,-91.7033424,207.3541,1,06,2.2,0.08722,159
1315598,41.4905935,-91.7033418,207.3634,1,07,1.5,0.06987,159
1315710,41.4905935,-91.7033418,207.3634,1,07,1.5,0.06987,159
1315985,41.4905935,-91.7033418,207.3634,1,07,1.5,0.14478,159
1316297,41.4905932,-91.7033415,207.3499,1,06,2.2,0.14293,159
1316402,41.4905932,-91.7033415,207.3379,1,05,7.6,0.06118,159
1316537,41.4905932,-91.7033415,207.3379,1,05,7.6,0.06118,159
1316756,41.4905935,-91.7033415,207.3053,1,05,7.6,0.10652,159
1316907,41.4905935,-91.7033415,207.3053,1,05,7.6,0.10652,159
1317109,41.4905926,-91.7033405,207.5507,1,06,2.2,0.10652,159
1317242,41.4905926,-91.7033407,207.4750,1,06,2.2,0.14837,159
1317386,41.4905926,-91.7033407,207.4750,1,06,2.2,0.14837,159
1317519,41.4905926,-91.7033406,207.4832,1,06,2.2,0.18734,159
1317612,41.4905927,-91.7033406,207.4944,1,06,2.2,0.22733,159
1317756,41.4905927,-91.7033406,207.4944,1,06,2.2,0.22733,159
1318039,41.4905926,-91.7033406,207.4917,1,06,2.2,0.07372,159
1318307,41.4905926,-91.7033406,207.4917,1,06,2.2,0.07372,159
1318598,41.4905927,-91.7033407,207.4760,1,06,2.2,0.19994,159
1318732,41.4905927,-91.7033407,207.4760,1,06,2.2,0.19994,159
1318895,41.4905926,-91.7033406,207.4907,1,06,2.2,0.24854,159
1319033,41.4905927,-91.7033406,207.4680,1,06,2.2,0.18839,159
1319169,41.4905927,-91.7033406,207.4680,1,06,2.2,0.18839,159
1319405,41.4905923,-91.7033390,207.6250,1,06,2.2,0.04113,159
1319543,41.4905923,-91.7033390,207.6250,1,06,2.2,0.04113,159
1319704,41.4905923,-91.7033390,207.6089,1,06,2.2,0.21932,159
1319808,41.4905923,-91.7033390,207.6294,1,06,2.2,0.08240,159
1319951,41.4905923,-91.7033390,207.6294,1,06,2.2,0.08240,159
1320208,41.4905925,-91.7033388,207.7087,1,05,2.4,0.20631,159
1320353,41.4905925,-91.7033388,207.7087,1,05,2.4,0.20631,159
1320612,41.4905925,-91.7033390,207.6812,1,05,2.4,0.15965,159
1320759,41.4905925,-91.7033390,207.6812,1,05,2.4,0.15965,159
1320911,41.4905924,-91.7033389,207.7162,1,05,2.4,0.13409,159
1321153,41.4905925,-91.7033388,207.7055,1,05,2.4,0.17313,159
1321290,41.4905925,-91.7033388,207.7055,1,05,2.4,0.17313,159
1321499,41.4905930,-91.7033397,207.7211,1,06,2.2,0.17313,159
1321556,41.4905928,-91.7033396,207.7313,1,06,2.2,0.1709739,159
1321803,41.4905930,-91.7033397,207.7297,1,06,2.2,0.11898,159
1321945,41.4905930,-91.7033397,207.7297,1,06,2.2,0.11898,159
1322201,41.4905938,-91.7033404,207.7631,1,05,2.4,0.07395,159
1322348,41.4905938,-91.7033404,207.7631,1,05,2.4,0.07395,159
1322502,41.4905938,-91.7033405,207.7332,1,05,2.4,0.08122,159
1322605,41.4905938,-91.7033404,207.7742,1,05,2.4,0.16150,159
1322754,41.4905938,-91.7033404,207.7742,1,05,2.4,0.16150,159
1323023,41.4905937,-91.7033405,207.7387,1,05,2.4,0.12245,159
1323176,41.4905937,-91.7033405,207.7387,1,05,2.4,0.12245,159
1323409,41.4905951,-91.7033418,207.7997,1,06,1.5,0.07923,159
1323567,41.4905951,-91.7033418,207.7997,1,06,1.5,0.07923,159
1323711,41.4905951,-91.7033419,207.7697,1,06,1.5,0.31221,159
1323929,41.4905951,-91.7033419,207.7585,1,06,1.5,0.26267,159
1324101,41.4905951,-91.7033419,207.7585,1,06,1.5,0.26267,159
1324306,41.4905944,-91.7033428,207.9152,1,06,1.5,0.21930,159
1324399,41.4905944,-91.7033429,207.8938,1,06,1.5,0.12490,159
1324543,41.4905944,-91.7033429,207.8938,1,06,1.5,0.12490,159
1324709,41.4905945,-91.7033429,207.8880,1,06,1.5,0.12797,159
1324802,41.4905945,-91.7033428,207.8928,1,06,1.5,0.08574,159
1324951,41.4905945,-91.7033428,207.8928,1,06,1.5,0.08574,159
1325114,41.4905942,-91.7033434,207.9175,1,07,1.5,0.04623,159
1325209,41.4905943,-91.7033434,207.9218,1,07,1.5,0.01655,159
1325365,41.4905943,-91.7033434,207.9218,1,07,1.5,0.01655,159
1325612,41.4905942,-91.7033434,207.9032,1,07,1.5,0.07663,159
1325773,41.4905942,-91.7033434,207.9032,1,07,1.5,0.07663,159
1325922,41.4905943,-91.7033434,207.9009,1,06,2.2,0.05066,159
1326017,41.4905942,-91.7033434,207.9414,1,06,2.2,0.02534,159
1326178,41.4905942,-91.7033434,207.9414,1,06,2.2,0.02534,159
1326532,41.4905946,-91.7033429,207.9104,1,06,2.2,0.18931,159
1326715,41.4905946,-91.7033429,207.9104,1,06,2.2,0.18931,159
1326796,41.4905947,-91.7033430,207.8953,1,05,7.6,0.08229,159
1326898,41.4905947,-91.7033430,207.8953,1,05,7.6,0.08229,159
1327255,41.4905953,-91.7033433,207.7732,1,05,7.6,0.28165,159
1327553,41.4905944,-91.7033412,208.3259,1,05,7.6,0.18622,159
1327694,41.4905944,-91.7033412,208.3259,1,05,7.6,0.18622,159
1327771,41.4905944,-91.7033412,208.3259,1,05,7.6,0.18622,159
1328012,41.4905943,-91.7033412,208.3237,1,22,0.7,0.26492,159
1328127,41.4905943,-91.7033412,208.3237,1,22,0.7,0.26492,159
1328348,41.4905927,-91.7033404,208.6538,1,05,7.4,0.26492,159
1328454,41.4905927,-91.7033404,208.6538,1,05,7.4,0.26492,159
1328528,41.4905927,-91.7033404,208.6538,1,05,7.4,0.26492,159
1328682,41.4905929,-91.7033404,208.6394,1,05,7.4,0.26492,159
1328820,41.4905929,-91.7033404,208.6394,1,05,7.4,0.26492,159
1329073,41.4905931,-91.7033404,208.6193,1,05,7.4,0.26492,159
1329374,41.4905927,-91.7033398,208.7915,1,06,6.7,0.18404,159
1329532,41.4905927,-91.7033398,208.7915,1,06,6.7,0.18404,159
1329592,41.4905929,-91.7033398,208.7582,1,06,6.7,0.18404,159
1329680,41.4905930,-91.7033397,208.7765,1,06,6.7,0.0313,159
1329741,41.4905930,-91.7033397,208.7765,1,06,6.7,0.0313,159
1329810,41.4905929,-91.7033398,208.7462,1,06,6.7,0.15906,159
1329958,41.4905929,-91.7033398,208.7462,1,06,6.7,0.15906,159
1330247,41.4905932,-91.7033398,208.7515,1,06,6.7,0.15873,159
1330393,41.4905932,-91.7033398,208.7515,1,06,6.7,0.15873,159
1330592,41.4905933,-91.7033397,208.7619,1,06,6.7,0.15873,159
1330700,41.4905933,-91.7033397,208.7619,1,06,6.7,0.15603,159
1330809,41.4905932,-91.7033399,208.7489,1,06,6.7,0.15130,159
1330957,41.4905932,-91.7033399,208.7489,1,06,6.7,0.15130,159
1331480,41.4905946,-91.7033374,208.7827,1,06,6.7,0.11651,159
1331640,41.4905946,-91.7033374,208.7827,1,06,6.7,0.11651,159
1331912,41.4905944,-91.7033374,208.7952,1,05,7.6,0.17091,159
1332135,41.4905945,-91.7033374,208.7944,1,05,7.6,0.26597,159
1332271,41.4905945,-91.7033374,208.7944,1,05,7.6,0.26597,159
1332599,41.4905959,-91.7033369,208.6928,1,05,7.6,0.23238,159
1332740,41.4905959,-91.7033369,208.6928,1,05,7.6,0.23238,159
1332899,41.4905958,-91.7033369,208.6869,1,05,7.6,0.30745,159
1333005,41.4905955,-91.7033369,208.6897,1,05,7.6,0.38219,159
1333124,41.4905955,-91.7033369,208.6897,1,05,7.6,0.38219,159
1333328,41.4905955,-91.7033370,208.6999,1,06,2.2,0.38219,159
1333410,41.4905955,-91.7033370,208.6999,1,06,2.2,0.38219,159
1333573,41.4905955,-91.7033370,208.6999,1,06,2.2,0.38219,159
1333809,41.4905963,-91.7033372,208.6021,1,06,6.7,0.38477,159
1333962,41.4905963,-91.7033372,208.6021,1,06,6.7,0.38477,159
1334107,41.4905994,-91.7033382,208.4001,1,06,6.7,0.39819,159
1334273,41.4905995,-91.7033382,208.4196,1,06,6.7,0.38065,159
1334436,41.4905995,-91.7033382,208.4196,1,06,6.7,0.38065,159
1334713,41.4905997,-91.7033383,208.4005,1,05,7.6,0.31692,159
1334931,41.4905996,-91.7033384,208.3880,1,05,7.6,0.38480,159
1335104,41.4905996,-91.7033384,208.3880,1,05,7.6,0.38480,159
1335293,41.4906006,-91.7033390,208.3473,1,05,7.6,0.38848,159
1335403,41.4906012,-91.7033391,208.2995,1,23,0.6,0.43020,159
1335555,41.4906012,-91.7033391,208.2995,1,23,0.6,0.43020,159
1335805,41.4906013,-91.7033392,208.2437,1,22,0.7,0.47167,159
1335957,41.4906013,-91.7033392,208.2437,1,22,0.7,0.47167,159
1336341,41.4906039,-91.7033405,208.0243,1,23,0.6,0.48470,159
1336513,41.4906039,-91.7033405,208.0243,1,23,0.6,0.48470,159
1336706,41.4906037,-91.7033405,208.0969,1,05,7.5,0.35733,159
1336809,41.4906037,-91.7033405,208.0726,1,23,0.6,0.38416,159
1336967,41.4906037,-91.7033405,208.0726,1,23,0.6,0.38416,159
1337211,41.4906061,-91.7033415,207.7596,1,06,6.7,0.35573,159
1337376,41.4906061,-91.7033415,207.7596,1,06,6.7,0.35573,159
1337507,41.4906057,-91.7033414,207.7678,1,06,6.7,0.35475,159
1337615,41.4906056,-91.7033416,207.7895,1,06,6.7,0.15000,159
1337900,41.4906056,-91.7033416,207.7895,1,06,6.7,0.15000,159
1338180,41.4906058,-91.7033415,207.8056,1,06,6.7,0.19919,159
1338401,41.4906051,-91.7033429,207.8078,1,07,5.4,0.21360,159
1338555,41.4906051,-91.7033429,207.8078,1,07,5.4,0.21360,159
1338700,41.4906055,-91.7033429,207.7917,1,07,5.4,0.35982,159
1338800,41.4906055,-91.7033428,207.7696,1,06,6.7,0.22830,159
1338936,41.4906055,-91.7033428,207.7696,1,06,6.7,0.22830,159
1339190,41.4906053,-91.7033429,207.7855,1,06,6.7,0.20292,159
1339345,41.4906053,-91.7033429,207.7855,1,06,6.7,0.20292,159
1339502,41.4906041,-91.7033448,207.8564,1,06,6.7,0.23033,159
1339608,41.4906043,-91.7033447,207.8538,1,06,6.7,0.33096,159
1339751,41.4906043,-91.7033447,207.8538,1,06,6.7,0.33096,159
1339906,41.4906043,-91.7033447,207.8772,1,06,6.7,0.27709,159
1340016,41.4906047,-91.7033447,207.8067,1,06,6.7,0.25023,159
1340161,41.4906047,-91.7033447,207.8067,1,06,6.7,0.25023,159
1340569,41.4906024,-91.7033461,208.1191,1,07,5.4,0.21012,159
1340826,41.4906018,-91.7033460,208.1828,1,07,5.4,0.17594,160
1340943,41.4906020,-91.7033460,208.1765,1,07,5.4,0.14090,159
1341098,41.4906020,-91.7033460,208.1765,1,07,5.4,0.14090,159
1341246,41.4906020,-91.7033460,208.1507,1,07,5.4,0.14090,160
1341351,41.4906020,-91.7033460,208.1507,1,07,5.4,0.14090,160
1341560,41.4906020,-91.7033460,208.1507,1,07,5.4,0.17959,160
1341699,41.4906035,-91.7033470,208.1260,1,07,5.4,0.13352,160
1341806,41.4906037,-91.7033470,208.1132,1,07,5.4,0.10163,160
1341950,41.4906037,-91.7033470,208.1132,1,07,5.4,0.10163,160
1342211,41.4906047,-91.7033472,208.0127,1,06,6.7,0.10055,160
1342355,41.4906047,-91.7033472,208.0127,1,06,6.7,0.10055,160
1342505,41.4906046,-91.7033471,208.0233,1,06,6.7,0.15058,160
1342608,41.4906047,-91.7033472,207.9951,1,06,6.7,0.19747,160
1342757,41.4906047,-91.7033472,207.9951,1,06,6.7,0.19747,160
1342907,41.4906048,-91.7033472,207.9730,1,06,6.7,0.20087,160
1343020,41.4906056,-91.7033473,207.8974,1,06,6.7,0.07215,160
1343289,41.4906056,-91.7033473,207.8974,1,06,6.7,0.07215,160
1343745,41.4906053,-91.7033468,207.8694,1,06,6.7,0.11216,160
1343900,41.4906053,-91.7033468,207.8694,1,06,6.7,0.11216,160
1344198,41.4906073,-91.7033467,207.5993,1,06,6.7,0.07855,160
1344338,41.4906073,-91.7033467,207.5993,1,06,6.7,0.07855,160
1344472,41.4906072,-91.7033467,207.6016,1,06,6.7,0.13236,160
1344589,41.4906072,-91.7033467,207.6016,1,06,6.7,0.13236,160
1344753,41.4906072,-91.7033467,207.6016,1,06,6.7,0.06557,160
1344991,41.4906074,-91.7033467,207.5970,1,06,6.7,0.06557,160
1345105,41.4906074,-91.7033467,207.5970,1,06,6.7,0.06557,160
1345254,41.4906078,-91.7033463,207.4978,1,06,6.7,0.11744,160
1345409,41.4906080,-91.7033463,207.4515,1,06,6.7,0.11950,160
1345562,41.4906080,-91.7033463,207.4515,1,06,6.7,0.11950,160
1345810,41.4906081,-91.7033463,207.4618,1,06,6.7,0.05880,160
1345966,41.4906081,-91.7033463,207.4618,1,06,6.7,0.05880,160
1346212,41.4906085,-91.7033457,207.3644,1,07,1.5,0.24125,160
1346489,41.4906085,-91.7033457,207.3644,1,07,1.5,0.24125,160
1346713,41.4906084,-91.7033457,207.3799,1,06,6.7,0.17245,160
1346799,41.4906085,-91.7033457,207.3775,1,06,6.7,0.19170,160
1346942,41.4906085,-91.7033457,207.3775,1,06,6.7,0.19170,160
1347201,41.4906090,-91.7033449,207.1496,1,06,6.7,0.17007,160
1347350,41.4906090,-91.7033449,207.1496,1,06,6.7,0.17007,160
1347935,41.4906094,-91.7033449,207.1315,1,06,6.7,0.16835,160
1348021,41.4906094,-91.7033449,207.1315,1,06,6.7,0.16835,160
1348234,41.4906094,-91.7033449,207.1138,1,06,6.7,0.16835,160
1348389,41.4906094,-91.7033449,207.1138,1,06,6.7,0.16835,160
1348465,41.4906094,-91.7033445,206.9281,1,07,1.5,0.16835,160
1348592,41.4906094,-91.7033445,206.9281,1,07,1.5,0.16835,160
1348731,41.4906094,-91.7033445,206.9281,1,07,1.5,0.11209,160
1348960,41.4906099,-91.7033445,206.8810,1,06,6.7,0.11209,160
1349133,41.4906099,-91.7033445,206.8810,1,06,6.7,0.11209,160
1349332,41.4906095,-91.7033445,206.9285,1,06,6.7,0.11209,160
1349541,41.4906079,-91.7033447,206.8572,1,06,6.7,0.11209,160
1349725,41.4906079,-91.7033447,206.8572,1,06,6.7,0.11209,160
1349897,41.4906081,-91.7033448,206.8460,1,07,1.5,0.09212,160
1350003,41.4906081,-91.7033447,206.8558,1,07,1.5,0.06413,160
1350132,41.4906081,-91.7033447,206.8558,1,07,1.5,0.06413,160
1350404,41.4906062,-91.7033451,206.7485,1,08,1.4,0.06413,160
1350558,41.4906062,-91.7033451,206.7485,1,08,1.4,0.06413,160
1350904,41.4906062,-91.7033450,206.7313,1,08,1.4,0.05439,160
1351008,41.4906063,-91.7033450,206.7461,1,07,2.7,0.02865,160
1351123,41.4906063,-91.7033450,206.7461,1,07,2.7,0.02865,160
1351349,41.4906047,-91.7033451,206.6944,1,07,2.7,0.02865,160
1351509,41.4906047,-91.7033451,206.6944,1,07,2.7,0.02865,160
1351585,41.4906047,-91.7033451,206.6944,1,07,2.7,0.02865,160
1351787,41.4906049,-91.7033451,206.6661,1,07,2.7,0.02865,160
1351933,41.4906049,-91.7033451,206.6661,1,07,2.7,0.02865,160
1352011,41.4906049,-91.7033451,206.6661,1,07,2.7,0.12188,160
1352313,41.4906050,-91.7033451,206.6595,1,07,2.7,0.12188,160
1352486,41.4906050,-91.7033451,206.6595,1,07,2.7,0.12188,160
1352698,41.4906033,-91.7033456,206.6681,1,06,6.7,0.12188,160
1352802,41.4906032,-91.7033457,206.6688,1,06,6.7,0.09112,160
1352937,41.4906032,-91.7033457,206.6688,1,06,6.7,0.09112,160
1353191,41.4906029,-91.7033456,206.6841,1,06,6.7,0.13160,160
1353344,41.4906029,-91.7033456,206.6841,1,06,6.7,0.13160,160
1353502,41.4906025,-91.7033459,206.6716,1,06,6.7,0.11087,160
1353607,41.4906025,-91.7033461,206.6924,1,06,6.7,0.11853,160
1353749,41.4906025,-91.7033461,206.6924,1,06,6.7,0.11853,160
1353905,41.4906028,-91.7033459,206.6535,1,05,23.3,0.09846,160
1354012,41.4906029,-91.7033459,206.6420,1,05,23.3,0.11175,160
1354134,41.4906029,-91.7033459,206.6420,1,05,23.3,0.11175,160
1354395,41.4906026,-91.7033454,206.5748,1,05,3.8,0.11175,160
1354520,41.4906026,-91.7033454,206.5748,1,05,3.8,0.11175,160
1354688,41.4906026,-91.7033453,206.5485,1,22,0.6,0.12803,160
1354886,41.4906026,-91.7033453,206.5485,1,22,0.6,0.12803,160
1355156,41.4906024,-91.7033452,206.6091,1,20,0.7,0.02486,160
1355295,41.4906024,-91.7033452,206.6091,1,20,0.7,0.02486,160
1355448,41.4906024,-91.7033452,206.6133,1,20,0.7,0.02486,160
1355596,41.4906015,-91.7033444,206.6430,1,22,0.6,0.02486,160
1355935,41.4906017,-91.7033444,206.6191,1,22,0.6,0.0828112,160
1356009,41.4906017,-91.7033444,206.6191,1,22,0.6,0.0828112,160
1356196,41.4906018,-91.7033444,206.5904,1,21,0.7,0.19626,160
1356347,41.4906018,-91.7033444,206.5904,1,21,0.7,0.19626,159
1356533,41.4906013,-91.7033436,206.6407,1,07,2.2,0.19626,160
1356615,41.4906013,-91.7033436,206.6407,1,07,2.2,0.19626,160
1356815,41.4906013,-91.7033436,206.6309,1,06,2.4,0.05218,160
1356983,41.4906013,-91.7033436,206.6309,1,06,2.4,0.05218,160
1357400,41.4906008,-91.7033423,206.7111,1,07,2.2,0.01923,160
1357541,41.4906008,-91.7033423,206.7111,1,07,2.2,0.01923,160
1357707,41.4906006,-91.7033423,206.7656,1,06,2.4,0.02259,160
1357908,41.4906006,-91.7033423,206.7327,1,06,2.4,0.04092,160
1358122,41.4906007,-91.7033423,206.7469,1,06,2.4,0.04127,160
1358192,41.4906007,-91.7033423,206.7469,1,06,2.4,0.04127,160
1358338,41.4906011,-91.7033423,206.6857,1,06,2.4,0.04127,160
1358436,41.4906011,-91.7033423,206.6857,1,06,2.4,0.04127,160
1358636,41.4906011,-91.7033424,206.6694,1,06,2.4,0.04127,160
1358786,41.4906011,-91.7033424,206.6694,1,06,2.4,0.04127,160
1358876,41.4906011,-91.7033424,206.6557,1,06,2.4,0.04127,160
1359008,41.4906011,-91.7033424,206.6333,1,06,2.4,0.173934,160
1359143,41.4906011,-91.7033424,206.6333,1,06,2.4,0.15973,160
1359363,41.4906011,-91.7033424,206.6333,1,06,2.4,0.15973,160
1359528,41.4906012,-91.7033424,206.6247,1,07,2.2,0.15973,160
1359809,41.4906010,-91.7033424,206.6697,1,06,2.4,0.13324,160
1359971,41.4906010,-91.7033424,206.6697,1,06,2.4,0.13324,160
1360125,41.4905989,-91.7033425,207.2136,1,06,1.6,0.19159,160
1360354,41.4905990,-91.7033425,207.2119,1,06,1.6,0.25242,160
1360650,41.4905990,-91.7033425,207.2119,1,06,1.6,0.25242,160
1360855,41.4905988,-91.7033426,207.2415,1,05,1.9,0.25242,160
1361003,41.4905988,-91.7033426,207.2415,1,05,1.9,0.25242,160
1361090,41.4905981,-91.7033426,207.2979,1,22,0.6,0.25242,160
1361160,41.4905975,-91.7033414,207.2477,1,06,1.8,0.19327,160
1361299,41.4905976,-91.7033415,207.2641,1,06,1.8,0.18866,160
1361403,41.4905976,-91.7033415,207.2427,1,06,1.8,0.14444,160
1361560,41.4905976,-91.7033415,207.2427,1,06,1.8,0.14444,160
1361703,41.4905976,-91.7033414,207.2940,1,06,1.8,0.18442,160
1361810,41.4905976,-91.7033414,207.2787,1,06,1.8,0.19685,160
1361992,41.4905976,-91.7033414,207.2787,1,06,1.8,0.19685,160
1362105,41.4905964,-91.7033406,207.3328,1,06,3.1,0.17060,160
1362209,41.4905964,-91.7033406,207.3545,1,06,3.1,0.16473,160
1362304,41.4905964,-91.7033406,207.3545,1,06,3.1,0.16473,160
1362556,41.4905964,-91.7033406,207.3475,1,06,3.1,0.14893,160
1362812,41.4905963,-91.7033406,207.3665,1,06,3.1,0.1235,160
1363026,41.4905963,-91.7033406,207.3665,1,06,3.1,0.1235,160
1363270,41.4905964,-91.7033406,207.3506,1,06,3.1,0.11222,160
1363574,41.4905966,-91.7033401,207.2902,1,06,3.1,0.08010,160
1363685,41.4905966,-91.7033401,207.2902,1,06,3.1,0.08010,160
1363827,41.4905962,-91.7033400,207.3431,1,06,2.4,0.11085,160
1363901,41.4905961,-91.7033400,207.3602,1,06,2.4,0.06953.1,160
1364009,41.4905962,-91.7033399,207.3623,1,06,2.4,0.07836,160
1364117,41.4905962,-91.7033399,207.3623,1,06,2.4,0.07836,160
1364294,41.4905967,-91.7033405,207.3649,1,05,3.2,0.07836,160
1364399,41.4905967,-91.7033405,207.3649,1,05,3.2,0.07836,160
1364733,41.4905966,-91.7033405,207.3911,1,05,3.2,0.20439,160
1364810,41.4905967,-91.7033405,207.3575,1,05,3.2,0.25752,160
1364907,41.4905967,-91.7033405,207.3575,1,05,3.2,0.25752,160
1365193,41.4905968,-91.7033405,207.3423,1,05,3.2,0.26311,160
1365335,41.4905968,-91.7033405,207.3423,1,05,3.2,0.26181,160
1365421,41.4905980,-91.7033414,207.3206,1,06,1.8,0.26181,160
1365685,41.4905980,-91.7033414,207.3206,1,06,1.8,0.26181,160
1365801,41.4905980,-91.7033414,207.3082,1,06,1.8,0.24328,160
1365933,41.4905980,-91.7033414,207.3082,1,06,1.8,0.24328,160
1366183,41.4905980,-91.7033414,207.3159,1,06,1.8,0.28055,160
1366268,41.4905980,-91.7033414,207.3159,1,06,1.8,0.28055,160
1366545,41.4905991,-91.7033422,207.2719,1,07,1.5,0.29706,160
1366647,41.4905991,-91.7033422,207.2719,1,07,1.5,0.29706,160
1366713,41.4905991,-91.7033422,207.2719,1,07,1.5,0.29706,160
1366806,41.4905990,-91.7033423,207.3013,1,07,1.5,0.29706,160
1366949,41.4905990,-91.7033423,207.3013,1,07,1.5,0.29706,160
1367288,41.4905998,-91.7033433,207.3010,1,07,1.5,0.18587,160
1367441,41.4905998,-91.7033433,207.3010,1,07,1.5,0.18587,160
1367683,41.4906000,-91.7033434,207.2794,1,07,1.5,0.18587,160
1367891,41.4906000,-91.7033434,207.2708,1,07,1.5,0.21112.5,160
1368019,41.4906000,-91.7033434,207.2835,1,07,1.5,0.19919,160
1368168,41.4906000,-91.7033434,207.2835,1,07,1.5,0.19919,160
1368440,41.4906011,-91.7033440,207.2435,1,06,1.5,0.24633,159
1368599,41.4906012,-91.7033441,207.2279,1,07,1.5,0.21307,159
1368741,41.4906012,-91.7033441,207.2279,1,07,1.5,0.21307,159
1368899,41.4906011,-91.7033440,207.2310,1,06,1.5,0.23073,160
1369004,41.4906012,-91.7033440,207.2180,1,07,1.5,0.18799,160
1369122,41.4906012,-91.7033440,207.2180,1,07,1.5,0.18799,160
1369209,41.4906023,-91.7033450,207.2762,1,07,1.5,0.18799,160
1369355,41.4906023,-91.7033450,207.2762,1,07,1.5,0.18799,160
1369505,41.4906024,-91.7033451,207.2690,1,07,1.5,0.19196,160
1369609,41.4906023,-91.7033450,207.2559,1,07,1.5,0.22369,160
1369759,41.4906023,-91.7033450,207.2559,1,07,1.5,0.22369,160
1369907,41.4906024,-91.7033451,207.2538,1,07,1.5,0.19442,160
1370013,41.4906024,-91.7033450,207.2574,1,07,1.5,0.12674,160
1370145,41.4906024,-91.7033450,207.2574,1,07,1.5,0.12674,160
1370411,41.4906024,-91.7033450,207.2574,1,07,1.5,0.12674,160
1370555,41.4906025,-91.7033456,207.2272,1,08,1.4,0.02375,160
1370853,41.4906025,-91.7033456,207.2272,1,08,1.4,0.02375,160
1371084,41.4906026,-91.7033457,207.1952,1,07,1.6,0.02375,160
1371258,41.4906026,-91.7033457,207.1952,1,07,1.6,0.02375,160
1371439,41.4906029,-91.7033456,207.2373,1,06,1.6,0.02375,160
1371578,41.4906029,-91.7033457,207.2422,1,06,1.6,0.1129780,160
1371709,41.4906029,-91.7033457,207.2601,1,06,1.6,0.0772786,160
1371843,41.4906029,-91.7033457,207.2601,1,06,1.6,0.06805,160
1371911,41.4906027,-91.7033457,207.3100,1,05,2.7,0.1101,160
1372016,41.4906028,-91.7033458,207.2978,1,05,2.7,0.10330,160
1372170,41.4906028,-91.7033458,207.2978,1,05,2.7,0.10330,160
1372316,41.4906019,-91.7033454,207.2889,1,07,2.2,0.07182,160
1372412,41.4906019,-91.7033454,207.2867,1,07,2.2,0.09969,160
1372573,41.4906019,-91.7033454,207.2867,1,07,2.2,0.09969,160
1372712,41.4906021,-91.7033454,207.2544,1,07,2.2,0.11257,160
1372815,41.4906020,-91.7033453,207.2548,1,07,2.2,0.10858,160
1372956,41.4906020,-91.7033453,207.2548,1,07,2.2,0.10858,160
1373342,41.4906020,-91.7033454,207.2595,1,07,2.2,0.12845,160
1373452,41.4906012,-91.7033445,207.3435,1,07,2.2,0.12014,160
1373517,41.4906012,-91.7033445,207.3435,1,07,2.2,0.12014,160
1373603,41.4906013,-91.7033444,207.3320,1,07,2.2,0.07482,160
1373734,41.4906013,-91.7033444,207.3320,1,07,2.2,0.07482,160
1373950,41.4906012,-91.7033445,207.3463,1,06,2.5,0.05287,160
1374018,41.4906012,-91.7033445,207.3463,1,06,2.5,0.05287,160
1374373,41.4906014,-91.7033444,207.3267,1,06,2.5,0.05287,160
1374445,41.4906014,-91.7033444,207.3267,1,06,2.5,0.05287,160
1374507,41.4906008,-91.7033433,207.3831,1,06,2.5,0.05330,160
1374609,41.4906009,-91.7033433,207.3779,1,06,2.5,0.08530,160
1374749,41.4906009,-91.7033433,207.3779,1,06,2.5,0.08530,160
1374860,41.4906009,-91.7033433,207.3779,1,06,2.5,0.10886,160
1375016,41.4906008,-91.7033434,207.3790,1,06,2.5,0.04376,160
1375159,41.4906008,-91.7033434,207.3790,1,06,2.5,0.04376,160
1375329,41.4906004,-91.7033427,207.3822,1,06,2.5,0.21216,160
1375534,41.4906004,-91.7033427,207.3770,1,06,2.5,0.21861,160
1375664,41.4906004,-91.7033427,207.3770,1,06,2.5,0.21861,160
1375895,41.4906002,-91.7033427,207.4131,1,06,2.5,0.23990,160
1376025,41.4906004,-91.7033426,207.4025,1,06,2.5,0.22056,159
1376159,41.4906004,-91.7033426,207.4025,1,06,2.5,0.22056,159
1376405,41.4906004,-91.7033424,207.3037,1,06,2.5,0.22348,159
1376541,41.4906004,-91.7033424,207.3037,1,06,2.5,0.22348,159
1376625,41.4906006,-91.7033423,207.2663,1,06,2.5,0.30014,159
1376765,41.4906006,-91.7033423,207.2663,1,06,2.5,0.30014,159
1376905,41.4906005,-91.7033423,207.2830,1,06,2.5,0.25525,160
1377115,41.4906004,-91.7033425,207.2763,1,06,2.5,0.23621,160
1377199,41.4906004,-91.7033425,207.2763,1,06,2.5,0.23621,160
1377441,41.4906004,-91.7033425,207.2763,1,06,2.5,0.23621,160
1377516,41.4906008,-91.7033440,207.2177,1,06,2.5,0.23621,160
1377586,41.4906006,-91.7033440,207.2707,1,06,2.5,0.07258,160
1377692,41.4906008,-91.7033440,207.2481,1,06,2.5,0.08965,160
1377882,41.4906008,-91.7033440,207.2481,1,06,2.5,0.08965,160
1378024,41.4906007,-91.7033440,207.2563,1,06,2.5,0.08991,160
1378174,41.4906007,-91.7033440,207.2563,1,06,2.5,0.08991,160
1378309,41.4906006,-91.7033455,207.1979,1,06,2.5,0.19106,160
1378400,41.4906006,-91.7033455,207.1849,1,06,2.5,0.22469,160
1378549,41.4906006,-91.7033455,207.1849,1,06,2.5,0.22469,160
1378701,41.4906004,-91.7033455,207.2284,1,06,2.5,0.17810,160
1378806,41.4906006,-91.7033454,207.1919,1,06,2.5,0.22481,160
1378959,41.4906006,-91.7033454,207.1919,1,06,2.5,0.22481,160
1379207,41.4906010,-91.7033465,207.1934,1,06,2.5,0.27081,160
1379362,41.4906010,-91.7033465,207.1934,1,06,2.5,0.27081,160
1379580,41.4906012,-91.7033465,207.1709,1,06,2.5,0.21712,160
1379706,41.4906012,-91.7033465,207.1709,1,06,2.5,0.17501,160
1379811,41.4906012,-91.7033464,207.1733,1,06,2.5,0.21174,160
1379970,41.4906012,-91.7033464,207.1733,1,06,2.5,0.21174,160
1380212,41.4906019,-91.7033477,207.1433,1,06,2.5,0.22765,160
1380489,41.4906019,-91.7033477,207.1433,1,06,2.5,0.22765,160
1380745,41.4906020,-91.7033477,207.1216,1,06,2.5,0.22075,160
1380907,41.4906020,-91.7033477,207.1216,1,06,2.5,0.22075,160
1381200,41.4906019,-91.7033476,207.1496,1,06,2.5,0.22075,160
1381349,41.4906019,-91.7033476,207.1496,1,06,2.5,0.22075,160
1381601,41.4906017,-91.7033476,207.1709,1,06,2.5,0.06892,160
1381753,41.4906017,-91.7033476,207.1709,1,06,2.5,0.06892,160
1382011,41.4906019,-91.7033475,207.1432,1,06,2.5,0.09196,160
1382144,41.4906019,-91.7033475,207.1432,1,06,2.5,0.09196,160
1382333,41.4906019,-91.7033475,207.1432,1,06,2.5,0.09196,160
1382553,41.4906007,-91.7033471,207.2223,1,06,2.5,0.09196,160
1382720,41.4906007,-91.7033471,207.2223,1,06,2.5,0.09196,160
1383210,41.4905998,-91.7033469,207.2521,1,06,2.5,0.09850,160
1383373,41.4905998,-91.7033469,207.2521,1,06,2.5,0.09850,160
1383511,41.4905997,-91.7033469,207.2780,1,06,2.5,0.09819,160
1383700,41.4905998,-91.7033470,207.2489,1,06,2.5,0.15600,160
1384028,41.4905998,-91.7033470,207.2489,1,06,2.5,0.15600,160
1384116,41.4905996,-91.7033469,207.2890,1,06,2.5,0.15600,160
1384200,41.4905990,-91.7033459,207.3394,1,06,2.5,0.13202.7,160
1384338,41.4905990,-91.7033459,207.3394,1,06,2.5,0.13202.7,160
1384418,41.4905989,-91.7033461,207.3379,1,06,2.5,0.17028,160
1384555,41.4905989,-91.7033461,207.3379,1,06,2.5,0.17028,160
1384841,41.4905991,-91.7033460,207.3021,1,06,2.5,0.12277,160
1384900,41.4905991,-91.7033460,207.3021,1,06,2.5,0.12277,160
1384971,41.4905990,-91.7033461,207.3339,1,06,2.5,0.12277,160
1385300,41.4905990,-91.7033461,207.3339,1,06,2.5,0.03515,160
1385367,41.4905990,-91.7033461,207.3106,1,06,2.5,0.03515,160
1385509,41.4905990,-91.7033461,207.3106,1,06,2.5,0.07305,160
1385611,41.4905989,-91.7033460,207.3229,1,06,2.5,0.03226,160
1385760,41.4905989,-91.7033460,207.3229,1,06,2.5,0.03226,160
1386015,41.4905987,-91.7033461,207.3521,1,06,2.5,0.08092,159
1386164,41.4905987,-91.7033461,207.3521,1,06,2.5,0.08092,159
1386436,41.4905971,-91.7033446,207.3058,1,06,2.5,0.05250,159
1386553,41.4905970,-91.7033447,207.3035,1,06,2.5,0.07351,160
1386769,41.4905970,-91.7033447,207.3035,1,06,2.5,0.07351,160
1386822,41.4905970,-91.7033447,207.3035,1,06,2.5,0.07351,159
1386881,41.4905971,-91.7033446,207.2920,1,06,2.5,0.07351,159
1387006,41.4905969,-91.7033446,207.3459,1,06,2.5,0.02565,159
1387122,41.4905969,-91.7033446,207.3459,1,06,2.5,0.02565,159
1387265,41.4905958,-91.7033449,207.3004,1,06,2.5,0.02565,159
1387380,41.4905958,-91.7033449,207.3004,1,06,2.5,0.02565,159
1387609,41.4905958,-91.7033449,207.3316,1,06,2.5,0.09869,159
1387754,41.4905958,-91.7033449,207.3316,1,06,2.5,0.09869,159
1388013,41.4905961,-91.7033448,207.3206,1,06,2.5,0.07108,159
1388135,41.4905961,-91.7033448,207.3206,1,06,2.5,0.07108,159
1388359,41.4905945,-91.7033450,207.3998,1,06,2.5,0.07108,159
1388528,41.4905945,-91.7033450,207.3998,1,06,2.5,0.07108,159
1388617,41.4905944,-91.7033452,207.3786,1,06,2.5,0.07108,159
1388901,41.4905944,-91.7033452,207.3786,1,06,2.5,0.07108,159
1389192,41.4905945,-91.7033450,207.3886,1,06,2.5,0.09169,159
1389338,41.4905945,-91.7033450,207.3886,1,06,2.5,0.09169,159
1389744,41.4905947,-91.7033454,207.3389,1,06,2.5,0.15907,159
1389888,41.4905947,-91.7033454,207.3389,1,06,2.5,0.15907,159
1390145,41.4905947,-91.7033454,207.3389,1,06,2.5,0.15907,159
1390299,41.4905947,-91.7033454,207.3461,1,06,2.5,0.15907,159
1390944,41.4905954,-91.7033444,207.3336,1,06,2.5,0.11395,159
1391019,41.4905954,-91.7033444,207.3336,1,06,2.5,0.11395,159
1391259,41.4905953,-91.7033444,207.3326,1,06,2.5,0.11395,159
1391358,41.4905953,-91.7033444,207.3326,1,06,2.5,0.11395,159
1391602,41.4905961,-91.7033438,207.3253,1,06,2.5,0.07725,159
1391762,41.4905961,-91.7033439,207.3351,1,06,2.5,0.07725,159
1391904,41.4905961,-91.7033439,207.3351,1,06,2.5,0.07725,159
1392168,41.4905962,-91.7033438,207.3267,1,06,2.5,3.8,159
1392312,41.4905962,-91.7033438,207.3267,1,06,2.5,0.24170,159
1392532,41.4905955,-91.7033430,207.3267,1,06,2.5,0.30448,159
1392673,41.4905955,-91.7033430,207.3267,1,06,2.5,0.30448,159
1393004,41.4905955,-91.7033429,207.3294,1,06,2.5,0.33118,159
1393127,41.4905955,-91.7033429,207.3294,1,06,2.5,0.33118,159
1393351,41.4905942,-91.7033425,207.3878,1,06,2.5,0.33118,159
1393518,41.4905942,-91.7033425,207.3878,1,06,2.5,0.33118,159
1393597,41.4905942,-91.7033425,207.3878,1,06,2.5,0.33118,159
1393846,41.4905963,-91.7033427,207.1749,1,05,21.9,0.33118,159
1394010,41.4905963,-91.7033427,207.1749,1,05,21.9,0.33118,159
1394361,41.4905930,-91.7033426,207.4551,1,05,21.8,0.23006,159
1394610,41.4905933,-91.7033427,207.4174,1,05,21.8,0.12096,159
1394736,41.4905933,-91.7033427,207.4174,1,05,21.8,0.12096,159
1395130,41.4905936,-91.7033425,207.4079,1,05,21.8,0.04530,159
1395223,41.4905936,-91.7033425,207.4079.78,1,05,21.8,0.04530,159
1395423,41.4905942,-91.7033422,207.3672,1,05,21.8,0.04530,159
1395575,41.4905942,-91.7033422,207.3672,1,05,21.8,0.04530,159
1395935,41.4905940,-91.7033423,207.3698,1,06,2.5,0.19102,159
1396116,41.4905940,-91.7033423,207.3698,1,06,2.5,0.19102,159
1396345,41.4905948,-91.7033423,207.3572,1,06,2.5,0.21872,159
1396549,41.4905948,-91.7033423,207.3572,1,06,2.5,0.21872,159
1396804,41.4905946,-91.7033421,207.4001,1,06,2.5,0.21560,159
1396941,41.4905946,-91.7033421,207.4001,1,06,2.5,0.21560,159
1397193,41.4905947,-91.7033421,207.3600,1,05,2.7,0.20995,159
1397347,41.4905947,-91.7033421,207.3600,1,05,2.7,0.20995,159
1397503,41.4905950,-91.7033415,207.3409,1,05,2.7,0.19980,159
1397610,41.4905951,-91.7033415,207.3326,1,05,2.7,0.19686,159
1397750,41.4905951,-91.7033415,207.3326,1,05,2.7,0.19686,159
1397957,41.4905950,-91.7033414,207.3675,1,05,2.7,0.23522,159
1398034,41.4905951,-91.7033415,207.3563,1,05,2.7,0.23522,160
1398189,41.4905951,-91.7033415,207.3563,1,05,2.7,0.23522,159
1398411,41.4905959,-91.7033404,207.3509,1,05,2.7,0.27113,159
1398559,41.4905959,-91.7033404,207.3509,1,05,2.7,0.27113,159
1398917,41.4905959,-91.7033404,207.3635,1,05,2.7,0.23694,159
1399163,41.4905960,-91.7033405,207.3210,1,05,2.7,0.23694,159
1399313,41.4905960,-91.7033405,207.3210,1,05,2.7,0.23694,159
1399561,41.4905968,-91.7033404,207.3509,1,05,21.6,0.21365,159
1399699,41.4905967,-91.7033405,207.3015,1,05,21.6,4.36,159
1399803,41.4905969,-91.7033406,207.3024,1,05,21.6,0.36251,159
1399916,41.4905969,-91.7033406,207.3024,1,05,21.6,0.36251,159
1400012,41.4905972,-91.7033406,207.2922,1,05,21.6,0.39117,159
1400132,41.4905972,-91.7033406,207.2922,1,05,21.6,0.39117,159
1400390,41.4905988,-91.7033407,207.2985,1,05,21.6,0.39117,159
1400551,41.4905988,-91.7033407,207.2985,1,05,21.6,0.39117,159
1400810,41.4905992,-91.7033408,207.2260,1,05,21.6,0.33664,159
1400930,41.4905992,-91.7033408,207.2260,1,05,21.6,0.33664,159
1401188,41.4905996,-91.7033407,207.2168,1,05,21.6,0.36275,159
1401355,41.4905996,-91.7033407,207.2168,1,05,21.6,0.36275,159
1401532,41.4906002,-91.7033415,207.3792,1,05,21.6,0.42879,159
1401832,41.4906000,-91.7033416,207.4025,1,05,21.6,0.16430,159
1401972,41.4906000,-91.7033416,207.4025,1,05,21.6,0.16430,159
1402200,41.4906020,-91.7033427,207.2443,1,23,0.6,0.20222,159
1402341,41.4906020,-91.7033427,207.2443,1,23,0.6,0.20222,159
1402602,41.4906015,-91.7033426,207.2810,1,23,0.6,0.09510,159
1402745,41.4906015,-91.7033426,207.2810,1,23,0.6,0.09510,159
1403011,41.4906015,-91.7033425,207.3231,1,23,0.6,0.15364,159
1403132,41.4906015,-91.7033425,207.3231,1,23,0.6,0.15364,159
1403352,41.4906008,-91.7033425,207.2956,1,05,3.4,0.15364,159
1403513,41.4906008,-91.7033425,207.2956,1,05,3.4,0.15364,159
1403708,41.4906010,-91.7033426,207.2318,1,05,3.4,0.15364,159
1403809,41.4906010,-91.7033426,207.2236,1,05,3.4,0.38263,159
1403964,41.4906010,-91.7033426,207.2236,1,05,3.4,0.38263,159
1404341,41.4906010,-91.7033426,207.2236,1,05,3.4,0.30413,159
1404553,41.4905981,-91.7033429,207.3787,1,05,3.4,0.30413,159
1404865,41.4905982,-91.7033428,207.3743,1,05,3.4,0.30413,159
1405137,41.4905980,-91.7033430,207.3694,1,05,3.4,0.18478,159
1405279,41.4905980,-91.7033430,207.3694,1,05,3.4,0.18478,159
1405517,41.4905961,-91.7033427,207.3763,1,23,0.6,0.19753,159
1405743,41.4905962,-91.7033427,207.3814,1,23,0.6,0.15471,159
1405910,41.4905962,-91.7033427,207.3814,1,23,0.6,0.15471,159
1406380,41.4905947,-91.7033419,207.3279,1,23,0.6,0.10511,159
1406497,41.4905947,-91.7033419,207.3279,1,23,0.6,0.10511,159
1406722,41.4905952,-91.7033418,207.3172,1,23,0.6,0.13694,159
1406986,41.4905954,-91.7033420,207.2252,1,23,0.6,0.21888,159
1407121,41.4905954,-91.7033420,207.2252,1,23,0.6,0.21888,160
1407366,41.4905943,-91.7033408,207.3079,1,23,0.6,0.14931,160
1407612,41.4905958,-91.7033409,207.1372,1,23,0.6,0.32927,160
1407773,41.4905958,-91.7033409,207.1372,1,23,0.6,0.32927,160
1408017,41.4905958,-91.7033409,207.1402,1,23,0.6,0.29813,160
1408156,41.4905958,-91.7033409,207.1402,1,23,0.6,0.29813,160
1408547,41.4905939,-91.7033415,229.4356343,1,05,3.4,0.29813,160
1408885,41.4905939,-91.7033415,229.4356343,1,05,3.4,0.36788,160
1409111,41.4905942,-91.7033414,207.1771,1,23,0.6,0.36788,160
1409345,41.4905941,-91.7033413,207.2143,1,23,0.6,0.36788,160
1409553,41.4905941,-91.7033413,207.2143,1,23,0.6,0.36788,160
1409703,41.4905933,-91.7033426,207.1415,1,23,0.6,0.40703,160
1409888,41.4905935,-91.7033422,207.2076,1,23,0.6,0.31714,160
1410022,41.4905935,-91.7033422,207.2076,1,23,0.6,0.31714,160
1410341,41.4905937,-91.7033441,207.1429,1,05,3.4,0.31714,160
1410411,41.4905937,-91.7033441,207.1429,1,05,3.4,0.31714,160
1410601,41.4905936,-91.7033440,207.1712,1,05,3.4,0.31714,160
1410759,41.4905936,-91.7033440,207.1712,1,05,3.4,0.31714,160
1410884,41.4905936,-91.7033439,207.1727,1,05,3.4,0.31714,160
1410989,41.4905936,-91.7033439,207.1727,1,05,3.4,0.31714,160
1411128,41.4905937,-91.7033440,207.1621,1,05,3.4,0.31714,160
1411209,41.4905937,-91.7033440,207.1621,1,05,3.4,0.31130,160
1411406,41.4905934,-91.7033466,207.0810,1,05,3.4,0.31130,160
1411689,41.4905934,-91.7033466,207.0810,1,05,3.4,0.31130,160
1412003,41.4905932,-91.7033468,207.0917,1,05,3.4,0.40086,160
1412116,41.4905932,-91.7033468,207.0917,1,05,3.4,0.40086,160
1412204,41.4905922,-91.7033483,207.0277,1,05,3.4,0.40086,160
1412335,41.4905922,-91.7033483,207.0277,1,05,3.4,0.40086,160
1412541,41.4905920,-91.7033481,207.1400,1,05,3.4,0.22275,160
1412605,41.4905920,-91.7033481,207.1400,1,05,3.4,0.22275,160
1412792,41.4905924,-91.7033479,207.0945,1,05,3.4,0.22275,160
1412939,41.4905924,-91.7033479,207.0945,1,05,3.4,0.22275,160
1412996,41.4905920,-91.7033483,207.0685,1,05,3.4,0.22275,160
1413129,41.4905920,-91.7033483,207.0685,1,05,3.4,0.22275,160
1413197,41.4905922,-91.7033481,207.0884,1,05,3.4,0.22275,160
1413337,41.4905922,-91.7033481,207.0884,1,05,3.4,0.22275,160
1413411,41.4905921,-91.7033480,207.1078,1,05,3.4,0.22275,160
1413564,41.4905921,-91.7033480,207.1078,1,05,3.4,0.22275,160
1413688,41.4905920,-91.7033481,207.1057,1,05,3.4,0.22275,160
1413893,41.4905920,-91.7033481,207.1057,1,05,3.4,0.22275,160
1414033,41.4905920,-91.7033479,207.1309,1,05,3.4,0.22275,160
1414272,41.4905920,-91.7033479,207.1309,1,05,3.4,0.41223,160
1414550,41.4905920,-91.7033483,207.0857,1,05,3.4,0.59690,160
1414689,41.4905920,-91.7033483,207.0857,1,05,3.4,0.59690,160
1414906,41.4905920,-91.7033481,207.1587,1,05,3.4,0.58104,160
1415010,41.4905920,-91.7033481,207.1161,1,05,3.4,0.61187,160
1415127,41.4905920,-91.7033481,207.1161,1,05,3.4,0.61187,160
1415214,41.4905919,-91.7033478,207.1954,1,05,3.4,0.61187,160
1415359,41.4905919,-91.7033478,207.1954,1,05,3.4,0.61187,160
1415511,41.4905920,-91.7033479,207.1731,1,05,3.4,0.53338,160
1415612,41.4905920,-91.7033479,207.1629,1,05,3.4,0.47042,160
1415759,41.4905920,-91.7033479,207.1629,1,05,3.4,0.47042,160
1416051,41.4905922,-91.7033479,207.1405,1,05,3.4,0.46819,159
1416172,41.4905922,-91.7033479,207.1405,1,05,3.4,0.46819,159
1416418,41.4905829,-91.7033529,207.1836,1,05,3.4,0.28804,159
1416692,41.4905829,-91.7033529,207.1836,1,05,3.4,0.28804,159
1416934,41.4905829,-91.7033527,207.2063,1,05,3.4,0.20333,159
1417007,41.4905829,-91.7033527,207.2063,1,05,3.4,0.20333,160
1417188,41.4905832,-91.7033527,207.1707,1,05,3.4,0.20333,160
1417336,41.4905832,-91.7033527,207.1707,1,05,3.4,0.20333,160
1417400,41.4905814,-91.7033541,207.2169,1,05,3.4,0.20333,160
1417546,41.4905814,-91.7033541,207.2169,1,05,3.4,0.20333,160
1417743,41.4905814,-91.7033542,207.2208,1,05,3.4,0.20333,160
1417898,41.4905814,-91.7033542,207.2208,1,05,3.4,0.20333,160
1418213,41.4905821,-91.7033544,207.1896,1,05,3.4,0.01762,160
1418366,41.4905821,-91.7033544,207.1896,1,05,3.4,0.01762,160
1418508,41.4905820,-91.7033543,207.1786,1,05,3.4,0.07534,160
1418616,41.4905819,-91.7033544,207.1794,1,05,3.4,0.01977,160
1418771,41.4905819,-91.7033544,207.1794,1,05,3.4,0.01977,160
1418911,41.4905820,-91.7033544,207.1669,1,05,3.4,0.05775,160
1419034,41.4905819,-91.7033544,207.1799,1,05,3.4,0.11926,160
1419310,41.4905819,-91.7033544,207.1799,1,05,3.4,0.11926,160
1419750,41.4905820,-91.7033545,207.1417,1,05,3.4,0.10051,160
1419913,41.4905820,-91.7033545,207.1417,1,05,3.4,0.10051,160
1420346,41.4905811,-91.7033560,207.0662,1,05,3.4,0.17849,160
1420513,41.4905811,-91.7033560,207.0662,1,05,3.4,0.17849,160
1420876,41.4905812,-91.7033559,207.0639,1,05,3.4,0.16838,160
1420999,41.4905812,-91.7033559,207.0639,1,05,3.4,0.16838,160
1421174,41.4905812,-91.7033559,207.0639,1,05,3.4,0.00835,160
1421305,41.4905812,-91.7033559,207.0639,1,05,3.4,0.10331,160
1421411,41.4905805,-91.7033558,207.1494,1,05,3.4,0.16747,160
1421560,41.4905805,-91.7033558,207.1494,1,05,3.4,0.16747,160
1422193,41.4905805,-91.7033557,207.1308,1,05,3.4,0.16689,160
1422347,41.4905805,-91.7033557,207.1308,1,05,3.4,0.16689,160
1422721,41.4905803,-91.7033565,207.0533,1,24,0.6,0.17547,160
1422810,41.4905803,-91.7033565,207.0533,1,24,0.6,0.17547,160
1423393,41.4905804,-91.7033553,207.1592,1,24,0.6,0.19291,160
1423629,41.4905804,-91.7033554,207.1114,1,24,0.6,0.19291,160
1423867,41.4905804,-91.7033554,207.1114,1,24,0.6,0.19291,160
1424008,41.4905805,-91.7033549,207.2424,1,24,0.6,0.15866,160
1424114,41.4905805,-91.7033549,207.2424,1,24,0.6,0.15866,160
1424204,41.4905814,-91.7033549,207.0547,1,24,0.6,0.15866,160
1424341,41.4905814,-91.7033549,207.0547,1,24,0.6,0.15866,160
1424605,41.4905817,-91.7033548,207.0224,1,24,0.6,0.10081,160
1424740,41.4905817,-91.7033548,207.0224,1,24,0.6,0.10081,160
1425016,41.4905814,-91.7033548,207.0819,1,24,0.6,0.10019,160
1425133,41.4905814,-91.7033548,207.0819,1,24,0.6,0.10019,160
1425214,41.4905821,-91.7033541,207.2569,1,24,0.6,0.10019,160
1425355,41.4905821,-91.7033541,207.2569,1,24,0.6,0.10019,160
1425621,41.4905821,-91.7033539,207.2818,1,24,0.6,0.09801,160
1425709,41.4905821,-91.7033539,207.2818,1,24,0.6,0.09801,160
1425944,41.4905822,-91.7033540,207.2514,1,24,0.6,0.09801,160
1426030,41.4905823,-91.7033539,207.2692,1,24,0.6,0.1754M,160
1426301,41.4905823,-91.7033539,207.2692,1,24,0.6,0.1754M,160
1426499,41.4905823,-91.7033536,207.3131,1,23,0.6,0.16013,160
1426707,41.4905822,-91.7033538,207.3062,1,24,0.6,0.11716,160
1426807,41.4905822,-91.7033538,207.3062,1,24,0.6,0.11716,160
1427103,41.4905804,-91.7033541,207.3829,1,24,0.6,0.18651,160
1427284,41.4905804,-91.7033541,207.3939,1,24,0.6,0.08261,160
1427375,41.4905804,-91.7033541,207.3939,1,24,0.6,0.08261,160
1427742,41.4905804,-91.7033541,207.4000,1,24,0.6,0.11938,160
1427906,41.4905804,-91.7033541,207.4000,1,24,0.6,0.11938,160
1428164,41.4905802,-91.7033542,207.3761,1,24,0.6,0.09147,160
1428325,41.4905802,-91.7033542,207.3761,1,24,0.6,0.09147,160
1428509,41.4905784,-91.7033557,207.3819,1,24,0.6,0.09147,160
1428590,41.4905786,-91.7033556,207.3859,1,24,0.6,0.09147,160
1428695,41.4905783,-91.7033559,207.3521,1,24,0.6,0.07093,160
1428776,41.4905783,-91.7033559,207.3521,1,24,0.6,0.07093,160
1429020,41.4905783,-91.7033556,207.4589,1,24,0.6,0.04710,160
1429288,41.4905783,-91.7033556,207.4589,1,24,0.6,0.04710,160
1429703,41.4905763,-91.7033563,207.2784,1,24,0.6,0.07165,160
1429803,41.4905763,-91.7033563,207.2784,1,24,0.6,0.07165,160
1430100,41.4905735,-91.7033554,207.3784,1,24,0.6,0.11568,160
1430205,41.4905733,-91.7033556,207.3546,1,24,0.6,0.09234,160
1430349,41.4905733,-91.7033556,207.3546,1,24,0.6,0.09234,160
1430608,41.4905736,-91.7033553,207.3970,1,24,0.6,0.10184,160
1430754,41.4905736,-91.7033553,207.3970,1,24,0.6,0.10184,160
1431176,41.4905733,-91.7033552,207.4597,1,24,0.6,0.05380,160
1431413,41.4905722,-91.7033544,207.3155,1,24,0.6,0.05228,160
1431566,41.4905722,-91.7033544,207.3155,1,24,0.6,0.05228,160
1431849,41.4905720,-91.7033544,207.3210,1,24,0.6,0.03355,160
1432010,41.4905720,-91.7033544,207.3210,1,24,0.6,0.03355,160
1432216,41.4905707,-91.7033534,207.3004,1,24,0.6,0.10207,160
1432378,41.4905707,-91.7033534,207.3004,1,24,0.6,0.10207,160
1432618,41.4905709,-91.7033531,207.3032,1,24,0.6,0.07346,160
1432901,41.4905709,-91.7033531,207.3032,1,24,0.6,0.07346,160
1433203,41.4905698,-91.7033515,207.3802,1,24,0.6,0.05124,160
1433354,41.4905698,-91.7033515,207.3802,1,24,0.6,0.05124,160
1433789,41.4905698,-91.7033515,207.3688,1,24,0.6,0.09148,160
1433905,41.4905698,-91.7033515,207.3688,1,24,0.6,0.09148,160
1434058,41.4905698,-91.7033517,207.3462,1,24,0.6,0.12859,160
1434208,41.4905685,-91.7033509,207.2914,1,24,0.6,0.20149,160
1434363,41.4905685,-91.7033509,207.2914,1,24,0.6,0.20149,160
1434810,41.4905685,-91.7033508,207.2904,1,24,0.6,0.12419,160
1434967,41.4905685,-91.7033508,207.2904,1,24,0.6,0.12419,160
1435213,41.4905681,-91.7033494,207.2490,1,24,0.6,0.12527,160
1435373,41.4905681,-91.7033494,207.2490,1,24,0.6,0.12527,160
1435616,41.4905681,-91.7033493,207.2582,1,24,0.6,0.16560,160
1435761,41.4905681,-91.7033493,207.2582,1,24,0.6,0.16560,160
1436080,41.4905681,-91.7033495,207.2196,1,24,0.6,0.07387,160
1436231,41.4905681,-91.7033495,207.2196,1,24,0.6,0.07387,160
1436536,41.4905671,-91.7033483,207.4239,1,24,0.6,0.24912,160
1436683,41.4905671,-91.7033483,207.4239,1,24,0.6,0.24912,160
1437070,41.4905669,-91.7033482,207.5333,1,23,0.7,0.17059,160
1437209,41.4905669,-91.7033482,207.5333,1,23,0.7,0.17059,160
1437555,41.4905669,-91.7033480,207.3283,1,24,0.6,0.14325,160
1437895,41.4905667,-93.7033481,207.3288,1,24,0.6,0.12457,160
1438067,41.4905667,-91.7033481,207.3288,1,24,0.6,0.12457,160
1438139,41.4905669,-91.7033477,207.3781,1,24,0.6,0.12247,160
1438219,41.4905663,-91.7033474,207.5155,1,24,0.6,0.0839848,160
1438363,41.4905663,-91.7033474,207.5155,1,24,0.6,0.0839848,160
1438612,41.4905665,-91.7033470,207.5711,1,24,0.6,0.08116,160
1438758,41.4905665,-91.7033470,207.5711,1,24,0.6,0.08116,160
1439166,41.4905666,-91.7033470,207.5654,1,24,0.6,0.04543,160
1439332,41.4905666,-91.7033470,207.5654,1,24,0.6,0.04543,160
1439614,41.4905665,-91.7033467,207.5305,1,24,0.6,0.09646,160
1439766,41.4905665,-91.7033467,207.5305,1,24,0.6,0.09646,160
1440143,41.4905666,-91.7033467,207.5530,1,24,0.6,0.08609,160
1440280,41.4905666,-91.7033467,207.5530,1,24,0.6,0.08609,160
1440517,41.4905671,-91.7033455,207.6649,1,24,0.6,0.20425,160
1440603,41.4905669,-91.7033455,207.6635,1,24,0.6,0.14076,160
1440744,41.4905669,-91.7033455,207.6635,1,24,0.6,0.14076,160
1441011,41.4905669,-91.7033458,207.5883,1,24,0.6,0.10484,160
1441128,41.4905669,-91.7033458,207.5883,1,24,0.6,0.10484,160
1441289,41.4905674,-91.7033443,207.5692,1,24,0.6,0.10484,160
1441394,41.4905674,-91.7033443,207.5692,1,24,0.6,0.10484,160
1441541,41.4905674,-91.7033443,207.5692,1,24,0.6,0.10484,160
1441794,41.4905673,-91.7033443,207.5917,1,24,0.6,0.10484,160
1441954,41.4905673,-91.7033443,207.5917,1,24,0.6,0.10484,160
1442289,41.4905687,-91.7033418,207.6311,1,24,0.6,0.07783,160
1442397,41.4905687,-91.7033418,207.6311,1,24,0.6,0.07783,160
1442941,41.4905686,-91.7033417,207.6503,1,24,0.6,0.11985,160
1443161,41.4905687,-91.7033416,207.6795,1,24,0.6,0.08877,160
1443440,41.4905687,-91.7033416,207.6795,1,24,0.6,0.08877,160
1443587,41.4905688,-91.7033410,207.4322,1,24,0.6,0.08877,160
1443686,41.4905688,-91.7033410,207.4322,1,24,0.6,0.08877,160
1443803,41.4905690,-91.7033408,207.4050,1,23,0.6,0.01160,160
1443947,41.4905690,-91.7033408,207.4050,1,23,0.6,0.01160,160
1444389,41.4905686,-91.7033402,207.4978,1,23,0.6,0.06817,160
1444505,41.4905686,-91.7033402,207.4978,1,23,0.6,0.06817,160
1444738,41.4905688,-91.7033401,207.4975,1,23,0.6,0.06354,160
1444827,41.4905687,-91.7033401,207.5152,1,23,0.6,0.02040.0,160
1444982,41.4905687,-91.7033401,207.5152,1,23,0.6,0.02040.0,160
1445211,41.4905682,-91.7033393,207.4987,1,23,0.6,0.06227,160
1445367,41.4905682,-91.7033393,207.4987,1,23,0.6,0.06227,160
1445777,41.4905682,-91.7033395,207.4228,1,23,0.6,0.30391,160
1445903,41.4905682,-91.7033395,207.4228,1,23,0.6,0.30391,160
1446177,41.4905683,-91.7033395,207.4384,1,23,0.6,0.05821,160
1446497,41.4905693,-91.7033387,207.4846,1,23,0.6,0.21709,160
1446736,41.4905693,-91.7033387,207.4846,1,23,0.6,0.21709,160
1447122,41.4905693,-91.7033387,207.4847,1,23,0.6,0.09931,160
1447282,41.4905693,-91.7033387,207.4847,1,23,0.6,0.09931,160
1447479,41.4905703,-91.7033378,207.5589,1,23,0.6,0.13106,160
1447596,41.4905703,-91.7033378,207.5589,1,23,0.6,0.13106,160
1447998,41.4905702,-91.7033376,207.6444,1,23,0.6,0.29920,160
1448289,41.4905701,-91.7033378,207.5919,1,23,0.6,0.25517,160
1448406,41.4905701,-91.7033378,207.5919,1,23,0.6,0.25517,160
1448759,41.4905698,-91.7033382,207.6773,1,23,0.6,0.23080.1,160
1448957,41.4905698,-91.7033382,207.6773,1,23,0.6,0.23080.1,160
1449144,41.4905698,-91.7033382,207.6773,1,23,0.6,0.17850,160
1449352,41.4905698,-91.7033382,207.6773,1,23,0.6,0.08413,160
1449435,41.4905695,-91.7033378,207.7347,1,23,0.6,0.08413,160
1449525,41.4905695,-91.7033378,207.7347,1,23,0.6,0.08413,160
1449800,41.4905695,-91.7033382,207.6617,1,23,0.6,0.04840,160
1450003,41.4905695,-91.7033382,207.6617,1,23,0.6,0.04840,160
1450238,41.4905697,-91.7033374,207.7108,1,23,0.6,0.04291,160
1450356,41.4905698,-91.7033372,207.7657,1,23,0.6,0.02580,160
1450564,41.4905698,-91.7033372,207.7657,1,23,0.6,0.02580,160
1450700,41.4905699,-93.7033373,207.6997,1,23,0.6,0.02580,160
1450806,41.4905699,-91.7033373,207.6997,1,23,0.6,0.02580,160
1451321,41.4905700,-91.7033365,207.6835,1,23,0.6,0.06890,160
1451408,41.4905700,-91.7033365,207.6674,1,23,0.6,0.13287,160
1451549,41.4905700,-91.7033365,207.6674,1,23,0.6,0.13287,160
1451810,41.4905699,-91.7033364,207.7242,1,23,0.6,0.16989,160
1451953,41.4905699,-91.7033364,207.7242,1,23,0.6,0.16989,160
1452229,41.4905708,-91.7033348,207.7526,1,23,0.6,0.21547,160
1452375,41.4905708,-91.7033348,207.7526,1,23,0.6,0.21547,160
1452615,41.4905710,-91.7033346,207.7473,1,23,0.6,0.08453,160
1452763,41.4905710,-91.7033346,207.7473,1,23,0.6,0.08453,160
1452931,41.4905708,-91.7033346,207.7729,1,23,0.6,0.10627,160
1453023,41.4905707,-91.7033348,207.7530,1,23,0.6,0.10676,160
1453282,41.4905707,-91.7033348,207.7530,1,23,0.6,0.10676,160
1453567,41.4905707,-91.7033348,207.7530,1,23,0.6,0.10676,160
1453699,41.4905714,-91.7033338,207.7967,1,23,0.6,M,160
1453807,41.4905716,-91.7033337,207.7423,1,23,0.6,0.23352,160
1453944,41.4905716,-91.7033337,207.7423,1,23,0.6,0.23352,160
1454538,41.4905719,-91.7033333,207.6507,1,23,0.6,0.22927,160
1454694,41.4905719,-91.7033332,207.6806,1,22,0.7,0.27747,160
1454791,41.4905719,-91.7033332,207.6806,1,22,0.7,0.27747,160
1454933,41.4905719,-91.7033332,207.6806,1,22,0.7,0.27747,160
1455148,41.4905717,-91.7033331,207.7644,1,21,0.7,0.27747,160
1455314,41.4905717,-91.7033331,207.7644,1,21,0.7,0.27747,160
1455520,41.4905716,-91.7033335,207.6143,1,22,0.7,0.27747,160
1455615,41.4905717,-91.7033334,207.6172,1,22,0.7,0.14661,160
1455770,41.4905717,-91.7033334,207.6172,1,22,0.7,0.14661,160
1456192,41.4905716,-91.7033334,207.6364,1,22,0.7,0.09509,160
1456558,41.4905709,-91.7033334,207.6525,1,23,0.6,0.06321,160
1456901,41.4905709,-91.7033334,207.6525,1,23,0.6,0.06321,160
1457219,41.4905707,-91.7033328,207.8522,1,23,0.6,0.06799,160
1457361,41.4905707,-91.7033328,207.8522,1,23,0.6,0.06799,160
1457519,41.4905709,-91.7033324,207.9501,1,23,0.6,0.15842,160
1457602,41.4905708,-91.7033326,207.9201,1,23,0.6,0.04779,160
1457745,41.4905708,-91.7033326,207.9201,1,23,0.6,0.04779,160
1458014,41.4905710,-91.7033325,207.9134,1,22,0.7,0.07683,160
1458138,41.4905710,-91.7033325,207.9134,1,22,0.7,0.07683,160
1458400,41.4905706,-91.7033328,207.8137,1,23,0.6,0.07683,160
1458565,41.4905706,-91.7033328,207.8137,1,23,0.6,0.07683,160
1458709,41.4905704,-91.7033328,207.8612,1,23,0.6,0.13214,160
1458811,41.4905703,-91.7033328,207.8717,1,23,0.6,0.15364,160
1458966,41.4905703,-91.7033328,207.8717,1,23,0.6,0.15364,160
1459215,41.4905700,-91.7033335,207.8593,1,23,0.6,0.07758,160
1459371,41.4905700,-91.7033335,207.8593,1,23,0.6,0.07758,160
1459615,41.4905700,-91.7033334,207.8520,1,23,0.6,0.07542,160
1459892,41.4905700,-91.7033334,207.8520,1,23,0.6,0.07542,160
1460201,41.4905695,-91.7033327,207.9986,1,23,0.6,0.09072,160
1460346,41.4905695,-91.7033327,207.9986,1,23,0.6,0.09072,160
1460688,41.4905694,-91.7033325,208.0751,1,23,0.6,0.10598,160
1460797,41.4905694,-91.7033325,208.0751,1,23,0.6,0.10598,160
1461313,41.4905693,-91.7033323,207.9996,1,23,0.6,0.08788,160
1461578,41.4905693,-91.7033323,208.0379,1,23,0.6,0.00960,160
1461701,41.4905693,-91.7033323,208.0379,1,23,0.6,0.00960,160
1461851,41.4905694,-91.7033322,208.0000,1,23,0.6,0.08036,160
1462016,41.4905693,-91.7033324,208.0046,1,23,0.6,0.03850,160
1462153,41.4905693,-91.7033324,208.0046,1,23,0.6,0.03850,160
1462410,41.4905693,-91.7033324,208.0046,1,23,0.6,0.03850,160
1462687,41.4905695,-91.7033309,207.9751,1,23,0.6,0.15979,160
1462889,41.4905695,-91.7033309,207.9751,1,23,0.6,0.15979,160
1463047,41.4905695,-91.7033306,208.0637,1,23,0.6,0.09124,160
1463317,41.4905698,-91.7033293,208.0236,1,23,0.6,0.05154,160
1463628,41.4905698,-91.7033292,208.0472,1,23,0.6,0.18686,160
1463759,41.4905698,-91.7033292,208.0472,1,23,0.6,0.18686,160
1463936,41.4905697,-91.7033293,208.0549,1,22,0.7,0.18686,160
1464141,41.4905699,-91.7033291,208.0841,1,22,0.7,0.18686,160
1464208,41.4905699,-91.7033291,208.0841,1,22,0.7,0.18686,160
1464532,41.4905710,-91.7033284,208.0281,1,24,0.6,0.18686,160
1464605,41.4905710,-91.7033284,208.0281,1,24,0.6,0.18686,160
1464921,41.4905709,-91.7033284,208.0311,1,24,0.6,0.17412,160
1464992,41.4905709,-91.7033284,208.0311,1,24,0.6,0.17412,160
1465413,41.4905718,-91.7033276,208.0148,1,24,0.6,0.08816,160
1465554,41.4905718,-91.7033276,208.0148,1,24,0.6,0.08816,160
1465815,41.4905718,-91.7033277,207.9710,1,24,0.6,0.05166,160
1465958,41.4905718,-91.7033277,207.9710,1,24,0.6,0.05166,160
1466237,41.4905722,-91.7033268,208.0617,1,24,0.6,0.09356,160
1466416,41.4905724,-91.7033266,208.0669,1,24,0.6,0.08598,160
1466563,41.4905724,-91.7033266,208.0669,1,24,0.6,0.08598,160
1467137,41.4905724,-91.7033267,208.0615,1,24,0.6,0.05014,160
1467299,41.4905724,-91.7033267,208.0615,1,24,0.6,0.05014,160
1467576,41.4905727,-91.7033263,208.0240,1,24,0.6,0.05014,160
1467678,41.4905727,-91.7033263,208.0240,1,24,0.6,0.05014,160
1468008,41.4905725,-91.7033261,208.1316,1,22,0.7,0.21161,160
1468124,41.4905725,-91.7033261,208.1316,1,22,0.7,0.21161,160
1468312,41.4905736,-91.7033261,207.9481,1,24,0.6,0.21161,160
1468417,41.4905736,-91.7033261,207.9481,1,24,0.6,0.21161,160
1468727,41.4905733,-91.7033261,207.9377,1,24,0.6,0.12748,160
1468814,41.4905735,-91.7033262,207.8912,1,24,0.6,0.13075,160
1468956,41.4905735,-91.7033262,207.8912,1,24,0.6,0.13075,160
1469122,41.4905736,-91.7033264,208.1165,1,24,0.6,0.18318,160
1469215,41.4905736,-91.7033264,208.1460,1,24,0.6,0.16507,160
1469361,41.4905736,-91.7033264,208.1460,1,24,0.6,0.16507,160
1469769,41.4905734,-91.7033267,208.0952,1,24,0.6,0.02805,160
1470021,41.4905737,-91.7033265,208.1179,1,22,0.7,0.04045,160
1470287,41.4905737,-91.7033265,208.1179,1,22,0.7,0.04045,160
1470645,41.4905733,-91.7033282,208.0514,1,24,0.6,0.04775,160
1470781,41.4905733,-91.7033282,208.0514,1,24,0.6,0.04775,160
1471031,41.4905734,-91.7033279,208.0919,1,24,0.6,0.08772,160
1471167,41.4905734,-91.7033279,208.0919,1,24,0.6,0.08772,160
1471302,41.4905720,-91.7033293,208.1453,1,05,2.8,0.08772,160
1471409,41.4905719,-91.7033293,208.1565,1,05,2.8,0.09638,160
1471548,41.4905719,-91.7033293,208.1565,1,05,2.8,0.09638,160
1471975,41.4905717,-91.7033293,208.1818,1,05,2.8,0.06291,160
1472214,41.4905707,-91.7033300,208.1516,1,24,0.6,0.04260,160
1472361,41.4905707,-91.7033300,208.1516,1,24,0.6,0.04260,160
1472615,41.4905708,-91.7033297,208.2865,1,05,2.8,0.08493,160
1472900,41.4905708,-91.7033299,208.2314,1,24,0.6,0.11907,160
1473096,41.4905708,-91.7033299,208.2314,1,24,0.6,0.11907,160
1473560,41.4905696,-91.7033304,208.2605,1,05,2.8,0.04577,160
1473731,41.4905696,-91.7033304,208.2605,1,05,2.8,0.04577,160
1474339,41.4905683,-91.7033307,208.0658,1,24,0.6,0.10063,160
1474481,41.4905683,-91.7033307,208.0658,1,24,0.6,0.10063,160
1474743,41.4905684,-91.7033309,208.0281,1,22,0.7,0.11608,160
1474805,41.4905682,-91.7033309,208.0324,1,22,0.7,0.10946,160
1474956,41.4905682,-91.7033309,208.0324,1,22,0.7,0.10946,160
1475118,41.4905672,-91.7033307,208.1409,1,05,2.8,0.08842,160
1475243,41.4905672,-91.7033305,208.1606,1,05,2.8,0.05613,160
1475385,41.4905672,-91.7033305,208.1606,1,05,2.8,0.05613,160
1475614,41.4905674,-91.7033307,208.0319,1,24,0.6,0.09552,160
1475768,41.4905674,-91.7033307,208.0319,1,24,0.6,0.09552,160
1476023,41.4905673,-91.7033307,208.0305,1,24,0.6,0.04829,160
1476179,41.4905673,-91.7033307,208.0305,1,24,0.6,0.04829,160
1476311,41.4905658,-91.7033303,208.0917,1,24,0.6,0.04829,160
1476414,41.4905657,-91.7033303,208.1248,1,23,0.6,0.06645,160
1476573,41.4905657,-91.7033303,208.1248,1,23,0.6,0.06645,160
1476815,41.4905658,-91.7033301,208.1452,1,24,0.6,0.06552,160
1477097,41.4905658,-91.7033301,208.1452,1,24,0.6,0.06552,160
1477401,41.4905648,-91.7033297,208.0510,1,24,0.6,0.14546,160
1477552,41.4905648,-91.7033297,208.0510,1,24,0.6,0.14546,160
1477804,41.4905647,-91.7033297,208.0460,1,24,0.6,0.08586,160
1477952,41.4905647,-91.7033297,208.0460,1,24,0.6,0.08586,160
1478205,41.4905640,-91.7033287,208.0367,1,24,0.6,0.11459,160
1478301,41.4905640,-91.7033287,208.0367,1,24,0.6,0.11459,160
1478647,41.4905640,-91.7033284,208.0791,1,05,3.4,0.14065,160
1478699,41.4905640,-91.7033284,208.0791,1,05,3.4,0.14065,160
1478760,41.4905641,-91.7033285,208.0624,1,05,3.4,0.14065,160
1478865,41.4905639,-91.7033287,208.0490,1,05,3.4,0.14702,160
1478929,41.4905639,-91.7033287,208.0490,1,05,3.4,0.14702,160
1479018,41.4905642,-91.7033286,208.0217,1,05,3.4,0.16338,160
1479159,41.4905642,-91.7033286,208.0217,1,05,3.4,0.16338,160
1479488,41.4905625,-91.7033288,208.0171,1,05,3.4,0.17638,160
1479639,41.4905625,-91.7033288,208.0171,1,05,3.4,0.17638,160
1480034,41.4905622,-91.7033290,208.0466,1,05,3.4,0.17409,160
1480151,41.4905623,-91.7033289,208.0552,1,05,3.4,0.20460,160
1480303,41.4905623,-91.7033289,208.0552,1,05,3.4,0.20460,160
1480444,41.4905614,-91.7033277,208.0649,1,24,0.6,0.20460,160
1480582,41.4905614,-91.7033277,208.0649,1,24,0.6,0.20460,160
1480703,41.4905618,-91.7033276,208.0602,1,24,0.6,0.24687,160
1480808,41.4905618,-91.7033276,208.0692,1,24,0.6,0.16567,160
1480944,41.4905618,-91.7033276,208.0692,1,24,0.6,0.16567,160
1481110,41.4905595,-91.7033267,207.9895,1,24,0.6,0.23314,160
1481211,41.4905593,-91.7033267,207.9953,1,24,0.6,0.24630,160
1481354,41.4905593,-91.7033267,207.9953,1,24,0.6,0.24630,160
1481613,41.4905593,-91.7033266,208.0405,1,24,0.6,0.13149,160
1481757,41.4905593,-91.7033266,208.0405,1,24,0.6,0.13149,160
1482022,41.4905594,-91.7033265,208.0775,1,24,0.6,0.19327,160
1482168,41.4905594,-91.7033265,208.0775,1,24,0.6,0.19327,160
1482418,41.4905573,-91.7033261,208.0154,1,23,0.7,0.19327,160
1482685,41.4905573,-91.7033261,208.0154,1,23,0.7,0.19327,160
1482901,41.4905573,-91.7033260,208.0086,1,24,0.6,0.05130,160
1483009,41.4905571,-91.7033262,207.9967,1,24,0.6,0.08340,160
1483124,41.4905571,-91.7033262,207.9967,1,24,0.6,0.08340,160
1483380,41.4905557,-91.7033257,207.9626,1,23,0.7,0.08340,160
1483493,41.4905557,-91.7033257,207.9626,1,23,0.7,0.08340,160
1483720,41.4905557,-91.7033258,207.9447,1,23,0.7,0.11627,160
1483812,41.4905557,-91.7033259,207.9175,1,24,0.6,0.0844M,160
1483957,41.4905557,-91.7033259,207.9175,1,24,0.6,0.0844M,160
1484393,41.4905543,-91.7033252,207.9666,1,24,0.6,0.09329,160
1484510,41.4905543,-91.7033252,207.9666,1,24,0.6,0.09329,160
1484745,41.4905539,-91.7033252,207.9364,1,23,0.6,0.10600,160
1485003,41.4905544,-91.7033251,207.9038,1,23,0.6,0.03961,160
1485125,41.4905544,-91.7033251,207.9038,1,23,0.6,0.03961,160
1485363,41.4905545,-91.7033243,207.9218,1,24,0.6,0.17880,160
1485700,41.4905544,-91.7033245,207.8942,1,24,0.6,0.14029,160
1485936,41.4905544,-91.7033245,207.8942,1,24,0.6,0.14029,160
1486304,41.4905544,-91.7033239,207.9174,1,23,0.6,0.14029,160
1486576,41.4905545,-91.7033240,207.8939,1,23,0.6,0.07537,160
1486806,41.4905544,-91.7033243,207.7864,1,24,0.6,0.07420,160
1486950,41.4905544,-91.7033243,207.7864,1,24,0.6,0.07420,160
1487423,41.4905544,-91.7033234,207.8267,1,24,0.6,0.10432,160
1487571,41.4905544,-91.7033234,207.8267,1,24,0.6,0.10432,160
1487810,41.4905544,-91.7033235,207.7789,1,23,0.7,0.04637,160
1487963,41.4905544,-91.7033235,207.7789,1,23,0.7,0.04637,160
1488215,41.4905545,-91.7033231,207.8955,1,24,0.6,0.10980,160
1488365,41.4905545,-91.7033231,207.8955,1,24,0.6,0.10980,160
1488631,41.4905546,-91.7033231,207.8635,1,24,0.6,0.07705,160
1488786,41.4905546,-91.7033231,207.8635,1,24,0.6,0.07705,160
1489019,41.4905546,-91.7033231,207.8446,1,24,0.6,0.17819,160
1489151,41.4905546,-91.7033231,207.8446,1,24,0.6,0.17819,160
1489415,41.4905546,-91.7033231,207.8446,1,24,0.6,0.17819,160
1489822,41.4905551,-91.7033229,207.7297,1,24,0.6,0.21055,160
1489957,41.4905551,-91.7033229,207.7297,1,24,0.6,0.21055,160
1490247,41.4905560,-91.7033223,207.8137,1,24,0.6,0.23298,160
1490400,41.4905560,-91.7033223,207.8137,1,24,0.6,0.23298,160
1490711,41.4905560,-91.7033225,207.7514,1,24,0.6,0.22860,160
1490809,41.4905561,-91.7033225,207.7469,1,23,0.6,0.08090,160
1490965,41.4905561,-91.7033225,207.7469,1,23,0.6,0.08090,160
1491224,41.4905565,-91.7033228,207.8443,1,24,0.6,0.17046,160
1491383,41.4905565,-91.7033228,207.8443,1,24,0.6,0.17046,160
1491612,41.4905566,-91.7033224,207.9055,1,24,0.6,0.11546,160
1491753,41.4905566,-91.7033224,207.9055,1,24,0.6,0.11546,160
1492026,41.4905566,-91.7033223,208.0038,1,24,0.6,0.06986,160
1492169,41.4905566,-91.7033223,208.0038,1,24,0.6,0.06986,160
1492418,41.4905572,-91.7033234,207.9234,1,25,0.6,0.06430,160
1492565,41.4905572,-91.7033234,207.9234,1,25,0.6,0.06430,160
1492816,41.4905571,-91.7033230,208.1294,1,25,0.6,0.08177,160
1493081,41.4905571,-91.7033230,208.1294,1,25,0.6,0.08177,160
1493403,41.4905570,-91.7033242,208.1955,1,25,0.6,0.06445,160
1493536,41.4905570,-91.7033242,208.1955,1,25,0.6,0.06445,160
1493803,41.4905571,-91.7033242,208.2153,1,25,0.6,0.11878,160
1493939,41.4905571,-91.7033242,208.2153,1,25,0.6,0.11878,160
1494120,41.4905569,-91.7033250,208.2253,1,25,0.6,0.06875,160
1494211,41.4905570,-91.7033250,208.2305,1,25,0.6,0.01719,160
1494350,41.4905570,-91.7033250,208.2305,1,25,0.6,0.01719,160
1494609,41.4905571,-91.7033249,208.2137,1,25,0.6,0.06675,160
1494752,41.4905571,-91.7033249,208.2137,1,25,0.6,0.06675,160
1495093,41.4905572,-91.7033251,208.1673,1,25,0.6,0.08917,160
1495219,41.4905572,-91.7033251,208.1673,1,25,0.6,0.08917,160
1495409,41.4905577,-91.7033266,208.2394,1,25,0.6,0.08917,160
1495520,41.4905577,-91.7033266,208.2394,1,25,0.6,0.08917,160
1495759,41.4905576,-91.7033268,208.2258,1,25,0.6,0.08917,160
1495933,41.4905576,-91.7033268,208.2258,1,25,0.6,0.08917,160
1496233,41.4905585,-91.7033288,208.0860,1,25,0.6,0.12639,160
1496356,41.4905584,-91.7033288,208.1032,1,25,0.6,0.12758,160
1496507,41.4905584,-91.7033288,208.1032,1,25,0.6,0.12758,160
1496770,41.4905586,-91.7033285,208.1251,1,24,0.6,0.12758,160
1497011,41.4905583,-91.7033285,208.2025,1,25,0.6,0.20283,160
1497129,41.4905583,-91.7033285,208.2025,1,25,0.6,0.20283,160
1497388,41.4905602,-91.7033297,207.7669,1,24,0.6,0.20283,160
1497502,41.4905602,-91.7033297,207.7669,1,24,0.6,0.20283,160
1497742,41.4905599,-91.7033300,207.6878,1,25,0.6,0.21306,160
1498001,41.4905599,-91.7033303,207.6244,1,24,0.6,0.1986M,160
1498119,41.4905599,-91.7033303,207.6244,1,24,0.6,0.1986M,160
1498358,41.4905605,-91.7033305,207.5857,1,25,0.6,0.21729,160
1498455,41.4905605,-91.7033305,207.5857,1,25,0.6,0.22910.1,160
1498529,41.4905606,-91.7033304,207.4794,1,22,0.7,0.22910.1,160
1498623,41.4905606,-91.7033304,207.4574,1,22,0.7,0.14706,160
1498783,41.4905606,-91.7033304,207.4574,1,22,0.7,0.14706,160
1499141,41.4905614,-91.7033295,207.5036,1,21,0.7,0.21781,160
1499280,41.4905614,-91.7033295,207.5036,1,21,0.7,0.21781,160
1499541,41.4905608,-91.7033306,207.3674,1,25,0.6,0.14830,160
1499730,41.4905608,-91.7033306,207.3375,1,25,0.6,0.15510,160
1499885,41.4905608,-91.7033306,207.3375,1,25,0.6,0.15510,160
1500012,41.4905608,-91.7033311,207.2146,1,25,0.6,0.15510,160
1500135,41.4905608,-91.7033311,207.2146,1,25,0.6,0.15510,160
1500397,41.4905614,-91.7033307,207.2315,1,25,0.6,0.15510,160
1500533,41.4905614,-91.7033307,207.2315,1,25,0.6,0.15510,160
1500727,41.4905615,-91.7033306,207.1650,1,25,0.6,0.16973,160
1500950,41.4905616,-91.7033305,207.1599,1,25,0.6,0.18417,160
1501063,41.4905616,-91.7033305,207.1599,1,25,0.6,0.18417,160
1501235,41.4905617,-91.7033306,207.0139,1,25,0.6,0.12220,160
1501394,41.4905617,-91.7033306,207.0139,1,25,0.6,0.12220,160
1501728,41.4905619,-91.7033303,206.9773,1,24,0.6,0.14053,160
1501904,41.4905619,-91.7033303,206.9773,1,24,0.6,0.14053,160
1502302,41.4905617,-91.7033305,207.0327,1,22,0.6,0.14053,160
1502487,41.4905617,-91.7033305,207.0327,1,22,0.6,0.14053,160
1502906,41.4905623,-91.7033300,207.0847,1,25,0.6,0.14053,160
1503023,41.4905623,-91.7033300,207.0847,1,25,0.6,0.14053,160
1503546,41.4905603,-91.7033319,207.1842,1,25,0.6,0.17065,160
1503710,41.4905603,-91.7033319,207.1842,1,25,0.6,0.17065,160
1503995,41.4905596,-91.7033324,207.2645,1,25,0.6,0.17065,160
1504350,41.4905601,-91.7033321,207.1993,1,25,0.6,0.19555,160
1504468,41.4905601,-91.7033321,207.1993,1,25,0.6,0.19555,160
1504736,41.4905601,-91.7033319,207.2171,1,23,0.6,0.11159,160
1504830,41.4905601,-91.7033320,207.2222,1,23,0.6,0.11159,160
1504970,41.4905601,-91.7033320,207.2222,1,23,0.6,0.11159,160
1505527,41.4905602,-91.7033320,207.2154,1,25,0.6,0.18575,160
1505709,41.4905604,-91.7033317,207.2275,1,25,0.6,0.17071,160
1505818,41.4905604,-91.7033317,207.2275,1,25,0.6,0.17071,160
1506116,41.4905597,-91.7033330,207.2329,1,25,0.6,0.06315,160
1506338,41.4905597,-91.7033330,207.2382,1,25,0.6,0.17946,160
1506484,41.4905597,-91.7033330,207.2382,1,25,0.6,0.17946,160
1506805,41.4905601,-91.7033323,207.2997,1,25,0.6,0.11476,160
1506940,41.4905601,-91.7033323,207.2997,1,25,0.6,0.11476,160
1507109,41.4905595,-91.7033328,207.2565,1,25,0.6,0.10494,160
1507209,41.4905595,-91.7033329,207.2583,1,25,0.6,0.10120,160
1507350,41.4905595,-91.7033329,207.2583,1,25,0.6,0.10120,160
1507611,41.4905597,-91.7033328,207.1897,1,25,0.6,0.10954,160
1507753,41.4905597,-91.7033328,207.1897,1,25,0.6,0.10954,160
1508017,41.4905601,-91.7033325,207.0917,1,25,0.6,0.04687,160
1508136,41.4905601,-91.7033325,207.0917,1,25,0.6,0.04687,160
1508392,41.4905597,-91.7033330,207.2212,1,25,0.6,0.04687,160
1508504,41.4905597,-91.7033330,207.2212,1,25,0.6,0.04687,160
1508736,41.4905599,-91.7033329,207.1592,1,24,0.6,0.03803,160
1508999,41.4905600,-91.7033327,207.1116,1,25,0.6,0.04672,160
1509118,41.4905600,-91.7033327,207.1116,1,25,0.6,0.04672,160
1509475,41.4905603,-91.7033327,207.2305,1,25,0.6,0.01239,160
1509760,41.4905607,-91.7033326,207.1353,1,25,0.6,0.15977,160
1509856,41.4905607,-91.7033326,207.1353,1,25,0.6,0.15977,160
1510021,41.4905607,-91.7033326,207.1353,1,25,0.6,0.15977,160
1510148,41.4905607,-91.7033326,207.1353,1,25,0.6,0.15977,160
1510383,41.4905610,-91.7033325,207.0499,1,25,0.6,0.16092,160
1510624,41.4905609,-91.7033326,207.1004,1,25,0.6,0.16736,160
1510769,41.4905609,-91.7033326,207.1004,1,25,0.6,0.16736,160
1511102,41.4905607,-91.7033326,207.0951,1,23,0.6,0.15447,160
1511259,41.4905607,-91.7033326,207.0951,1,23,0.6,0.15447,160
1511376,41.4905607,-91.7033335,207.2521,1,25,0.6,0.15447,160
1511617,41.4905609,-91.7033333,207.2259,1,25,0.6,0.10462,160
1511767,41.4905609,-91.7033333,207.2259,1,25,0.6,0.10462,160
1512044,41.4905610,-91.7033332,207.2056,1,22,0.7,0.10075,160
1512196,41.4905610,-91.7033332,207.2056,1,22,0.7,0.10075,160
1512314,41.4905611,-91.7033350,207.3180,1,25,0.6,72,160
1512537,41.4905610,-91.7033350,207.3488,1,25,0.6,0.06840,160
1512673,41.4905610,-91.7033350,207.3488,1,25,0.6,0.06840,160
1512920,41.4905604,-91.7033354,207.4553,1,25,0.6,0.06135,160
1513120,41.4905603,-91.7033354,207.4767,1,25,0.6,0.14837,160
1513194,41.4905603,-91.7033354,207.4767,1,25,0.6,0.14837,160
1513406,41.4905600,-91.7033356,207.5378,1,25,0.6,0.05951,160
1513553,41.4905600,-91.7033356,207.5378,1,25,0.6,0.05951,160
1513797,41.4905596,-91.7033359,207.6419,1,25,0.6,0.15131,160
1514000,41.4905595,-91.7033360,207.6773,1,25,0.6,0.04675,160
1514117,41.4905595,-91.7033360,207.6773,1,25,0.6,0.04675,160
1514414,41.4905617,-91.7033376,207.3740,1,24,0.6,0.08077,160
1514571,41.4905617,-91.7033376,207.3740,1,24,0.6,0.08077,160
1514814,41.4905615,-91.7033377,207.4217,1,24,0.6,0.06563,160
1514975,41.4905615,-91.7033377,207.4217,1,24,0.6,0.06563,160
1515216,41.4905627,-91.7033375,207.3413,1,25,0.6,0.07137,160
1515377,41.4905627,-91.7033375,207.3413,1,25,0.6,0.07137,160
1515734,41.4905625,-91.7033376,207.3658,1,25,0.6,0.15295,160
1515877,41.4905625,-91.7033376,207.3658,1,25,0.6,0.15295,160
1516100,41.4905634,-91.7033374,207.3474,1,25,0.6,0.04949,160
1516204,41.4905634,-91.7033375,207.3379,1,25,0.6,0.04440,160
1516353,41.4905634,-91.7033375,207.3379,1,25,0.6,0.04440,160
1516758,41.4905637,-91.7033373,207.3124,1,25,0.6,0.05646,160
1516970,41.4905637,-91.7033373,207.3124,1,25,0.6,0.08795,160
1517107,41.4905640,-91.7033372,207.2264,1,25,0.6,0.08795,160
1517424,41.4905648,-91.7033380,207.3146,1,25,0.6,0.08795,160
1517589,41.4905650,-91.7033379,209142.2002,1,25,0.6,0.13460,160
1517909,41.4905657,-91.7033375,207.1310,1,25,0.6,0.18429,160
1518027,41.4905657,-91.7033375,207.1310,1,25,0.6,0.18429,160
1518398,41.4905666,-91.7033380,207.1786,1,25,0.6,0.18429,160
1518574,41.4905666,-91.7033380,207.1786,1,25,0.6,0.18429,160
1518780,41.4905667,-91.7033381,K,1,25,021,0.20881,160
1519026,41.4905671,-91.7033382,206.9108,1,25,0.6,0.30727,160
1519290,41.4905671,-91.7033382,206.9108,1,25,0.6,0.30727,160
1519603,41.4905694,-91.7033392,206.9538,1,25,0.6,0.39036,160
1519736,41.4905694,-91.7033392,206.9538,1,25,0.6,0.39036,160
1520012,41.4905699,-91.7033390,206.7682,1,25,0.6,0.38079,160
1520121,41.4905699,-91.7033390,206.7682,1,25,0.6,0.38079,160
1520208,41.4905707,-91.7033384,206.6073,1,25,0.6,0.38079,160
1520346,41.4905707,-91.7033384,206.6073,1,25,0.6,0.38079,160
1520610,41.4905713,-91.7033382,206.4284,1,22,0.7,0.41689,160
1520751,41.4905713,-91.7033382,206.4284,1,22,0.7,0.41689,160
1521015,41.4905712,-91.7033383,206.4883,1,21,0.7,0.37277,160
1521135,41.4905712,-91.7033383,206.4883,1,21,0.7,0.37277,160
1521389,41.4905712,-91.7033383,206.4964,1,05,2.5,0.37277,160
1521551,41.4905712,-91.7033383,206.4964,1,05,2.5,0.37277,160
1521714,41.4905711,-91.7033384,206.5163,1,05,2.5,0.27201,160
1521818,41.4905710,-91.7033384,206.5108,1,05,2.5,0.23667,160
1521969,41.4905710,-91.7033384,206.5108,1,05,2.5,0.23667,160
1522234,41.4905714,-91.7033382,206.4437,1,05,2.5,0.27071,160
1522350,41.4905712,-91.7033383,206.4463,1,05,2.5,0.27723,160
1522483,41.4905712,-91.7033383,206.4463,1,05,2.5,0.27723,160
1522609,41.4905712,-91.7033383,206.4794,1,05,2.5,0.27723,160
1522791,41.4905712,-91.7033383,206.4794,1,05,2.5,0.27723,160
1522910,41.4905713,-91.7033382,206.4703,1,05,2.5,0.27314,160
1523011,41.4905713,-91.7033383,206.4824,1,05,2.5,0.23118,160
1523125,41.4905713,-91.7033383,206.4824,1,05,2.5,0.23118,160
1523214,41.4905759,-91.7033375,207.1076,1,05,2.5,0.23118,160
1523360,41.4905759,-91.7033375,207.1076,1,05,2.5,0.23118,160
1523612,41.4905760,-91.7033375,207.1149,1,05,2.5,0.22749,160
1523764,41.4905760,-91.7033375,207.1149,1,05,2.5,0.22749,160
1523929,41.4905759,-91.7033375,207.1306,1,05,2.5,0.15316,160
1524020,41.4905760,-91.7033375,207.1214,1,05,2.5,0.11508,160
1524142,41.4905760,-91.7033375,207.1214,1,05,2.5,0.11508,160
1524402,41.4905769,-91.7033360,207.1977,1,23,0.6,0.11508,160
1524689,41.4905769,-91.7033360,207.1977,1,23,0.6,0.11508,160
1525005,41.4905766,-91.7033359,207.3608,1,22,0.7,0.08320,160
1525118,41.4905766,-91.7033359,207.3608,1,22,0.7,0.08320,160
1525209,41.4905771,-91.7033347,207.1557,1,24,0.6,0.08320,160
1525350,41.4905771,-91.7033347,207.1557,1,24,0.6,0.08320,160
1525608,41.4905770,-91.7033347,207.1840,1,24,0.6,0.19682,160
1525752,41.4905770,-91.7033347,207.1840,1,24,0.6,0.19682,160
1526013,41.4905768,-91.7033348,207.2146,1,24,0.6,0.15382,160
1526134,41.4905768,-91.7033348,207.2146,1,24,0.6,0.15382,160
1526391,41.4905776,-91.7033334,207.1706,1,24,0.6,0.15382,160
1526506,41.4905776,-91.7033334,207.1706,1,24,0.6,0.15382,160
1526742,41.4905778,-91.7033334,207.1155,1,24,0.6,0.17153,160
1527003,41.4905775,-91.7033335,207.1658,1,24,0.6,0.13662,160
1527122,41.4905775,-91.7033335,207.1658,1,24,0.6,0.13662,160
1527311,41.4905778,-91.7033326,207.2046,1,05,2.5,0.13642,160
1527397,41.4905779,-91.7033325,207.2008,1,05,2.5,0.13930,160
1527678,41.4905778,-91.7033325,207.2075,1,05,2.5,0.09993,160
1527892,41.4905778,-91.7033325,207.2075,1,05,2.5,0.09993,160
1527980,41.4905779,-91.7033326,207.1891,1,05,2.5,0.09993,160
1528142,41.4905779,-91.7033326,207.1891,1,05,2.5,0.09993,160
1528579,41.4905787,-91.7033318,207.1413,1,05,2.5,0.13073,160
1528743,41.4905787,-91.7033318,207.1413,1,05,2.5,0.13073,160
1528915,41.4905788,-91.7033318,207.1333,1,05,2.5,0.22145,160
1529016,41.4905788,-91.7033318,207.1407,1,05,2.5,0.19823,160
1529144,41.4905788,-91.7033318,207.1407,1,05,2.5,0.19823,160
1529494,41.4905799,-91.7033323,207.0977,1,05,2.5,0.19823,160
1529567,41.4905797,-91.7033324,207.1255,1,05,2.5,0.20076,160
1529814,41.4905797,-91.7033324,207.1252,1,05,2.5,0.11480,160
1529972,41.4905797,-91.7033324,207.1252,1,05,2.5,0.11480,160
1530312,41.4905813,-91.7033335,207.1281,1,05,2.5,0.07057,160
1530417,41.4905813,-91.7033336,207.1105,1,05,2.5,0.05411,160
1530578,41.4905813,-91.7033336,207.1105,1,05,2.5,0.05411,160
1530847,41.4905814,-91.7033336,207.0750,1,05,2.5,0.07581,160
1531307,41.4905821,-91.7033342,207.0651,1,05,2.5,0.04698,160
1531401,41.4905821,-91.7033342,207.0664,1,05,2.5,0.06753,160
1531500,41.4905821,-91.7033342,207.0664,1,05,2.5,0.06753,160
1531779,41.4905821,-91.7033342,207.0664,1,05,2.5,0.08873,160
1532013,41.4905821,-91.7033342,207.0560,1,05,2.5,0.04515,160
1532119,41.4905821,-91.7033342,207.0560,1,05,2.5,0.04515,160
1532211,41.4905821,-91.7033356,207.0313,1,05,2.5,0.04515,160
1532348,41.4905821,-91.7033356,207.0313,1,05,2.5,0.04515,160
1532509,41.4905820,-91.7033356,207.0616,1,05,2.5,0.08994,160
1532612,41.4905821,-91.7033355,207.0407,1,05,2.5,0.19209,160
1532753,41.4905821,-91.7033355,207.0407,1,05,2.5,0.19209,160
1532913,41.4905822,-91.7033355,207.0163,1,05,2.5,0.12420,160
1533022,41.4905822,-91.7033355,207.0152,1,05,2.5,0.10155,160
1533133,41.4905822,-91.7033355,207.0152,1,05,2.5,0.10155,160
1533394,41.4905822,-91.7033371,207.0739,1,05,2.5,0.10155,160
1533590,41.4905822,-91.7033371,207.0739,1,05,2.5,0.10155,160
1533704,41.4905821,-91.7033371,207.1008,1,05,2.5,0.15989,160
1533802,41.4905821,-91.7033373,207.1024,1,05,2.5,0.120577,160
1533927,41.4905821,-91.7033373,207.1024,1,05,2.5,0.120577,160
1534131,41.4905821,-91.7033372,2.11,1,.71,3.21,0.25654,160
1534206,41.4905816,-91.7033387,207.1153,1,05,2.5,0.25654,160
1534342,41.4905816,-91.7033387,207.1153,1,05,2.5,0.25654,160
1534506,41.4905816,-91.7033387,207.0772,1,05,2.5,0.34742,160
1534608,41.4905815,-91.7033388,207.1278,1,05,2.5,0.38838,160
1534752,41.4905815,-91.7033388,207.1278,1,05,2.5,0.38838,160
1534912,41.4905815,-91.7033387,207.1212,1,05,2.5,0.35918,160
1535020,41.4905815,-91.7033387,207.1019,1,05,2.5,0.37089,160
1535171,41.4905815,-91.7033387,207.1019,1,05,2.5,0.37089,160
1535417,41.4905803,-91.7033405,207.2118,1,05,2.5,0.33676,160
1535564,41.4905803,-91.7033405,207.2118,1,05,2.5,0.33676,160
1535818,41.4905804,-91.7033404,207.2116,1,05,2.5,0.37689,160
1536088,41.4905804,-91.7033404,207.2116,1,05,2.5,0.37689,160
1536299,41.4905793,-91.7033415,207.2805,1,05,2.5,0.31130,160
1536403,41.4905793,-91.7033414,207.3073,1,05,2.5,0.31210,160
1536540,41.4905793,-91.7033414,207.3073,1,05,2.5,0.31210,160
1536702,41.4905794,-91.7033414,207.2433,1,05,2.5,0.31942,160
1536899,41.4905793,-91.7033414,207.2703,1,05,2.5,0.25222,160
1537049,41.4905793,-91.7033414,207.2703,1,05,2.5,0.25222,160
1537287,41.4905794,-91.7033414,207.2744,1,05,2.5,0.25222,160
1537558,41.4905790,-91.7033422,207.2376,1,05,2.5,0.20423,160
1537913,41.4905791,-91.7033422,207.2320,1,05,2.5,0.11798,160
1538018,41.4905788,-91.7033422,207.2477,1,05,2.5,0.06953,160
1538133,41.4905788,-91.7033422,207.2477,1,05,2.5,0.06953,160
1538392,41.4905782,-91.7033428,207.2654,1,05,2.5,0.06953,160
1538560,41.4905782,-91.7033428,207.2654,1,05,2.5,0.06953,160
1538797,41.4905782,-91.7033428,207.2654,1,05,2.5,0.04414,160
1539172,41.4905783,-91.7033428,207.2316,1,24,0.6,0.06382,160
1539465,41.4905783,-91.7033428,207.2316,1,24,0.6,0.06382,160
1539804,41.4905775,-91.7033428,207.2277,1,23,0.6,0.21560,160
1539946,41.4905775,-91.7033428,207.2277,1,23,0.6,0.21560,160
1540442,41.4905779,-91.7033433,207.0016,1,05,2.5,0.16906,160
1540589,41.4905779,-91.7033433,207.0016,1,05,2.5,0.16906,160
1540712,41.4905778,-91.7033434,207.0096,1,05,2.5,0.17277,160
1540809,41.4905779,-91.7033434,207.0126,1,05,2.5,0.14673,160
1540960,41.4905779,-91.7033434,207.0126,1,05,2.5,0.14673,160
1541128,41.4905779,-91.7033435,206.9220,1,24,0.6,0.19566,160
1541272,41.4905779,-91.7033434,206.8942,1,05,2.5,0.08045,160
1541436,41.4905779,-91.7033434,206.8942,1,05,2.5,0.08045,160
1541627,41.4905779,-91.7033435,206.8825,1,05,2.5,0.11208,160
1541823,41.4905780,-91.7033434,206.8885,1,24,0.6,0.12331,160
1541981,41.4905780,-91.7033434,206.8885,1,24,0.6,0.12331,160
1542220,41.4905781,-91.7033429,206.7409,1,05,2.5,0.22606,160
1542382,41.4905781,-91.7033429,206.7409,1,05,2.5,0.22606,160
1542643,41.4905779,-91.7033430,206.7611,1,05,2.5,0.17606,160
1542857,41.4905778,-91.7033430,206.7849,1,05,2.5,0.09083,160
1543188,41.4905779,-91.7033430,206.7873,1,05,2.5,0.19445,160
1543328,41.4905779,-91.7033430,206.7873,1,05,2.5,0.19445,160
1543607,41.4905784,-91.7033431,206.6817,1,05,2.5,0.16540,160
1543742,41.4905784,-91.7033431,206.6817,1,05,2.5,0.16540,160
1543903,41.4905785,-91.7033430,206.6645,1,05,2.5,0.02723,160
1544014,41.4905784,-91.7033431,206.6619,1,05,2.5,0.03878,160
1544130,41.4905784,-91.7033431,206.6619,1,05,2.5,0.03878,160
1544217,41.4905790,-91.7033437,206.8452,1,05,2.5,0.03878,160
1544356,41.4905790,-91.7033437,206.8452,1,05,2.5,0.03878,160
1544515,41.4905790,-91.7033437,206.8667,1,05,2.5,0.10873,160
1544614,41.4905790,-91.7033437,206.8701,1,05,2.5,0.09203,160
1544759,41.4905790,-91.7033437,206.8701,1,05,2.5,0.09203,160
1544912,41.4905790,-91.7033437,206.8559,1,05,2.5,0.10846,160
1545058,41.4905789,-91.7033438,206.8552,1,05,2.5,0.13560,160
1545295,41.4905789,-91.7033438,206.8552,1,05,2.5,0.13560,160
1545604,41.4905784,-91.7033448,207.1433,1,05,2.5,0.13560,160
1545740,41.4905784,-91.7033448,207.1433,1,05,2.5,0.13560,160
1545901,41.4905784,-91.7033447,207.1520,1,05,2.5,0.26769,160
1546144,41.4905784,-91.7033447,207.1502,1,05,2.5,0.31472,160
1546298,41.4905784,-91.7033447,207.1502,1,05,2.5,0.31472,160
1546534,41.4905768,-91.7033465,207.6536,1,05,2.5,T,160
1546784,41.4905768,-91.7033464,207.6366,1,05,2.5,0.2074303,160
1546860,41.4905768,-91.7033464,207.6366,1,05,2.5,0.2074303,160
1547017,41.4905768,-91.7033464,207.6630,1,05,2.5,0.21505,160
1547137,41.4905768,-91.7033464,207.6630,1,05,2.5,0.21505,160
1547394,41.4905753,-91.7033481,208.2348,1,05,2.5,0.21505,160
1547472,41.4905753,-91.7033481,208.2348,1,05,2.5,0.21505,160
1547621,41.4905753,-91.7033482,208.2410,1,05,2.5,0.24628,160
1547772,41.4905753,-91.7033482,208.2410,1,05,2.5,0.24628,160
1547920,41.4905751,-91.7033483,208.2640,1,05,2.5,0.19595,160
1548186,41.4905753,-91.7033481,208.2310,1,05,2.5,0.25437,160
1548342,41.4905753,-91.7033481,208.2310,1,05,2.5,0.25437,160
1548411,41.4905743,-91.7033493,208.6960,1,06,2.4,0.25437,160
1548564,41.4905744,-91.7033493,208.7174,1,06,2.4,0.157013,160
1548635,41.4905744,-91.7033493,208.7174,1,06,2.4,0.157013,160
1548713,41.4905742,-91.7033494,208.7313,1,06,2.4,0.157013,160
1548806,41.4905742,-91.7033494,208.7493,1,06,2.4,0.26703,160
1548952,41.4905742,-91.7033494,208.7493,1,06,2.4,0.26703,160
1549213,41.4905736,-91.7033501,209.1164,1,06,2.4,0.16599,160
1549362,41.4905736,-91.7033501,209.1164,1,06,2.4,0.16599,160
1549556,41.4905737,-91.7033500,209.1000,1,06,2.4,0.18265,160
1549680,41.4905737,-91.7033500,209.1000,1,06,2.4,0.13835,160
1549767,41.4905737,-91.7033501,209.1007,1,06,2.4,0.13835,160
1549932,41.4905736,-91.7033501,209.1055,1,05,2.5,0.14122,160
1550170,41.4905737,-91.7033500,209.0834,1,05,2.5,0.13255,160
1550315,41.4905737,-91.7033500,209.0834,1,05,2.5,0.13255,160
1550663,41.4905728,-91.7033512,209.3805,1,05,2.5,0.08781,160
1550908,41.4905729,-91.7033511,209.3628,1,05,2.5,0.05737,160
1551054,41.4905730,-91.7033510,209.3382,1,05,2.5,0.15245,160
1551199,41.4905730,-91.7033510,209.3382,1,05,2.5,0.15245,160
1551466,41.4905734,-91.7033501,209.4324,1,06,2.4,0.15245,160
1551716,41.4905735,-91.7033500,209.4150,1,05,2.5,0.15274,160
1551807,41.4905735,-91.7033501,209.4027,1,05,2.5,0.17790,160
1551960,41.4905735,-91.7033501,209.4027,1,05,2.5,0.17790,160
1552129,41.4905740,-91.7033489,209.3290,1,05,2.5,0.14583,160
1552389,41.4905739,-91.7033489,209.3228,1,05,2.5,0.16084,160
1552561,41.4905739,-91.7033489,209.3228,1,05,2.5,0.16084,160
1552680,41.4905739,-91.7033489,209.3228,1,05,2.5,0.21069,160
1552813,41.4905741,-91.7033489,209.3119,1,05,2.5,0.36451,160
1552973,41.4905741,-91.7033489,209.3119,1,05,2.5,0.36451,160
1553315,41.4905756,-91.7033472,208.8822,1,05,2.5,0.30002,160
1553497,41.4905757,-91.7033473,208.8718,1,05,2.5,0.26249,160
1553785,41.4905757,-91.7033473,208.8718,1,05,2.5,0.26249,160
1553981,41.4905756,-91.7033472,208.8722,1,05,2.5,0.26249,160
1554203,41.4905756,-91.7033451,208.5480,1,05,2.5,0.28528,160
1554353,41.4905756,-91.7033451,208.5480,1,05,2.5,0.28528,160
1554504,41.4905756,-91.7033451,208.5732,1,05,2.5,0.28540,160
1554607,41.4905757,-91.7033451,208.5502,1,05,2.5,0.27276,160
1554761,41.4905757,-91.7033451,208.5502,1,05,2.5,0.27276,160
1555218,41.4905757,-91.7033452,208.5136,1,05,2.5,0.22408,160
1555481,41.4905746,-91.7033438,208.2868,1,05,2.5,0.19837,160
1555630,41.4905746,-91.7033438,208.2868,1,05,2.5,0.19837,160
1555907,41.4905745,-91.7033438,208.2916,1,05,2.5,0.19935,160
1556063,41.4905745,-91.7033438,208.2916,1,05,2.5,0.19935,160
1556152,41.4905745,-91.7033439,208.3089,1,05,2.5,0.19935,160
1556402,41.4905733,-91.7033425,208.0883,1,05,2.5,0.17382,160
1556559,41.4905733,-91.7033425,208.0883,1,05,2.5,0.17382,160
1556685,41.4905733,-91.7033425,208.0883,1,05,2.5,0.16038,160
1556936,41.4905734,-91.7033425,208.0359,1,22,0.7,0.12502,160
1557098,41.4905734,-91.7033425,208.0359,1,22,0.7,0.12502,160
1557303,41.4905738,-91.7033421,207.8600,1,05,4.2,0.19168,160
1557509,41.4905738,-91.7033420,207.8734,1,05,4.2,0.15655,160
1557579,41.4905738,-91.7033420,207.8734,1,05,4.2,0.15655,160
1557808,41.4905738,-91.7033421,207.8154,1,05,4.2,0.12463,160
1557946,41.4905738,-91.7033421,207.8154,1,05,4.2,0.12463,160
1558109,41.4905736,-91.7033415,207.6335,1,05,3.9,0.12814,160
1558212,41.4905737,-91.7033415,207.6016,1,05,3.9,0.14187,160
1558355,41.4905737,-91.7033415,207.6016,1,05,3.9,0.14187,160
1558719,41.4905737,-91.7033416,207.5884,1,24,0.6,0.15332,160
1558829,41.4905737,-91.7033416,207.5884,1,24,0.6,0.15332,160
1559217,41.4905746,-91.7033419,207.1683,1,05,4.2,0.16137,160
1559369,41.4905746,-91.7033419,207.1683,1,05,4.2,0.16137,160
1559530,41.4905744,-91.7033419,207.2489,1,05,4.2,0.08544,160
1559620,41.4905745,-91.7033419,207.1622,1,05,4.2,0.10609,160
1559893,41.4905745,-91.7033419,207.1622,1,05,4.2,0.10609,160
1560262,41.4905748,-91.7033417,2.790,17,2.2,2.191,0.15690,160
1560496,41.4905749,-91.7033416,207.0639,1,23,0.6,0.13840,160
1560593,41.4905749,-91.7033416,207.0639,1,23,0.6,0.13840,160
1560737,41.4905749,-91.7033416,207.0639,1,23,0.6,0.13840,160
1560816,41.4905749,-91.7033417,207.0524,1,22,0.7,0.13840,160
1560961,41.4905749,-91.7033417,207.0524,1,22,0.7,0.13840,160
1561385,41.4905750,-91.7033424,206.9898,1,05,2.8,0.01099,160
1561555,41.4905750,-91.7033424,206.9898,1,05,2.8,0.01099,160
1561710,41.4905749,-91.7033426,206.9612,1,05,2.8,0.07445,160
1561813,41.4905748,-91.7033426,207.0111,1,05,2.8,0.01394,160
1561965,41.4905748,-91.7033426,207.0111,1,05,2.8,0.01394,160
1562218,41.4905742,-91.7033419,207.0330,1,06,2.3,0.03296,160
1562375,41.4905742,-91.7033419,207.0330,1,06,2.3,0.03296,160
1562518,41.4905740,-91.7033420,207.0996,1,06,2.3,0.02800,160
1562644,41.4905741,-91.7033419,207.0858,1,06,2.3,0.02712,160
1562926,41.4905741,-91.7033419,207.0858,1,06,2.3,0.02712,160
1563205,41.4905730,-91.7033409,207.0971,1,06,2.3,0.06759,160
1563348,41.4905730,-91.7033409,207.0971,1,06,2.3,0.06759,160
1563507,41.4905728,-91.7033411,207.1411,1,06,2.3,0.08186,160
1563608,41.4905729,-91.7033411,207.0933,1,05,2.8,0.21078,160
1563755,41.4905729,-91.7033411,207.0933,1,05,2.8,0.21078,160
1564012,41.4905728,-91.7033410,207.1489,1,06,2.7,0.15922,160
1564141,41.4905728,-91.7033410,207.1489,1,06,2.7,0.15922,160
1564315,41.4905728,-91.7033429,207.2826,1,06,2.7,0.15922,160
1564414,41.4905727,-91.7033428,207.3502,1,05,2.8,0.21685,160
1564569,41.4905727,-91.7033428,207.3502,1,05,2.8,0.21685,160
1564817,41.4905726,-91.7033426,207.4111,1,24,0.6,0.21458,160
1564973,41.4905726,-91.7033426,207.4111,1,24,0.6,0.21458,160
1565219,41.4905714,-91.7033439,207.7848,1,24,0.6,0.26011,160
1565377,41.4905714,-91.7033439,207.7848,1,24,0.6,0.26011,160
1565621,41.4905714,-91.7033438,207.7767,1,24,0.6,0.26881,160
1565902,41.4905714,-91.7033438,207.7767,1,24,0.6,0.26881,160
1566388,41.4905711,-91.7033460,207.8576,1,24,0.6,0.10664,160
1566607,41.4905711,-91.7033461,207.8228,1,24,0.6,0.15467,160
1566759,41.4905711,-91.7033461,207.8228,1,24,0.6,0.15467,160
1567108,41.4905715,-91.7033464,207.7802,1,05,2.5,0.17800,160
1567209,41.4905715,-91.7033465,207.7813,1,05,2.5,0.03187,160
1567362,41.4905715,-91.7033465,207.7813,1,05,2.5,0.03187,160
1567608,41.4905715,-91.7033464,207.7883,1,05,2.5,0.04461,160
1567763,41.4905715,-91.7033464,207.7883,1,05,2.5,0.04461,160
1568141,41.4905715,-91.7033464,207.7908,1,05,2.5,0.06112,160
1568322,41.4905715,-91.7033464,207.7908,1,05,2.5,0.06112,160
1568612,41.4905722,-91.7033466,207.5598,1,06,2.3,0.0605743,160
1568754,41.4905722,-91.7033466,207.5598,1,06,2.3,0.0605743,160
1568913,41.4905720,-91.7033467,207.5682,1,05,2.5,0.11548,160
1569117,41.4905721,-91.7033465,207.5696,1,05,2.5,0.15306,160
1569274,41.4905721,-91.7033465,207.5696,1,05,2.5,0.15306,160
1569534,41.4905725,-91.7033435,207.4160,1,06,2.4,0.10910,160
1569695,41.4905725,-91.7033435,207.4160,1,06,2.4,0.10910,160
1569984,41.4905723,-91.7033437,207.4338,1,24,0.6,0.09262,160
1570129,41.4905723,-91.7033437,207.4338,1,24,0.6,0.09262,160
1570209,41.4905722,-91.7033444,207.2524,1,05,2.9,0.06247,160
1570347,41.4905722,-91.7033444,207.2524,1,05,2.9,0.06247,160
1570507,41.4905718,-91.7033446,207.3508,1,05,2.9,0.10417,160
1570612,41.4905720,-91.7033443,207.3538,1,05,2.9,0.17725,160
1570753,41.4905720,-91.7033443,207.3538,1,05,2.9,0.17725,160
1570913,41.4905720,-91.7033443,207.3406,1,05,2.9,0.15728,160
1571020,41.4905721,-91.7033442,207.3681,1,05,2.9,0.11050,160
1571140,41.4905721,-91.7033442,207.3681,1,05,2.9,0.11050,160
1571398,41.4905718,-91.7033444,206.9807,1,05,2.9,0.11050,160
1571557,41.4905718,-91.7033444,206.9807,1,05,2.9,0.11050,160
1571816,41.4905716,-91.7033443,207.0970,1,24,0.6,0.23503,160
1571970,41.4905716,-91.7033443,207.0970,1,24,0.6,0.23503,160
1572438,41.4905712,-91.7033423,206.9789,1,05,4.3,0.15526,160
1572560,41.4905713,-91.7033424,206.9454,1,05,4.3,0.11901,160
1572739,41.4905713,-91.7033424,206.9454,1,05,4.3,0.11901,160
1572833,41.4905713,-91.7033424,206.9454,1,05,4.3,0.11901,160
1573012,41.4905711,-91.7033423,207.0341,1,05,4.3,0.11901,160
1573130,41.4905711,-91.7033423,207.0341,1,05,4.3,0.11901,160
1573340,41.4905704,-91.7033413,207.0942,1,06,2.7,0.11901,160
1573415,41.4905704,-91.7033413,207.0942,1,06,2.7,0.11901,160
1573567,41.4905704,-91.7033413,207.0942,1,06,2.7,0.11901,160
1573813,41.4905707,-91.7033412,206.9757,1,05,4.3,0.10738,160
1573960,41.4905707,-91.7033412,206.9757,1,05,4.3,0.10738,160
1574216,41.4905722,-91.7033415,206.9847,1,05,4.3,0.04826,160
1574364,41.4905722,-91.7033415,206.9847,1,05,4.3,0.04826,160
1574519,41.4905722,-91.7033416,206.9631,1,05,4.3,0.09946,160
1574618,41.4905721,-91.7033414,207.0561,1,05,4.3,0.11269,160
1574770,41.4905721,-91.7033414,207.0561,1,05,4.3,0.11269,160
1575143,41.4905721,-91.7033415,207.0387,1,24,0.6,0.11929,160
1575277,41.4905721,-91.7033415,207.0387,1,24,0.6,0.11929,160
1575517,41.4905724,-91.7033416,207.2432,1,23,0.6,0.07521,160
1575607,41.4905724,-91.7033416,207.2676,1,23,0.6,0.13635,160
1575747,41.4905724,-91.7033416,207.2676,1,23,0.6,0.13635,160
1576013,41.4905725,-91.7033418,207.0941,1,24,0.6,0.09890,160
1576133,41.4905725,-91.7033418,207.0941,1,24,0.6,0.09890,160
1576391,41.4905725,-91.7033415,207.2290,1,05,2.9,0.09890,160
1576472,41.4905725,-91.7033415,207.2290,1,05,2.9,0.09890,160
1576617,41.4905724,-91.7033414,207.3235,1,05,2.9,0.03180,160
1576767,41.4905724,-91.7033414,207.3235,1,05,2.9,0.03180,160
1576915,41.4905725,-91.7033414,207.2463,1,05,2.9,0.04846,160
1577021,41.4905725,-91.7033414,207.2668,1,05,2.9,0.02916,160
1577153,41.4905725,-91.7033414,207.2668,1,05,2.9,0.02916,160
1577540,41.4905730,-91.7033421,207.2832,1,06,2.7,0.09082,160
1577807,41.4905732,-91.7033422,207.1809,1,06,2.7,0.09082,160
1578094,41.4905732,-91.7033422,207.1809,1,06,2.7,0.09082,160
1578262,41.4905730,-91.7033424,207.2029,1,05,3.1,0.17931,160
1578334,41.4905741,-91.7033430,206.9969,1,24,0.6,0.08584,160
1578587,41.4905741,-91.7033429,206.9821,1,24,0.6,0.11007,160
1578708,41.4905741,-91.7033429,206.9821,1,24,0.6,0.11007,160
1578859,41.4905740,-91.7033427,207.0792,1,05,3.1,0.15866,160
1579013,41.4905741,-91.7033429,207.0194,1,24,0.6,0.06985,160
1579140,41.4905741,-91.7033429,207.0194,1,24,0.6,0.06985,160
1579230,41.4905743,-91.7033453,206.9038,1,24,0.6,0.06985,160
1579385,41.4905743,-91.7033453,206.9038,1,24,0.6,0.06985,160
1579699,41.4905743,-91.7033454,206.8030,1,24,0.6,0.16018,160
1579818,41.4905743,-91.7033454,206.8030,1,24,0.6,0.16018,160
1580113,41.4905735,-91.7033468,206.7930,1,05,3.1,0.17712,160
1580232,41.4905736,-91.7033469,206.7257,1,05,3.1,0.16928,160
1580374,41.4905736,-91.7033469,206.7257,1,05,3.1,0.16928,160
1580516,41.4905736,-91.7033468,206.7218,1,05,3.1,0.18683,160
1580738,41.4905737,-91.7033468,206.7200,1,05,3.1,0.22087,160
1580870,41.4905737,-91.7033468,206.7200,1,05,3.1,0.22087,160
1581164,41.4905737,-91.7033468,206.7200,1,05,3.1,0.21218,160
1581374,41.4905737,-91.7033468,206.7200,1,05,3.1,0.21218,160
1581608,41.4905742,-91.7033482,206.3959,1,06,2.7,0.17801,160
1581742,41.4905742,-91.7033482,206.3959,1,06,2.7,0.17801,160
1581908,41.4905741,-91.7033481,206.4805,1,06,2.7,0.23210,160
1582016,41.4905740,-91.7033482,206.4598,1,06,2.7,0.24612,160
1582137,41.4905740,-91.7033482,206.4598,1,06,2.7,0.24612,160
1582348,41.4905755,-91.7033483,206.1229,1,06,2.7,0.24612,160
1582421,41.4905755,-91.7033483,206.1229,1,06,2.7,0.24612,160
1582573,41.4905755,-91.7033483,206.1229,1,06,2.7,0.24612,160
1582815,41.4905756,-91.7033482,206.1044,1,06,2.7,0.26842,160
1582961,41.4905756,-91.7033482,206.1044,1,06,2.7,0.26842,160
1583220,41.4905760,-91.7033491,205.8314,1,06,2.7,0.23531,160
1583367,41.4905760,-91.7033491,205.8314,1,06,2.7,0.23531,160
1583647,41.4905761,-91.7033491,205.7610,1,06,2.7,0.15822,160
1583804,41.4905761,-91.7033491,205.7804,1,06,2.7,0.15160,160
1583910,41.4905761,-91.7033491,205.7804,1,06,2.7,0.15160,160
1584084,41.4905761,-91.7033492,205.7613,1,05,3.1,0.10740,160
1584191,41.4905761,-91.7033492,205.7613,1,05,3.1,0.10740,160
1584350,41.4905761,-91.7033492,205.7613,1,05,3.1,0.10740,160
1584550,41.4905766,-91.7033504,205.5987,1,05,3.1,0.10740,160
1584615,41.4905766,-91.7033504,205.5987,1,05,3.1,0.10740,160
1584808,41.4905765,-91.7033503,205.6248,1,05,3.1,0.10740,160
1584964,41.4905765,-91.7033503,205.6248,1,05,3.1,0.10740,160
1585049,41.4905764,-91.7033502,205.6908,1,05,3.1,0.10740,160
1585203,41.4905764,-91.7033502,205.6908,1,05,3.1,0.10740,160
1585572,41.4905764,-91.7033502,205.6908,1,05,3.1,0.06131,160
1585724,41.4905764,-91.7033502,205.6908,1,05,3.1,0.11228,160
1585818,41.4905763,-91.7033508,205.7346,1,05,3.1,0.19538,160
1585968,41.4905763,-91.7033508,205.7346,1,05,3.1,0.19538,160
1586235,41.4905756,-91.7033517,205.9836,1,05,3.1,0.16334,160
1586361,41.4905757,-91.7033517,205.9873,1,05,3.1,0.11622,160
1586517,41.4905757,-91.7033517,205.9873,1,05,3.1,0.11622,160
1586612,41.4905757,-91.7033517,205.9873,1,05,3.1,0.11622,160
1586755,41.4905758,-91.7033503,205.9540,1,05,3.1,0.11622,160
1586923,41.4905757,-91.7033517,205.9192,1,05,3.1,0.11622,160
1586998,41.4905757,-91.7033517,205.9192,1,05,3.1,0.1611941,160
1587176,41.4905757,-91.7033516,205.9589,1,05,3.1,0.1611941,160
1587318,41.4905757,-91.7033516,205.9589,1,05,3.1,0.1611941,160
1587504,41.4905757,-91.7033516,205.9589,1,05,3.1,0.14635,160
1587581,41.4905756,-91.7033518,206.1836,1,05,3.1,0.1542,160
1587711,41.4905756,-91.7033518,206.1836,1,05,3.1,0.07613,160
1587814,41.4905756,-91.7033517,206.2267,1,05,3.1,0.08451,160
1587968,41.4905756,-91.7033517,206.2267,1,05,3.1,0.08451,160
1588220,41.4905762,-91.7033514,206.4426,1,06,2.7,0.07915,160
1588377,41.4905762,-91.7033514,206.4426,1,06,2.7,0.07915,160
1588637,41.4905764,-91.7033515,206.4073,1,06,2.7,0.10763,160
1588763,41.4905764,-91.7033514,206.4099,1,06,2.7,0.04263,160
1588984,41.4905764,-91.7033514,206.4099,1,06,2.7,0.04263,160
1589129,41.4905765,-91.7033513,206.4315,1,05,3.1,0.04263,160
1589299,41.4905765,-91.7033513,206.4315,1,05,3.1,0.04263,160
1589410,41.4905768,-91.7033513,206.5661,1,06,2.7,0.04263,160
1589559,41.4905768,-91.7033513,206.5661,1,06,2.7,0.04263,160
1589727,41.4905765,-91.7033515,206.6021,1,06,2.7,0.07875,160
1589918,41.4905767,-91.7033514,206.5803,1,06,2.7,0.16304,160
1590004,41.4905767,-91.7033514,206.5803,1,06,2.7,0.16304,160
1590117,41.4905767,-91.7033514,206.5803,1,06,2.7,0.16304,160
1590216,41.4905771,-91.7033516,206.6802,1,06,2.7,0.16304,160
1590374,41.4905771,-91.7033516,206.6802,1,06,2.7,0.16304,160
1590519,41.4905772,-91.7033517,206.6298,1,05,3.1,0.16059,160
1590619,41.4905772,-91.7033517,206.6660,1,05,3.1,0.15889,160
1590784,41.4905772,-91.7033517,206.6660,1,05,3.1,0.15889,160
1591043,41.4905772,-91.7033517,206.6383,1,05,3.1,0.13906,160
1591159,41.4905772,-91.7033518,206.6279,1,05,3.1,0.21621,160
1591335,41.4905772,-91.7033518,206.6279,1,05,3.1,0.21621,160
1591385,41.4905768,-91.7033510,206.8501,1,06,2.7,0.21621,160
1591441,41.4905768,-91.7033510,206.8501,1,06,2.7,0.21621,160
1591607,41.4905768,-91.7033511,206.8461,1,06,2.7,0.08001,160
1591745,41.4905768,-91.7033511,206.8461,1,06,2.7,0.08001,160
1592017,41.4905768,-91.7033511,206.8473,1,05,3.1,0.22141,160
1592134,41.4905768,-91.7033511,206.8473,1,05,3.1,0.22141,160
1592237,41.4905771,-91.7033507,206.6528,1,05,3.1,0.22141,160
1592380,41.4905771,-91.7033507,206.6528,1,05,3.1,0.22141,160
1592512,41.4905771,-91.7033507,206.6840,1,05,3.1,0.15122,160
1592615,41.4905772,-91.7033507,206.6506,1,05,3.1,0.10156,160
1592761,41.4905772,-91.7033507,206.6506,1,05,3.1,0.10156,160
1592919,41.4905770,-91.7033506,206.7189,1,05,3.1,0.11316,160
1593026,41.4905769,-91.7033505,206.7607,1,05,3.1,0.15473,160
1593295,41.4905769,-91.7033505,206.7607,1,05,3.1,0.15473,160
1593514,41.4905769,-91.7033505,206.7607,1,05,3.1,0.15473,160
1593565,41.4905774,-91.7033501,206.4821,1,05,3.1,0.15473,160
1593761,41.4905774,-91.7033500,206.4729,1,05,3.1,0.10506,160
1594201,41.4905775,-91.7033501,206.4160,1,05,3.1,0.14407,160
1594471,41.4905782,-91.7033501,206.2281,1,06,2.4,0.04317,160
1594568,41.4905782,-91.7033501,206.2281,1,06,2.4,0.04317,160
1594946,41.4905780,-91.7033501,206.2280,1,05,3.1,0.10365,160
1595018,41.4905780,-91.7033501,206.2280,1,05,3.1,0.10365,160
1595208,41.4905781,-91.7033498,206.2640,1,05,3.1,0.10365,160
1595357,41.4905781,-91.7033498,206.2640,1,05,3.1,0.10365,160
1595595,41.4905788,-91.7033496,205.9911,1,06,2.7,0.10365,160
1595682,41.4905788,-91.7033496,205.9911,1,06,2.7,0.10365,160
1595941,41.4905789,-91.7033496,206.0093,1,06,2.7,0.09559,160
1596098,41.4905789,-91.7033496,206.0093,1,06,2.7,0.09559,160
1596298,41.4905788,-91.7033496,TG,1,06,2.7,0.09559,160
1596495,41.4905794,-91.7033498,205.7551,1,06,2.7,0.09559,160
1596733,41.4905794,-91.7033500,205.7507,1,06,2.7,0.13683,160
1596795,41.4905794,-91.7033500,205.7507,1,06,2.7,0.13683,160
1596926,41.4905793,-91.7033499,205.7766,1,06,2.7,0.13683,160
1596991,41.4905793,-91.7033499,205.7766,1,06,2.7,0.13683,160
1597211,41.4905787,-91.7033506,205.8362,1,06,2.7,27,160
1597354,41.4905787,-91.7033506,205.8362,1,06,2.7,27,160
1597611,41.4905788,-91.7033506,205.7988,1,06,2.7,0.24575,160
1597761,41.4905788,-91.7033506,205.7988,1,06,2.7,0.24575,160
1598018,41.4905787,-91.7033507,205.8304,1,06,2.7,0.21022,160
1598145,41.4905787,-91.7033507,205.8304,1,06,2.7,0.21022,160
1598416,41.4905786,-91.7033513,206.1307,1,07,2.2,0.21022,160
1598571,41.4905786,-91.7033513,206.1307,1,07,2.2,0.21022,160
1598723,41.4905785,-91.7033513,206.1521,1,07,2.2,0.16912,160
1598820,41.4905786,-91.7033513,206.1167,1,07,2.2,0.08667,160
1598980,41.4905786,-91.7033513,206.1167,1,07,2.2,0.08667,160
1599539,41.4905785,-91.7033516,206.2448,1,06,2.3,0.18577,160
1599681,41.4905785,-91.7033516,206.2448,1,06,2.3,0.18577,160
1599905,41.4905784,-91.7033517,206.2941,1,07,2.2,0.10795,160
1600012,41.4905783,-91.7033518,206.2954,1,07,2.2,0.13739,160
1600136,41.4905783,-91.7033518,206.2954,1,07,2.2,0.13739,160
1600581,41.4905786,-91.7033522,206.5514,1,08,1.4,0.13739,160
1600810,41.4905786,-91.7033523,206.5323,1,06,2.7,0.03224,160
1600965,41.4905786,-91.7033523,206.5323,1,06,2.7,0.03224,160
1601213,41.4905791,-91.7033526,206.5263,1,06,2.7,0.04891,160
1601371,41.4905791,-91.7033526,206.5263,1,06,2.7,0.04891,160
1601516,41.4905791,-91.7033527,206.5244,1,06,2.7,0.04204,160
1601617,41.4905791,-91.7033526,206.5472,1,06,2.7,0.10212,160
1601778,41.4905791,-91.7033526,206.5472,1,06,2.7,0.10212,160
1601925,41.4905791,-91.7033526,206.5669,1,06,2.7,0.04118,160
1602025,41.4905791,-91.7033527,206.5407,1,06,2.7,0.05502,160
1602190,41.4905791,-91.7033527,206.5407,1,06,2.7,0.05502,160
1602443,41.4905803,-91.7033530,206.5068,1,06,2.7,0.04395,160
1602594,41.4905803,-91.7033530,206.5068,1,06,2.7,0.00525,160
1602760,41.4905802,-91.7033530,206.5410,1,06,2.7,0.00525,160
1603004,41.4905803,-91.7033530,206.5137,1,06,2.7,0.00525,160
1603135,41.4905803,-91.7033530,206.5137,1,06,2.7,0.00525,160
1603189,41.4905803,-91.7033530,206.5137,1,06,2.7,0.04582,160
1603410,41.4905814,-91.7033540,206.5187,1,06,2.7,0.03921,160
1603547,41.4905814,-91.7033540,206.5187,1,06,2.7,0.03921,160
1603707,41.4905814,-91.7033540,206.5342,1,06,2.7,0.07657,160
1603812,41.4905814,-91.7033539,206.5089,1,06,2.7,0.03033,160
1603952,41.4905814,-91.7033539,206.5089,1,06,2.7,0.03033,160
1604110,41.4905822,-91.7033545,206.4043,1,06,2.7,0.00814,160
1604217,41.4905821,-91.7033545,206.4226,1,06,2.7,0.04295,160
1604363,41.4905821,-91.7033545,206.4226,1,06,2.7,0.04295,160
1604616,41.4905820,-91.7033545,206.4687,1,07,2.2,0.12804,160
1604765,41.4905820,-91.7033545,206.4687,1,07,2.2,0.12804,160
1605273,41.4905821,-91.7033545,206.4392,1,07,2.2,0.10781,160
1605455,41.4905821,-91.7033545,206.4392,1,07,2.2,0.10781,160
1605608,41.4905835,-91.7033548,206.2826,1,07,2.2,0.10781,160
1605745,41.4905835,-91.7033548,206.2826,1,07,2.2,0.10781,160
1605903,41.4905834,-91.7033548,206.3098,1,07,2.2,0.11562,160
1606014,41.4905834,-91.7033549,206.3175,1,07,2.2,0.07082,160
1606129,41.4905834,-91.7033549,206.3175,1,07,2.2,0.07082,160
1606386,41.4905845,-91.7033547,206.0237,1,08,2.2,0.07082,160
1606470,41.4905845,-91.7033547,206.0237,1,08,2.2,0.07082,160
1606612,41.4905844,-91.7033547,206.0487,1,08,2.2,0.02830,160
1606755,41.4905844,-91.7033547,206.0487,1,08,2.2,0.02830,160
1606929,41.4905845,-91.7033548,206.0268,1,08,2.2,0.02619,160
1607023,41.4905847,-91.7033546,206.0002,1,08,2.2,0.06153,160
1607147,41.4905847,-91.7033546,206.0002,1,08,2.2,0.06153,160
1607234,41.4905845,-91.7033561,206.0023,1,08,2.2,0.06153,160
1607388,41.4905845,-91.7033561,206.0023,1,08,2.2,0.06153,160
1607647,41.4905845,-91.7033561,205.9957,1,08,2.2,0.09399,160
1608011,41.4905845,-91.7033562,205.9990,1,08,2.2,0.17199,160
1608125,41.4905845,-91.7033562,205.9990,1,08,2.2,0.17199,160
1608267,41.4905839,-91.7033572,205.9713,1,08,2.2,0.17199,160
1608378,41.4905839,-91.7033572,205.9713,1,08,2.2,0.17199,160
1608607,41.4905839,-91.7033574,205.9824,1,08,2.2,0.22537,160
1608752,41.4905839,-91.7033574,205.9824,1,08,2.2,0.22537,160
1608910,41.4905839,-91.7033573,205.9626,1,08,2.2,0.29622,160
1609030,41.4905839,-91.7033573,205.9939,1,08,2.2,0.23970,160
1609180,41.4905839,-91.7033573,205.9939,1,08,2.2,0.23970,160
1609311,41.4905824,-91.7033590,206.0954,1,09,1.3,0.25907,160
1609415,41.4905824,-91.7033589,206.1076,1,09,1.3,0.26579,160
1609569,41.4905824,-91.7033589,206.1076,1,09,1.3,0.26579,160
1609818,41.4905823,-91.7033591,206.1203,1,08,2.2,0.29761,160
1609975,41.4905823,-91.7033591,206.1203,1,08,2.2,0.29761,160
1610219,41.4905814,-91.7033604,206.1300,1,07,2.7,0.23227,160
1610498,41.4905814,-91.7033604,206.1300,1,07,2.7,0.23227,160
1610804,41.4905813,-91.7033604,206.1246,1,08,1.4,0.26343,160
1610950,41.4905813,-91.7033604,206.1246,1,08,1.4,0.26343,160
1611109,41.4905800,-91.7033630,206.1914,1,08,1.4,0.07529,160
1611207,41.4905800,-91.7033629,206.1853,1,07,2.7,0.04666,160
1611358,41.4905800,-91.7033629,206.1853,1,07,2.7,0.04666,160
1611510,41.4905799,-91.7033628,206.1910,1,08,1.4,0.06367,160
1611687,41.4905799,-91.7033629,206.1815,1,08,1.4,0.08477,160
1611850,41.4905799,-91.7033629,206.1815,1,08,1.4,0.08477,160
1612193,41.4905801,-91.7033629,206.1870,1,08,1.4,0.11440,160
1612358,41.4905801,-91.7033629,206.1870,1,08,1.4,0.11440,160
1612521,41.4905785,-91.7033657,206.2165,1,08,1.4,0.11796,160
1612651,41.4905786,-91.7033656,206.2178,1,08,1.4,0.04383,160
1612813,41.4905786,-91.7033656,206.2178,1,08,1.4,0.04383,160
1613024,41.4905785,-91.7033657,206.2118,1,08,1.4,0.02659,160
1613186,41.4905785,-91.7033657,206.2118,1,08,1.4,0.02659,160
1613435,41.4905777,-91.7033680,206.2589,1,07,2.7,0.04895,160
1613566,41.4905778,-91.7033679,206.2340,1,07,2.7,0.02146,160
1613685,41.4905778,-91.7033679,206.2340,1,07,2.7,0.02146,160
1613909,41.4905777,-91.7033679,206.2138,1,08,1.4,0.04027,160
1614013,41.4905778,-91.7033679,206.2336,1,07,2.7,0.04727,160
1614141,41.4905778,-91.7033679,206.2336,1,07,2.7,0.04727,160
1614371,41.4905778,-91.7033679,206.2336,1,07,2.7,0.04727,160
1614512,41.4905775,-91.7033695,206.2426,1,08,2.2,0.06684,160
1614736,41.4905775,-91.7033695,206.2673,1,07,2.7,0.02578,160
1614813,41.4905775,-91.7033695,206.2673,1,07,2.7,0.02578,160
1615020,41.4905775,-91.7033694,206.2382,1,07,2.7,0.02578,160
1615143,41.4905775,-91.7033694,206.2382,1,07,2.7,0.02578,160
1615399,41.4905773,-91.7033711,206.3402,1,07,2.7,0.02578,160
1615512,41.4905773,-91.7033711,206.3402,1,07,2.7,0.02578,160
1615709,41.4905775,-91.7033710,206.2948,1,07,2.7,0.02570,160
1615787,41.4905775,-91.7033710,206.2981,1,07,2.7,0.0633,160
1616140,41.4905774,-91.7033710,206.3189,1,07,2.7,0.11986,160
1616271,41.4905774,-91.7033710,206.3189,1,07,2.7,0.11986,160
1616606,41.4905777,-91.7033719,206.3698,1,07,2.2,0.09215,160
1616741,41.4905777,-91.7033719,206.3698,1,07,2.2,0.09215,160
1616907,41.4905779,-91.7033718,206.3450,1,07,2.2,0.13319,160
1617011,41.4905778,-91.7033719,206.3574,1,07,2.2,0.08955,160
1617126,41.4905778,-91.7033719,206.3574,1,07,2.2,0.08955,160
1617214,41.4905787,-91.7033717,206.3775,1,07,2.2,0.08955,160
1617356,41.4905787,-91.7033717,206.3775,1,07,2.2,0.08955,160
1617512,41.4905787,-91.7033717,206.3837,1,07,2.2,0.05913,160
1617623,41.4905785,-91.7033717,206.4173,1,07,2.2,0.04318,160
1617769,41.4905785,-91.7033717,206.4173,1,07,2.2,0.04318,160
1618019,41.4905786,-91.7033718,206.3766,1,07,2.2,0.04960,160
1618143,41.4905786,-91.7033718,206.3766,1,07,2.2,0.04960,160
1618403,41.4905797,-91.7033724,206.4004,1,08,2.2,0.04960,160
1618524,41.4905797,-91.7033724,206.4004,1,08,2.2,0.04960,160
1618892,41.4905798,-91.7033724,206.3510,1,07,2.2,0.04697,160
1619112,41.4905796,-91.7033723,206.4221,1,07,2.2,0.09475.6,160
1619312,41.4905796,-91.7033725,206.4123,1,07,1.4,0.01951,160
1619374,41.4905795,-91.7033725,206.4226,1,07,1.4,0.03639,160
1619608,41.4905796,-91.7033725,206.4199,1,07,1.4,0.06215,160
1619748,41.4905796,-91.7033725,206.4199,1,07,1.4,0.06215,160
1619912,41.4905796,-91.7033724,206.4379,1,07,1.4,0.04385,160
1620016,41.4905796,-91.7033725,206.4016,1,07,1.4,0.05110,160
1620136,41.4905796,-91.7033725,206.4016,1,07,1.4,0.05110,160
1620393,41.4905815,-91.7033729,206.4388,1,08,1.4,0.05110,160
1620472,41.4905815,-91.7033729,206.4388,1,08,1.4,0.05110,160
1620619,41.4905815,-91.7033729,206.4476,1,07,1.4,0.03378,160
1620770,41.4905815,-91.7033729,206.4476,1,07,1.4,0.03378,160
1621158,41.4905814,-91.7033729,206.4312,1,07,1.4,0.04161,160
1621329,41.4905814,-91.7033729,206.4312,1,07,1.4,0.04161,160
1621619,41.4905829,-91.7033736,206.4214,1,07,1.4,0.02122,160
1621895,41.4905829,-91.7033736,206.4214,1,07,1.4,0.02122,160
1622381,41.4905842,-91.7033736,206.4234,1,07,1.4,0.02619,160
1622458,41.4905842,-91.7033736,206.4234,1,07,1.4,0.02619,160
1622580,41.4905841,-91.7033736,206.4392,1,06,2.7,0.03257,160
1622809,41.4905841,-91.7033737,206.4412,1,06,2.7,0.03175,160
1622954,41.4905841,-91.7033737,206.4412,1,06,2.7,0.03175,160
1623211,41.4905849,-91.7033742,206.4590,1,08,2.2,0.06871,160
1623359,41.4905849,-91.7033742,206.4590,1,08,2.2,0.06871,160
1623708,41.4905848,-91.7033744,206.4740,1,08,2.2,0.00898,160
1623812,41.4905848,-91.7033742,206.4860,1,08,2.2,0.03843,160
1623962,41.4905848,-91.7033742,206.4860,1,08,2.2,0.03843,160
1624217,41.4905865,-91.7033747,206.4277,1,07,2.7,0.04208,160
1624374,41.4905865,-91.7033747,206.4277,1,07,2.7,0.04208,160
1624616,41.4905865,-91.7033748,206.4149,1,06,2.7,0.07314,160
1624773,41.4905865,-91.7033748,206.4149,1,06,2.7,0.07314,160
1625027,41.4905864,-91.7033749,206.4325,1,06,2.7,0.07727,160
1625302,41.4905864,-91.7033749,206.4325,1,06,2.7,0.07727,160
1625502,41.4905865,-91.7033748,206.4121,1,06,2.7,0.07727,160
1625604,41.4905864,-91.7033747,206.4052,1,06,2.7,0.05169,160
1625753,41.4905864,-91.7033747,206.4052,1,06,2.7,0.05169,160
1625904,41.4905865,-91.7033747,206.4169,1,06,2.7,0.03641,160
1626014,41.4905865,-91.7033747,206.4232,1,06,2.7,0.06916,160
1626141,41.4905865,-91.7033747,206.4232,1,06,2.7,0.06916,160
1626314,41.4905881,-91.7033754,206.4277,1,06,2.7,0.06916,160
1626411,41.4905880,-91.7033755,206.4539,1,05,2.8,0.08551,160
1626592,41.4905880,-91.7033755,206.4539,1,05,2.8,0.08551,160
1626814,41.4905882,-91.7033754,206.4276,1,05,2.8,0.09849,160
1626952,41.4905882,-91.7033754,206.4276,1,05,2.8,0.09849,160
1627215,41.4905885,-91.7033758,206.4346,1,05,2.8,0.09650,160
1627356,41.4905885,-91.7033758,206.4346,1,05,2.8,0.09650,160
1627516,41.4905885,-91.7033757,206.4414,1,05,2.8,0.08949,160
1627618,41.4905885,-91.7033758,206.4328,1,05,2.8,0.11625,160
1627877,41.4905885,-91.7033758,206.4328,1,05,2.8,0.11625,160
1628194,41.4905886,-91.7033757,206.4279,1,05,2.8,0.11025,160
1628309,41.4905886,-91.7033757,206.4279,1,05,2.8,0.11025,160
1628497,41.4905887,-91.7033764,206.4708,1,06,2.7,0.04844,160
1628562,41.4905888,-91.7033763,206.4572,1,06,2.7,0.0491744,160
1628698,41.4905887,-93.7033764,206.4332,1,06,2.7,0.05079,160
1628766,41.4905887,-91.7033764,206.4332,1,06,2.7,0.05079,160
1628836,41.4905887,-91.7033763,206.4574,1,06,2.7,0.05079,160
1628901,41.4905887,-91.7033763,206.4482,1,06,2.7,0.02595,160
1628963,41.4905885,-91.7033764,206.4739,1,06,2.7,0.02595,160
1629182,41.4905887,-91.7033764,206.4577,1,06,2.7,0.02855,160
1629313,41.4905887,-91.7033764,206.4577,1,06,2.7,0.02855,160
1629616,41.4905887,-91.7033762,206.4319,1,07,2.4,0.02372,160
1629762,41.4905887,-91.7033762,206.4319,1,07,2.4,0.02372,160
1629927,41.4905885,-91.7033763,206.4577,1,07,2.4,0.03355,160
1630026,41.4905887,-91.7033763,206.4449,1,07,2.4,0.02940,160
1630272,41.4905887,-91.7033763,206.4449,1,07,2.4,0.02940,160
1630517,41.4905886,-91.7033766,206.4570,1,08,1.3,0.02940,160
1630714,41.4905887,-91.7033766,206.4502,1,08,1.3,0.04184,160
1630782,41.4905887,-91.7033766,206.4502,1,08,1.3,0.04184,160
1631014,41.4905885,-91.7033767,206.4930,1,07,2.4,0.04204,160
1631130,41.4905885,-91.7033767,206.4930,1,07,2.4,0.04204,160
1631268,41.4905888,-91.7033759,206.4542,1,07,2.4,0.04204,160
1631384,41.4905888,-91.7033759,206.4542,1,07,2.4,0.04204,160
1631612,41.4905889,-91.7033759,206.3954,1,07,2.4,0.06175,160
1631757,41.4905889,-91.7033759,206.3954,1,07,2.4,0.06175,160
1632022,41.4905888,-91.7033759,206.4241,1,07,2.4,0.01068,160
1632148,41.4905888,-91.7033759,206.4241,1,07,2.4,0.01068,160
1632329,41.4905902,-91.7033756,206.3344,1,08,1.3,0.01068,160
1632566,41.4905902,-91.7033755,206.3313,1,08,1.3,0.03047,160
1632732,41.4905902,-91.7033755,206.3313,1,08,1.3,0.03047,160
1633149,41.4905902,-91.7033756,206.3307,1,08,1.3,0.06477,160
1633433,41.4905902,-91.7033756,206.3307,1,08,1.3,0.06477,160
1633605,41.4905930,-91.7033754,206.1363,1,08,1.3,0.05405,160
1633744,41.4905930,-91.7033754,206.1363,1,08,1.3,0.05405,160
1633907,41.4905929,-91.7033754,206.1308,1,08,1.3,0.06695,160
1634009,41.4905929,-91.7033754,206.1527,1,07,1.3,0.02069,160
1634129,41.4905929,-91.7033754,206.1527,1,07,1.3,0.02069,160
1634292,41.4905950,-91.7033758,206.0802,1,07,1.3,0.02069,160
1634450,41.4905950,-91.7033758,206.0802,1,07,1.3,0.02069,160
1634612,41.4905951,-91.7033758,206.0666,1,07,1.3,0.02069,160
1634922,41.4905951,-91.7033757,206.0642,1,07,1.3,0.04871,160
1635070,41.4905951,-91.7033757,206.0642,1,07,1.3,0.04871,160
1635357,41.4905952,-91.7033757,206.0499,1,07,1.3,0.07779,160
1635477,41.4905956,-91.7033762,206.0956,1,08,1.3,0.07779,160
1635620,41.4905955,-91.7033761,206.0848,1,08,1.3,0.03602,160
1635776,41.4905955,-91.7033761,206.0848,1,08,1.3,0.03602,160
1635929,41.4905956,-91.7033762,206.0955,1,07,1.3,0.01934,160
1636143,41.4905956,-91.7033761,206.0995,1,07,1.3,0.06589,160
1636282,41.4905956,-91.7033761,206.0995,1,07,1.3,0.06589,160
1636503,41.4905955,-91.7033761,206.1351,1,06,2.5,0.08529,160
1636608,41.4905953,-91.7033763,206.1518,1,06,2.5,0.05359,160
1636753,41.4905953,-91.7033763,206.1518,1,06,2.5,0.05359,160
1636924,41.4905954,-91.7033762,206.1458,1,07,1.3,0.07546,160
1637014,41.4905954,-91.7033762,206.1257,1,07,1.3,0.03963,160
1637144,41.4905954,-91.7033762,206.1257,1,07,1.3,0.03963,160
1637414,41.4905956,-91.7033761,206.1739,1,08,1.3,0.03963,160
1637571,41.4905956,-91.7033761,206.1739,1,08,1.3,0.03963,160
1637816,41.4905955,-91.7033762,206.1793,1,06,2.5,0.05015,160
1637977,41.4905955,-91.7033762,206.1793,1,06,2.5,0.05015,160
1638220,41.4905950,-91.7033763,206.2226,1,06,2.5,0.04771,160
1638364,41.4905950,-91.7033763,206.2226,1,06,2.5,0.04771,160
1638619,41.4905951,-91.7033763,206.2246,1,06,2.5,0.01648,160
1638766,41.4905951,-91.7033763,206.2246,1,06,2.5,0.01648,160
1639037,41.4905951,-91.7033762,206.2139,1,06,2.5,0.00996,160
1639154,41.4905951,-91.7033763,206.2129,1,06,2.5,0.03090,160
1639308,41.4905951,-91.7033763,206.2129,1,06,2.5,0.03090,160
1639454,41.4905938,-91.7033760,206.2711,1,07,2.4,0.03090,160
1639558,41.4905938,-91.7033760,206.2711,1,07,2.4,0.03090,160
1639811,41.4905939,-91.7033760,206.2705,1,06,2.5,0.06819,160
1639949,41.4905939,-91.7033760,206.2705,1,06,2.5,0.06819,160
1640214,41.4905934,-91.7033764,206.2930,1,06,2.5,0.05237,160
1640356,41.4905934,-91.7033764,206.2930,1,06,2.5,0.05237,160
1640793,41.4905935,-91.7033764,206.2813,1,06,2.5,0.04843,160
1640868,41.4905935,-91.7033764,206.2813,1,06,2.5,0.04843,160
1641133,41.4905935,-91.7033764,206.2835,1,06,2.5,0.03220,160
1641289,41.4905935,-91.7033764,206.2835,1,06,2.5,0.03220,160
1641530,41.4905940,-91.7033767,206.2965,1,06,2.5,12.764,160
1641792,41.4905940,-91.7033767,206.2953,1,06,2.5,0.06046,160
1641961,41.4905940,-91.7033767,206.2953,1,06,2.5,0.06046,160
1642258,41.4905940,-91.7033767,206.2953,1,06,2.5,0.08931,160
1642501,41.4905945,-91.7033768,206.3295,1,06,2.5,0.08454,160
1642604,41.4905945,-91.7033769,206.3307,1,06,2.5,0.05921,160
1642742,41.4905945,-91.7033769,206.3307,1,06,2.5,0.05921,160
1642904,41.4905945,-91.7033768,206.3232,1,05,2.8,0.03382,160
1643016,41.4905947,-91.7033767,206.2900,1,05,2.8,0.02677,160
1643134,41.4905947,-91.7033767,206.2900,1,05,2.8,0.02677,160
1643392,41.4905942,-91.7033768,206.3246,1,05,2.8,0.02677,160
1643467,41.4905942,-91.7033768,206.3246,1,05,2.8,0.02677,160
1643615,41.4905943,-91.7033767,206.3181,1,05,2.8,0.03544,160
1643760,41.4905943,-91.7033767,206.3181,1,05,2.8,0.03544,160
1644022,41.4905943,-91.7033767,206.3223,1,05,2.8,0.06800,160
1644147,41.4905943,-91.7033767,206.3223,1,05,2.8,0.06800,160
1644235,41.4905946,-91.7033762,206.2870,1,06,2.5,0.06800,160
1644388,41.4905946,-91.7033762,206.2870,1,06,2.5,0.06800,160
1644529,41.4905947,-91.7033761,206.2462,1,06,2.5,0.09391,160
1644807,41.4905947,-91.7033761,206.2910,1,06,2.5,0.11904,160
1644991,41.4905947,-91.7033761,206.2910,1,06,2.5,0.11904,160
1645084,41.4905946,-91.7033762,206.2822,1,06,2.5,0.11904,160
1645207,41.4905949,-91.7033764,206.2954,1,06,2.5,0.12611,160
1645354,41.4905949,-91.7033764,206.2954,1,06,2.5,0.12611,160
1645612,41.4905949,-91.7033763,206.3114,1,06,2.5,0.12783,160
1645760,41.4905949,-91.7033763,206.3114,1,06,2.5,0.12783,160
1645912,41.4905949,-91.7033764,206.3107,1,06,2.5,0.10858,160
1646020,41.4905948,-91.7033763,206.3144,1,06,2.5,0.11813,160
1646147,41.4905948,-91.7033763,206.3144,1,06,2.5,0.11813,160
1646667,41.4905947,-91.7033766,206.3044,1,07,2.4,0.11813,160
1646815,41.4905947,-91.7033765,206.2968,1,07,2.4,0.11971,160
1646971,41.4905947,-91.7033765,206.2968,1,07,2.4,0.11971,160
1647418,41.4905939,-91.7033763,206.3585,1,08,1.3,0.06990,160
1647577,41.4905939,-91.7033763,206.3585,1,08,1.3,0.06990,160
1647730,41.4905937,-91.7033765,206.3818,1,07,2.4,0.06466,160
1648048,41.4905938,-91.7033763,206.3656,1,07,2.4,0.05721,160
1648239,41.4905938,-91.7033763,206.3656,1,07,2.4,0.05721,160
1648404,41.4905939,-91.7033764,1,1,08,1.W,0.05721,160
1648729,41.4905934,-91.7033759,206.3473,1,08,1.3,0.03386,160
1648874,41.4905934,-91.7033759,206.3473,1,08,1.3,0.03386,160
1649017,41.4905934,-91.7033760,206.3604,1,08,1.3,0.03226,160
1649143,41.4905934,-91.7033760,206.3604,1,08,1.3,0.03226,160
1649412,41.4905927,-91.7033750,206.3962,1,07,2.4,0.03226,160
1649567,41.4905927,-91.7033750,206.3962,1,07,2.4,0.03226,160
1649896,41.4905926,-91.7033751,206.3704,1,06,2.5,0.01053,160
1650063,41.4905926,-91.7033751,206.3704,1,06,2.5,0.01053,160
1650176,41.4905927,-91.7033751,206.3718,1,06,2.5,0.01053,160
1650417,41.4905921,-91.7033745,206.3825,1,06,2.5,0.04386,160
1650580,41.4905921,-91.7033745,206.3825,1,06,2.5,0.04386,160
1650730,41.4905922,-91.7033744,206.3802,1,06,2.5,0.04300,160
1651026,41.4905922,-91.7033745,206.3503,1,06,2.5,0.08164,160
1651273,41.4905922,-91.7033745,206.3503,1,06,2.5,0.08164,160
1651513,41.4905917,-91.7033738,206.4115,1,06,2.4,0.08164,160
1651694,41.4905917,-91.7033738,206.4110,1,06,2.4,0.04193,160
1651840,41.4905917,-91.7033738,206.4110,1,06,2.4,0.04193,160
1651988,41.4905917,-91.7033739,206.3924,1,06,2.4,0.04193,160
1652304,41.4905915,-91.7033725,206.2945,1,08,1.3,0.11623,160
1652453,41.4905915,-91.7033725,206.2945,1,08,1.3,0.11623,160
1652621,41.4905915,-91.7033724,206.2959,1,08,1.3,0.11623,160
1652879,41.4905915,-91.7033724,206.2959,1,08,1.3,0.10244,160
1653113,41.4905911,-91.7033715,206.2283,1,08,1.3,0.12547,160
1653288,41.4905911,-91.7033716,206.2347,1,08,1.3,0.10793,160
1653438,41.4905911,-91.7033716,206.2347,1,08,1.3,0.10793,160
1653620,41.4905910,-91.7033716,206.2116,1,08,1.3,0.11478,160
1653766,41.4905910,-91.7033716,206.2116,1,08,1.3,0.11478,160
1654022,41.4905911,-91.7033715,206.2340,1,08,1.3,0.10455,160
1654150,41.4905911,-91.7033715,206.2340,1,08,1.3,0.10455,160
1654354,41.4905900,-91.7033705,206.2095,1,09,1.3,0.10455,160
1654486,41.4905900,-91.7033705,206.2095,1,09,1.3,0.10455,160
1654705,41.4905900,-91.7033704,206.2295,1,08,1.3,0.08953,160
1654810,41.4905900,-91.7033705,206.2456,1,08,1.3,0.05898,160
1654948,41.4905900,-91.7033705,206.2456,1,08,1.3,0.05898,160
1655213,41.4905890,-91.7033689,206.2872,1,08,1.3,0.12863,160
1655357,41.4905890,-91.7033689,206.2872,1,08,1.3,0.12863,160
1655513,41.4905891,-91.7033689,206.2631,1,06,2.6,0.09831,160
1655614,41.4905890,-91.7033689,206.2605,1,06,2.6,0.16667,160
1655761,41.4905890,-91.7033689,206.2605,1,06,2.6,0.16667,160
1656019,41.4905890,-91.7033689,206.2507,1,05,2.6,0.20219,160
1656149,41.4905890,-91.7033689,206.2507,1,05,2.6,0.20219,160
1656419,41.4905874,-91.7033694,206.3978,1,05,2.6,0.20219,160
1656572,41.4905874,-91.7033694,206.3978,1,05,2.6,0.20219,160
1656714,41.4905874,-91.7033693,206.4047,1,05,2.6,0.16922,160
1656821,41.4905874,-91.7033693,206.3720,1,05,2.6,0.17861,160
1657092,41.4905874,-91.7033693,206.3720,1,05,2.6,0.17861,160
1657301,41.4905859,-91.7033700,206.7189,1,07,2.3,0.15512,160
1657408,41.4905861,-91.7033699,206.6872,1,07,2.3,0.13260,160
1657550,41.4905861,-91.7033699,206.6872,1,07,2.3,0.13260,160
1657710,41.4905861,-91.7033700,206.6790,1,06,2.6,0.11500,160
1657812,41.4905860,-91.7033699,206.7180,1,05,2.8,0.06694,160
1657957,41.4905860,-91.7033699,206.7180,1,05,2.8,0.06694,160
1658215,41.4905840,-91.7033703,206.8866,1,05,2.8,0.05219,160
1658365,41.4905840,-91.7033703,206.8866,1,05,2.8,0.05219,160
1658518,41.4905840,-91.7033702,206.8544,1,05,2.8,0.02159,160
1658616,41.4905840,-91.7033702,206.8949,1,05,2.8,0.05584,160
1658770,41.4905840,-91.7033702,206.8949,1,05,2.8,0.05584,160
1659021,41.4905841,-91.7033701,206.8570,1,05,2.8,0.11323,160
1659145,41.4905841,-91.7033701,206.8570,1,05,2.8,0.11323,160
1659422,41.4905834,-91.7033695,206.9356,1,06,1.5,0.11323,160
1659581,41.4905834,-91.7033695,206.9356,1,06,1.5,0.11323,160
1659847,41.4905832,-91.7033696,206.9403,1,06,1.5,0.14345,160
1660005,41.4905833,-91.7033695,206.9577,1,06,1.5,0.10487,160
1660199,41.4905833,-91.7033696,206.9499,1,06,1.5,0.10487,160
1660336,41.4905833,-91.7033696,206.9499,1,06,1.5,0.10487,160
1660485,41.4905820,-91.7033689,207.1846,1,06,1.5,0.10487,160
1660578,41.4905820,-91.7033689,207.1846,1,06,1.5,0.10487,160
1660813,41.4905820,-91.7033689,207.1491,1,06,1.5,0.17795,160
1660967,41.4905820,-91.7033689,207.1491,1,06,1.5,0.17795,160
1661216,41.4905820,-91.7033668,207.2911,1,06,1.5,0.17170,160
1661373,41.4905820,-91.7033668,207.2911,1,06,1.5,0.17170,160
1661518,41.4905820,-91.7033667,207.2880,1,07,1.5,0.14336,160
1661618,41.4905820,-91.7033667,207.2897,1,07,1.5,0.19636,160
1661780,41.4905820,-91.7033667,207.2897,1,07,1.5,0.19636,160
1661931,41.4905820,-91.7033667,207.2949,1,07,1.5,0.11548,160
1662139,41.4905820,-91.7033667,207.2684,1,07,1.5,0.16719,160
1662320,41.4905820,-91.7033667,207.2684,1,07,1.5,0.16719,160
1662741,41.4905826,-91.7033663,207.2104,1,07,1.4,0.16719,160
1662890,41.4905826,-91.7033663,207.2104,1,07,1.4,0.16719,160
1663305,41.4905833,-91.7033641,207.0921,1,07,1.4,0.08488,160
1663407,41.4905833,-91.7033642,207.1014,1,07,1.4,0.09760,160
1663543,41.4905833,-91.7033642,207.1014,1,07,1.4,0.09760,160
1663707,41.4905833,-91.7033641,207.0994,1,07,1.4,0.06686,160
1663809,41.4905833,-91.7033642,207.1075,1,06,1.5,0.09071,160
1663949,41.4905833,-91.7033642,207.1075,1,06,1.5,0.09071,160
1664108,41.4905839,-91.7033630,207.0295,1,06,1.5,0.11443,160
1664214,41.4905839,-91.7033630,207.0185,1,06,1.5,0.10156,160
1664355,41.4905839,-91.7033630,207.0185,1,06,1.5,0.10156,160
1664516,41.4905839,-91.7033630,207.0440,1,06,1.5,0.09418,160
1664616,41.4905839,-91.7033629,207.0476,1,06,1.5,0.07009,160
1664761,41.4905839,-91.7033629,207.0476,1,06,1.5,0.07009,160
1664926,41.4905839,-91.7033630,207.0265,1,06,1.5,0.05042,160
1665026,41.4905838,-91.7033630,207.0460,1,06,1.5,0.04102,160
1665274,41.4905838,-91.7033630,207.0460,1,06,1.5,0.04102,160
1665515,41.4905847,-91.7033633,206.9848,1,06,1.5,0.04102,160
1665605,41.4905847,-91.7033633,206.9622,1,06,1.5,0.21582,160
1665744,41.4905847,-91.7033633,206.9622,1,06,1.5,0.21582,160
1665908,41.4905847,-91.7033632,206.9759,1,06,1.5,0.14736,160
1666016,41.4905847,-91.7033633,207.0052,1,06,1.5,0.13612,160
1666133,41.4905847,-91.7033633,207.0052,1,06,1.5,0.13612,160
1666217,41.4905844,-91.7033622,207.2133,1,06,1.5,0.13612,160
1666360,41.4905844,-91.7033622,207.2133,1,06,1.5,0.13612,160
1666514,41.4905844,-91.7033621,207.2501,1,06,1.5,0.11627,160
1666614,41.4905845,-91.7033621,207.2428,1,06,1.5,0.12625,160
1666757,41.4905845,-91.7033621,207.2428,1,06,1.5,0.12625,160
1666917,41.4905844,-91.7033621,207.2341,1,06,1.5,0.13596,160
1667025,41.4905844,-91.7033622,207.2204,1,06,1.5,0.11352,160
1667152,41.4905844,-91.7033622,207.2204,1,06,1.5,0.11352,160
1667239,41.4905855,-91.7033610,207.4111,1,06,1.5,0.11352,160
1667507,41.4905855,-91.7033610,207.4111,1,06,1.5,0.11352,160
1667806,41.4905855,-91.7033609,207.4512,1,06,1.5,0.10826,160
1667940,41.4905855,-91.7033609,207.4512,1,06,1.5,0.10826,160
1668360,41.4905854,-91.7033595,207.5043,1,06,1.5,0.10433,160
1668468,41.4905854,-91.7033595,207.5043,1,06,1.5,0.10433,160
1668610,41.4905854,-91.7033595,207.5146,1,06,1.5,0.05849,160
1668752,41.4905854,-91.7033595,207.5146,1,06,1.5,0.05849,160
1668914,41.4905854,-91.7033595,207.5148,1,06,1.5,0.05910,160
1669020,41.4905854,-91.7033596,207.4975,1,06,1.5,0.04921,160
1669144,41.4905854,-91.7033596,207.4975,1,06,1.5,0.04921,160
1669404,41.4905844,-91.7033581,207.5437,1,06,1.5,0.04921,160
1669520,41.4905844,-91.7033581,207.5437,1,06,1.5,0.04921,160
1669714,41.4905843,-91.7033581,207.5431,1,06,1.5,0.04402,160
1669798,41.4905844,-91.7033580,207.5498,1,06,1.5,0.0210745,160
1669910,41.4905844,-91.7033581,207.5563,1,06,1.5,0.03423,160
1669998,41.4905844,-91.7033581,207.5563,1,06,1.5,0.03423,160
1670333,41.4905844,-91.7033580,207.5657,1,06,1.5,0.04623,160
1670477,41.4905844,-91.7033580,207.5657,1,06,1.5,0.04623,160
1670603,41.4905844,-91.7033580,207.5657,1,06,1.5,0.04623,160
1670872,41.4905833,-91.7033568,207.5508,1,06,1.5,0.02527,160
1670971,41.4905833,-91.7033568,207.5508,1,06,1.5,0.02527,160
1671193,41.4905833,-91.7033569,N,1,06,1.541,0.04074,160
1671300,41.4905829,-91.7033564,207.5775,1,06,1.5,0.01565,160
1671379,41.4905829,-91.7033564,207.5775,1,06,1.5,0.01565,160
1671616,41.4905829,-91.7033562,207.6062,1,06,1.5,0.02587,160
1671769,41.4905829,-91.7033562,207.6062,1,06,1.5,0.02587,160
1672018,41.4905829,-91.7033564,207.6005,1,06,1.5,0.02337,160
1672149,41.4905829,-91.7033564,207.6005,1,06,1.5,0.02337,160
1672506,41.4905820,-91.7033556,207.5616,1,06,1.5,0.02337,160
1672672,41.4905820,-91.7033556,207.5616,1,06,1.5,0.02337,160
1672778,41.4905820,-91.7033556,207.5675,1,06,1.5,0.02337,160
1673024,41.4905819,-91.7033554,207.5852,1,06,1.5,0.08460,160
1673311,41.4905819,-91.7033554,207.5852,1,06,1.5,0.08460,160
1673807,41.4905818,-91.7033554,207.7824,1,06,1.5,0.02542,160
1673952,41.4905818,-91.7033554,207.7824,1,06,1.5,0.02542,160
1674210,41.4905820,-91.7033557,207.9759,1,06,1.5,0.04151,160
1674357,41.4905820,-91.7033557,207.9759,1,06,1.5,0.04151,160
1674716,41.4905820,-91.7033557,207.9725,1,06,1.5,0.05234,160
1674783,41.4905820,-91.7033557,207.9725,1,06,1.5,0.05234,160
1675017,41.4905819,-91.7033557,207.9621,1,06,1.5,0.08835,160
1675128,41.4905819,-91.7033557,207.9621,1,06,1.5,0.08835,160
1675217,41.4905805,-91.7033557,208.2771,1,06,1.5,0.08835,160
1675356,41.4905805,-91.7033557,208.2771,1,06,1.5,0.08835,160
1675517,41.4905805,-91.7033559,208.2806,1,05,2.8,0.10881,160
1675619,41.4905805,-91.7033558,208.2782,1,06,1.5,0.11005,160
1675763,41.4905805,-91.7033558,208.2782,1,06,1.5,0.11005,160
1675926,41.4905805,-91.7033558,208.2877,1,06,1.5,0.08920,160
1676026,41.4905804,-91.7033559,208.2731,1,06,1.5,0.10921,160
1676270,41.4905804,-91.7033559,208.2731,1,06,1.5,0.10921,160
1676510,41.4905801,-91.7033571,208.6076,1,06,1.5,0.10921,160
1676608,41.4905801,-91.7033569,208.6363,1,06,1.5,0.06811,160
1676708,41.4905801,-91.7033569,208.6363,1,06,1.5,0.06811,160
1676996,41.4905801,-91.7033570,208.6158,1,06,1.5,0.13052,160
1677073,41.4905801,-91.7033570,208.6158,1,06,1.5,0.13052,160
1677213,41.4905800,-91.7033571,208.5977,1,06,1.5,0.06572,160
1677354,41.4905800,-91.7033571,208.5977,1,06,1.5,0.06572,160
1677513,41.4905801,-91.7033570,208.6157,1,06,1.5,0.10264,160
1677617,41.4905801,-91.7033571,208.6360,1,06,1.5,0.04584,160
1677757,41.4905801,-91.7033571,208.6360,1,06,1.5,0.04584,160
1677918,41.4905801,-91.7033570,208.6055,1,06,1.5,0.07873,160
1678022,41.4905800,-91.7033570,208.6169,1,05,2.8,0.06958,160
1678136,41.4905800,-91.7033570,208.6169,1,05,2.8,0.06958,160
1678226,41.4905798,-91.7033593,209.2648,1,05,2.8,0.06958,160
1678376,41.4905798,-91.7033593,209.2648,1,05,2.8,0.06958,160
1678643,41.4905799,-91.7033594,209.2425,1,05,2.8,0.05624,160
1678762,41.4905800,-91.7033593,209.2427,1,05,2.8,0.06708,160
1678983,41.4905800,-91.7033593,209.2427,1,05,2.8,0.06708,160
1679211,41.4905799,-91.7033579,209.3925,1,05,2.8,0.10174,160
1679352,41.4905799,-91.7033579,209.3925,1,05,2.8,0.10174,160
1679508,41.4905799,-91.7033579,209.4414,1,05,2.8,0.16916,160
1679612,41.4905798,-91.7033580,209.4306,1,05,2.8,0.13921,160
1679753,41.4905798,-91.7033580,209.4306,1,05,2.8,0.13921,160
1679911,41.4905799,-91.7033579,209.4199,1,05,2.8,0.22400,160
1680033,41.4905800,-91.7033579,209.4018,1,05,2.8,0.29221,160
1680161,41.4905800,-91.7033579,209.4018,1,05,2.8,0.29221,160
1680618,41.4905796,-91.7033562,209.4786,1,05,2.8,2.GNVTG,160
1680768,41.4905796,-91.7033562,209.4786,1,05,2.8,2.GNVTG,160
1681026,41.4905795,-91.7033562,209.4797,1,05,2.8,0.19365,160
1681169,41.4905795,-91.7033562,209.4797,1,05,2.8,0.19365,160
1681609,41.4905791,-91.7033540,209.4023,1,05,2.8,0.36752,160
1681845,41.4905791,-91.7033540,209.4023,1,05,2.8,0.36752,160
1682217,41.4905793,-91.7033539,209.4005,1,05,2.8,0.42327,160
1682406,41.4905782,-91.7033524,209.5098,1,24,0.6,0.40609,160
1682548,41.4905782,-91.7033524,209.5098,1,24,0.6,0.40609,160
1682807,41.4905780,-91.7033534,209.6355,1,22,0.7,0.32864,160
1682955,41.4905780,-91.7033534,209.6355,1,22,0.7,0.32864,160
1683121,41.4905774,-91.7033492,209.4565,1,24,0.6,0.48698,160
1683215,41.4905774,-91.7033491,209.4291,1,24,0.6,0.54043,160
1683363,41.4905774,-91.7033491,209.4291,1,24,0.6,0.54043,160
1683734,41.4905783,-91.7033470,209.0511,1,20,0.7,0.42964,160
1683819,41.4905785,-91.7033466,208.9930,1,19,0.7,0.44617,160
1683973,41.4905785,-91.7033466,208.9930,1,19,0.7,0.44617,160
1684221,41.4905787,-91.7033451,208.7931,1,24,0.6,0.42504,160
1684385,41.4905787,-91.7033451,208.7931,1,24,0.6,0.42504,160
1684620,41.4905788,-91.7033447,208.6453,1,24,0.6,0.38664,160
1684782,41.4905788,-91.7033447,208.6453,1,24,0.6,0.38664,160
1685146,41.4905789,-91.7033439,208.5616,1,20,0.7,0.29786,160
1685290,41.4905789,-91.7033439,208.5616,1,20,0.7,0.29786,160
1685606,41.4905791,-91.7033438,208.4537,1,24,0.6,0.22756,160
1685759,41.4905791,-91.7033438,208.4537,1,24,0.6,0.22756,160
1686108,41.4905795,-91.7033424,208.3336,1,24,0.6,0.20024,160
1686211,41.4905794,-91.7033429,208.3507,1,24,0.6,0.21962,160
1686367,41.4905794,-91.7033429,208.3507,1,24,0.6,0.21962,160
1686632,41.4905793,-91.7033435,208.3852,1,24,0.6,0.17069,160
1686788,41.4905793,-91.7033435,208.3852,1,24,0.6,0.17069,160
1687023,41.4905793,-91.7033431,208.3765,1,21,0.7,0.19563,160
1687138,41.4905793,-91.7033431,208.3765,1,21,0.7,0.19563,160
1687223,41.4905767,-91.7033419,209.3965,1,24,0.6,0.19563,160
1687367,41.4905767,-91.7033419,209.3965,1,24,0.6,0.19563,160
1687621,41.4905767,-91.7033427,209.3241,1,24,0.6,0.19345,160
1687770,41.4905767,-91.7033427,209.3241,1,24,0.6,0.19345,160
1687942,41.4905767,-91.7033427,209.2596,1,24,0.6,0.07207,160
1688145,41.4905767,-91.7033427,209.2357,1,24,0.6,0.09439,160
1688274,41.4905767,-91.7033427,209.2357,1,24,0.6,0.09439,160
1688809,41.4905758,-91.7033417,209.4774,1,24,0.6,0.10468,160
1688943,41.4905758,-91.7033417,209.4774,1,24,0.6,0.10468,160
1689109,41.4905749,-91.7033408,209.4924,1,24,0.6,0.18445,160
1689213,41.4905750,-91.7033400,209.4927,1,24,0.6,0.05023,160
1689353,41.4905750,-91.7033400,209.4927,1,24,0.6,0.05023,160
1689759,41.4905749,-91.7033408,209.3525,1,24,0.6,0.16482,160
1689882,41.4905749,-91.7033408,209.3525,1,24,0.6,0.16482,160
1690315,41.4905757,-91.7033431,209.3762,1,23,0.6,0.21216,160
1690421,41.4905757,-91.7033431,209.3762,1,23,0.6,0.21216,160
1690762,41.4905757,-91.7033443,209.3304,1,24,0.6,0.10072,160
1690919,41.4905757,-91.7033451,209.3205,1,24,0.6,0.36982,160
1691026,41.4905757,-91.7033454,209.3160,1,24,0.6,0.32901,160
1691176,41.4905757,-91.7033454,209.3160,1,24,0.6,0.32901,160
1691322,41.4905757,-91.7033424,209.4003,1,24,0.6,286.019,160
1691677,41.4905758,-91.7033425,209.3736,1,24,0.6,0.24755,160
1691809,41.4905758,-91.7033425,209.3736,1,24,0.6,0.24755,160
1692383,41.4905760,-91.7033443,209.4885,1,24,0.6,T,160
1692499,41.4905760,-91.7033443,209.4885,1,24,0.6,T,160
1692730,41.4905758,-91.7033443,209.5135,1,24,0.6,0.15314,160
1692951,41.4905758,-91.7033442,209.4982,1,24,0.6,0.2047,160
1693056,41.4905758,-91.7033442,209.4982,1,24,0.6,0.2047,160
1693595,41.4905780,-91.7033442,209.3726,1,24,0.6,0.2047,160
1693714,41.4905780,-91.7033442,209.3726,1,24,0.6,0.2047,160
1693944,41.4905781,-91.7033442,209.3508,1,21,0.7,0.32870,160
1694200,41.4905780,-91.7033440,209.3290,1,21,0.6,0.4225948,160
1694353,41.4905780,-91.7033440,209.3290,1,21,0.6,0.4225948,160
1694596,41.4905780,-91.7033440,209.3290,1,21,0.6,0.44624,160
1694721,41.4905805,-91.7033408,209.3266,1,24,0.6,0.50255,160
1694792,41.4905805,-91.7033408,209.3266,1,24,0.6,0.50255,160
1695025,41.4905808,-91.7033401,209.1881,1,24,0.6,0.46292,160
1695276,41.4905808,-91.7033401,209.1881,1,24,0.6,0.46292,160
1695567,41.4905808,-91.7033401,209.1881,1,24,0.6,0.46292,160
1695700,41.4905817,-91.7033412,209.5997,1,25,0.6,0.46292,160
1695812,41.4905816,-91.7033419,209.6630,1,25,0.6,0.30618,160
1695957,41.4905816,-91.7033419,209.6630,1,25,0.6,0.30618,160
1696213,41.4905834,-91.7033420,209.6198,1,25,0.6,0.26968,160
1696361,41.4905834,-91.7033420,209.6198,1,25,0.6,0.26968,160
1696628,41.4905834,-91.7033420,209.6198,1,25,0.6,0.25909,160
1696901,41.4905831,-91.7033426,209.7278,1,25,0.6,0.29072,160
1697100,41.4905831,-91.7033426,209.7278,1,25,0.6,0.29072,160
1697224,41.4905828,-91.7033431,209.8184,1,23,0.6,0.31159,160
1697420,41.4905830,-91.7033435,209.8412,1,25,0.6,0.2874NGS,160
1697578,41.4905830,-91.7033435,209.8412,1,25,0.6,0.2874NGS,160
1697823,41.4905826,-91.7033447,210.0299,1,25,0.6,0.30109,160
1697985,41.4905826,-91.7033447,210.0299,1,25,0.6,0.30109,160
1698225,41.4905808,-91.7033413,209.7122,1,05,2.6,0.46098,160
1698506,41.4905808,-91.7033413,209.7122,1,05,2.6,0.46098,160
1698702,41.4905807,-91.7033411,209.7316,1,25,0.6,0.43735,160
1698810,41.4905808,-91.7033413,209.7193,1,25,0.6,0.43088,160
1698959,41.4905808,-91.7033413,209.7193,1,25,0.6,0.43088,160
1699355,41.4905794,-91.7033407,209.7202,1,25,0.6,0.30114,160
1699440,41.4905794,-91.7033407,209.7202,1,25,0.6,112.886,160
1699531,41.4905794,-91.7033408,209.7235,1,25,0.6,112.886,160
1699789,41.4905793,-91.7033406,209.7202,1,25,0.6,0.22316,160
1699912,41.4905793,-91.7033406,209.7202,1,25,0.6,0.22316,160
1700098,41.4905795,-91.7033407,209.7174,1,25,0.6,0.35741,160
1700188,41.4905800,-91.7033410,209.7351,1,05,2.6,0.31387,160
1700420,41.4905799,-91.7033408,209.7541,1,25,0.6,0.20195,160
1700562,41.4905799,-91.7033408,209.7541,1,25,0.6,0.20195,160
1700820,41.4905799,-91.7033408,209.7538,1,25,0.6,0.28337,160
1700965,41.4905799,-91.7033408,209.7538,1,25,0.6,0.28337,160
1701244,41.4905822,-91.7033408,209.6951,1,25,0.6,0.40047,160
1701539,41.4905822,-91.7033407,209.6887,1,25,0.6,0.34950,160
1701694,41.4905822,-91.7033407,209.6887,1,25,0.6,0.34950,160
1701969,41.4905822,-91.7033409,209.6849,1,25,0.6,77,160
1702210,41.4905853,-91.7033400,209.6224,1,25,0.6,0.70016,160
1702346,41.4905853,-91.7033400,209.6224,1,25,0.6,0.70016,160
1702610,41.4905856,-91.7033401,209.5849,1,25,0.6,0.72071,160
1702751,41.4905856,-91.7033401,209.5849,1,25,0.6,0.72071,160
1703019,41.4905856,-91.7033400,209.5493,1,25,0.6,0.93009,160
1703136,41.4905856,-91.7033400,209.5493,1,25,0.6,0.93009,160
1703222,41.4905875,-91.7033390,209.6331,1,25,0.6,0.93009,160
1703368,41.4905875,-91.7033390,209.6331,1,25,0.6,0.93009,160
1703617,41.4905877,-91.7033389,209.5801,1,25,0.6,0.74107,160
1703766,41.4905877,-91.7033389,209.5801,1,25,0.6,0.74107,160
1704028,41.4905877,-91.7033391,209.5772,1,23,0.6,0.80770,160
1704172,41.4905877,-91.7033391,209.5772,1,23,0.6,0.80770,160
1704621,41.4905913,-91.7033383,209.4688,1,25,0.6,0.69424,160
1704893,41.4905913,-91.7033383,209.4688,1,25,0.6,0.69424,160
1705207,41.4905953,-91.7033386,208.4094,1,25,0.6,0.83438,160
1705345,41.4905953,-91.7033386,208.4094,1,25,0.6,0.83438,160
1705608,41.4905953,-91.7033386,208.4353,1,24,0.6,0.92892,160
1705750,41.4905953,-91.7033386,208.4353,1,24,0.6,0.92892,160
1706019,41.4905953,-91.7033385,208.4334,1,24,0.6,0.47611,160
1706135,41.4905953,-91.7033385,208.4334,1,24,0.6,0.47611,160
1706315,41.4905973,-91.7033384,208.4160,1,25,0.6,0.47611,160
1706426,41.4905973,-91.7033384,208.4160,1,25,0.6,0.47611,160
1706737,41.4905971,-91.7033385,208.4352,1,25,0.6,0.47611,160
1706962,41.4905971,-91.7033385,208.4309,1,25,0.6,0.04399,160
1707069,41.4905971,-91.7033385,208.4309,1,25,0.6,0.04399,160
1707233,41.4905954,-91.7033390,208.4518,1,05,2.8,0.52198,160
1707386,41.4905954,-91.7033390,208.4518,1,05,2.8,0.52198,160
1707530,41.4905954,-91.7033392,208.4505,1,05,2.8,0.55030,160
1707624,41.4905955,-91.7033389,208.4222,1,05,2.8,0.55616,160
1707896,41.4905955,-91.7033389,208.4222,1,05,2.8,0.55616,160
1708105,41.4905921,-91.7033402,208.4302,1,05,2.8,0.48009,160
1708348,41.4905920,-91.7033403,208.4779,1,05,2.8,0.45965,160
1708509,41.4905920,-91.7033403,208.4779,1,05,2.8,0.45965,160
1708764,41.4905923,-91.7033403,208.4658,1,05,2.8,0.45965,160
1708908,41.4905920,-91.7033403,208.5128,1,05,2.8,0.45965,160
1708974,41.4905920,-91.7033401,208.4998,1,05,2.8,0.45965,160
1709287,41.4905901,-91.7033416,208.3688,1,05,2.8,0.34669,160
1709446,41.4905901,-91.7033416,208.3688,1,05,2.8,0.34669,160
1709619,41.4905901,-91.7033415,208.3770,1,05,2.8,0.26562,160
1709771,41.4905901,-91.7033415,208.3770,1,05,2.8,0.26562,160
1709919,41.4905900,-91.7033415,208.3525,1,05,2.8,0.19241,160
1710025,41.4905899,-91.7033415,208.3616,1,05,2.8,0.23698,160
1710161,41.4905899,-91.7033415,208.3616,1,05,2.8,0.23698,160
1710421,41.4905891,-91.7033418,208.4078,1,05,3.5,0.23698,160
1710582,41.4905891,-91.7033418,208.4078,1,05,3.5,0.23698,160
1710848,41.4905891,-91.7033420,208.3081,1,05,3.5,0.18897,160
1710989,41.4905890,-91.7033424,208.2791,1,05,3.5,0.17219,160
1711382,41.4905889,-91.7033426,208.4864,1,25,0.6,0.17219,160
1711503,41.4905889,-91.7033426,208.4864,1,25,0.6,0.17219,160
1711742,41.4905895,-91.7033413,208.4805,1,24,0.6,0.05329,160
1711829,41.4905894,-91.7033410,208.5014,1,21,0.7,0.13180.1,160
1711983,41.4905894,-91.7033410,208.5014,1,21,0.7,0.13180.1,160
1712291,41.4905882,-91.7033418,208.5044,1,25,0.6,0.11039,160
1712400,41.4905882,-91.7033418,208.5044,1,25,0.6,0.11039,160
1712559,41.4905882,-91.7033418,208.5044,1,25,0.6,0.11039,160
1712809,41.4905880,-91.7033417,208.5785,1,23,0.6,0.11039,160
1712982,41.4905880,-91.7033417,208.5785,1,23,0.6,0.11039,160
1713323,41.4905890,-91.7033440,208.5408,1,23,0.6,0.15214,160
1713500,41.4905890,-91.7033440,208.5408,1,23,0.6,0.15214,160
1713724,41.4905889,-91.7033445,208.5605,1,23,0.6,0.15214,160
1713825,41.4905889,-91.7033444,208.5585,1,23,0.6,0.31065,160
1714091,41.4905889,-91.7033444,208.5585,1,23,0.6,0.31065,160
1714410,41.4905879,-91.7033480,208.5656,1,23,0.6,0.32624,160
1714543,41.4905879,-91.7033480,208.5656,1,23,0.6,0.32624,160
1714812,41.4905878,-91.7033496,208.4650,1,23,0.6,0.20936,160
1714947,41.4905878,-91.7033496,208.4650,1,23,0.6,0.20936,160
1715126,41.4905872,-91.7033489,208.5259,1,23,0.6,0.24564,160
1715215,41.4905872,-91.7033492,208.5239,1,23,0.6,0.20494,160
1715356,41.4905872,-91.7033492,208.5239,1,23,0.6,0.20494,160
1715617,41.4905871,-91.7033506,208.4973,1,23,0.6,0.18845,160
1715761,41.4905871,-91.7033506,208.4973,1,23,0.6,0.18845,160
1716195,41.4905868,-91.7033527,208.4608,1,23,0.6,0.08921,160
1716280,41.4905868,-91.7033527,208.4608,1,23,0.6,0.08921,160
1716543,41.4905865,-91.7033489,208.5385,1,24,0.6,0.06777,160
1716680,41.4905865,-91.7033489,208.5385,1,24,0.6,0.06777,160
1716821,41.4905866,-91.7033490,208.5014,1,22,0.6,0.06777,160
1716967,41.4905866,-91.7033490,208.5014,1,22,0.6,0.06777,160
1717342,41.4905854,-91.7033498,208.5641,1,24,0.6,0.03646,160
1717501,41.4905854,-91.7033498,208.5641,1,24,0.6,0.03646,160
1717777,41.4905854,-91.7033503,208.6432,1,23,0.6,5.914,160
1718117,41.4905851,-91.7033501,208.8707,1,20,0.7,0.072SA,160
1718411,41.4905848,-91.7033500,209.1124,1,23,0.6,0.20104,160
1718548,41.4905848,-91.7033500,209.1124,1,23,0.6,0.20104,160
1718811,41.4905844,-91.7033493,209.3104,1,23,0.6,0.22075,160
1718951,41.4905844,-91.7033493,209.3104,1,23,0.6,0.22075,160
1719114,41.4905841,-91.7033496,209.5014,1,23,0.6,0.49908,160
1719218,41.4905840,-91.7033506,209.5856,1,23,0.6,0.57180,160
1719363,41.4905840,-91.7033506,209.5856,1,23,0.6,0.57180,160
1719620,41.4905835,-91.7033504,209.8538,1,23,0.6,0.52680,160
1719767,41.4905835,-91.7033504,209.8538,1,23,0.6,0.52680,160
1720223,41.4905816,-91.7033531,208.8073,1,24,0.6,0.60424,160
1720372,41.4905816,-91.7033531,208.8073,1,24,0.6,0.60424,160
1720621,41.4905815,-91.7033514,208.9496,1,24,0.6,0.42652,160
1720889,41.4905815,-91.7033514,208.9496,1,24,0.6,0.42652,160
1721209,41.4905794,-91.7033517,208.8757,1,24,0.6,0.37496,160
1721345,41.4905794,-91.7033517,208.8757,1,24,0.6,0.37496,160
1721608,41.4905793,-91.7033517,208.9363,1,24,0.6,0.32943,160
1721749,41.4905793,-91.7033517,208.9363,1,24,0.6,0.32943,160
1722018,41.4905793,-91.7033521,208.9698,1,24,0.6,0.26897,160
1722137,41.4905793,-91.7033521,208.9698,1,24,0.6,0.26897,160
1722394,41.4905784,-91.7033529,209.0004,1,05,8.8,0.26897,160
1722478,41.4905784,-91.7033529,209.0004,1,05,8.8,0.26897,160
1722795,41.4905786,-91.7033531,208.9091,1,22,0.6,0.20390,160
1722910,41.4905786,-91.7033531,208.9091,1,22,0.6,0.20390,160
1723203,41.4905787,-91.7033528,208.7699,1,19,0.7,0.17030,160
1723427,41.4905787,-91.7033528,208.7699,1,19,0.7,20,160
1723692,41.4905791,-91.7033521,208.7102,1,23,0.6,0.15912,160
1723884,41.4905791,-91.7033521,208.7102,1,23,0.6,0.15912,160
1724023,41.4905792,-91.7033527,208.6252,1,23,0.6,0.14769,160
1724340,41.4905793,-91.7033527,208.5092,1,23,0.6,0.13973,160
1724490,41.4905793,-91.7033527,208.5092,1,23,0.6,0.13973,160
1724738,41.4905800,-91.7033523,208.7937,1,23,0.6,0.13973,160
1724825,41.4905800,-91.7033523,208.7937,1,23,0.6,0.13973,160
1725092,41.4905800,-91.7033523,208.7937,1,23,0.6,0.17041,160
1725311,41.4905808,-91.7033517,208.8215,1,23,0.6,0.22856,160
1725389,41.4905810,-91.7033515,208.7145,1,23,0.6,0.18345,160
1725688,41.4905810,-91.7033527,208.5903,1,23,0.6,0.26826,160
1725784,41.4905810,-91.7033527,208.5903,1,23,0.6,0.26826,160
1726022,41.4905815,-91.7033511,208.3354,1,22,0.6,0.32765,160
1726149,41.4905815,-91.7033511,208.3354,1,22,0.6,0.32765,160
1726333,41.4905815,-91.7033511,208.3354,1,22,0.6,0.32765,160
1726597,41.4905831,-91.7033541,208.5773,1,23,0.6,0.41399,160
1726718,41.4905831,-91.7033541,208.5773,1,23,0.6,0.41399,160
1726946,41.4905834,-91.7033542,208.3230,1,22,0.6,0.47027,160
1727043,41.4905836,-91.7033556,208.0006,1,21,0.6,0.73489,160
1727310,41.4905836,-91.7033556,208.0006,1,21,0.6,0.73489,160
1727716,41.4905869,-91.7033552,208.2198,1,23,0.6,0.64954,160
1727811,41.4905869,-91.7033557,208.1981,1,23,0.6,0.55622,160
1727952,41.4905869,-91.7033557,208.1981,1,23,0.6,0.55622,160
1728124,41.4905889,-91.7033560,208.6662,1,23,0.6,0.45846,160
1728310,41.4905890,-91.7033560,208.6291,1,23,0.6,0.40872,160
1728405,41.4905890,-91.7033560,208.6291,1,23,0.6,0.40872,160
1728610,41.4905890,-91.7033560,208.6291,1,23,0.6,0.40872,160
1728808,41.4905889,-91.7033562,208.5345,1,23,0.6,0.28553,160
1728955,41.4905889,-91.7033562,208.5345,1,23,0.6,0.28553,160
1729223,41.4905889,-91.7033562,208.5345,1,23,0.6,0.28553,160
1729389,41.4905891,-91.7033567,208.4666,1,23,0.6,0.28553,160
1729621,41.4905910,-91.7033569,208.8289,1,23,0.6,0.12659,160
1729763,41.4905910,-91.7033569,208.8289,1,23,0.6,0.12659,160
1730024,41.4905910,-91.7033559,208.9029,1,23,0.6,0.09075,160
1730142,41.4905910,-91.7033559,208.9029,1,23,0.6,0.09075,160
1730347,41.4905926,-91.7033569,208.7946,1,23,0.6,0.09075,160
1730479,41.4905926,-91.7033569,208.7946,1,23,0.6,0.09075,160
1730713,41.4905925,-91.7033563,208.9056,1,23,0.6,0.04928,160
1730811,41.4905925,-91.7033572,208.9246,1,19,0.7,0.14577,160
1730945,41.4905925,-91.7033572,208.9246,1,19,0.7,0.14577,160
1731128,41.4905925,-91.7033568,208.8525,1,23,0.6,0.07773,160
1731236,41.4905926,-91.7033568,208.8924,1,23,0.6,0.05462,160
1731376,41.4905926,-91.7033568,208.8924,1,23,0.6,0.05462,160
1731532,41.4905924,-91.7033569,209.0235,1,23,0.6,0.15438,160
1731619,41.4905923,-91.7033568,209.0669,1,23,0.6,0.12945,160
1731761,41.4905923,-91.7033568,209.0669,1,23,0.6,0.12945,160
1732022,41.4905922,-91.7033563,209.2044,1,23,0.6,0.11664,160
1732143,41.4905922,-91.7033563,209.2044,1,23,0.6,0.11664,160
1732399,41.4905924,-91.7033588,208.9273,1,23,0.6,0.11664,160
1732510,41.4905924,-91.7033588,208.9273,1,23,0.6,0.11664,160
1732746,41.4905922,-91.7033590,209.0541,1,23,0.6,0.18094,160
1733120,41.4905921,-91.7033599,209.0188,1,23,0.6,0.14680.0,160
1733300,41.4905921,-91.7033599,209.0188,1,23,0.6,0.14680.0,160
1733723,41.4905923,-91.7033599,208.6927,1,23,0.6,0.04402,160
1733867,41.4905921,-91.7033600,208.8128,1,23,0.6,0.21044,160
1734010,41.4905921,-91.7033600,208.8128,1,23,0.6,0.21044,160
1734119,41.4905908,-91.7033612,208.8855,1,23,0.6,0.19846,160
1734216,41.4905909,-91.7033605,208.7763,1,23,0.6,0.07954,160
1734358,41.4905909,-91.7033605,208.7763,1,23,0.6,0.07954,160
1734617,41.4905909,-91.7033590,208.7910,1,23,0.6,0.16870,160
1734765,41.4905909,-91.7033590,208.7910,1,23,0.6,0.16870,160
1735048,41.4905911,-91.7033593,208.8536,1,20,0.7,0.28972,160
1735198,41.4905911,-91.7033593,208.8536,1,20,0.7,0.28972,160
1735422,41.4905905,-91.7033617,209.0608,1,22,0.6,0.14640,160
1735581,41.4905905,-91.7033617,209.0608,1,22,0.6,0.14640,160
1735823,41.4905905,-91.7033622,209.0013,1,23,0.6,0.25910,160
1735984,41.4905905,-91.7033622,209.0013,1,23,0.6,0.25910,160
1736438,41.4905920,-91.7033613,208.9716,1,05,2.9,0.29148,160
1736567,41.4905919,-91.7033615,208.9654,1,05,2.9,0.54066,160
1736717,41.4905919,-91.7033615,208.9654,1,05,2.9,0.54066,160
1736956,41.4905921,-91.7033615,208.9368,1,05,2.9,0.48863,160
1737114,41.4905921,-91.7033615,208.9169,1,05,2.9,0.52723,160
1737181,41.4905921,-91.7033615,208.9169,1,05,2.9,0.52723,160
1737268,41.4905944,-91.7033591,209.2904,1,07,2.1,0.52723,160
1737589,41.4905947,-91.7033590,209.2570,1,07,2.1,0.22252,160
1737678,41.4905947,-91.7033590,209.2570,1,07,2.1,0.22252,160
1737992,41.4905944,-91.7033591,209.3334,1,07,2.1,0.15687,160
1738164,41.4905944,-91.7033591,209.3334,1,07,2.1,0.15687,160
1738315,41.4905962,-91.7033559,209.3643,1,08,1.4,0.14483,160
1738418,41.4905962,-91.7033559,209.3505,1,08,1.4,0.07126,160
1738580,41.4905962,-91.7033559,209.3505,1,08,1.4,0.07126,160
1738731,41.4905963,-91.7033560,209.3464,1,07,1.6,0.15437,160
1738997,41.4905964,-91.7033560,209.3625,1,07,1.6,0.09428,160
1739214,41.4905964,-91.7033560,209.3625,1,07,1.6,0.09428,160
1739567,41.4905955,-91.7033509,209.4842,1,08,1.5,0.10870,160
1739807,41.4905955,-91.7033509,209.4937,1,08,1.5,0.22515,160
1739959,41.4905955,-91.7033509,209.4937,1,08,1.5,0.22515,160
1740211,41.4905943,-91.7033486,209.5054,1,08,1.5,0.15911,160
1740394,41.4905943,-91.7033486,209.5054,1,08,1.5,0.15911,160
1740522,41.4905943,-91.7033486,209.4819,1,08,1.5,0.03076,160
1740612,41.4905942,-91.7033485,209.5543,1,08,1.5,0.05017,160
1740752,41.4905942,-91.7033485,209.5543,1,08,1.5,0.05017,160
1740919,41.4905943,-91.7033485,209.5113,1,08,1.5,0.05264,160
1741024,41.4905943,-91.7033485,209.4982,1,07,1.6,0.13511,160
1741148,41.4905943,-91.7033485,209.4982,1,07,1.6,0.13511,160
1741408,41.4905940,-91.7033481,209.4763,1,09,1.3,0.13511,160
1741545,41.4905940,-91.7033481,209.4763,1,09,1.3,0.13511,160
1741630,41.4905941,-91.7033483,209.4351,1,09,1.3,0.08835,160
1741781,41.4905941,-91.7033483,209.4351,1,09,1.3,0.08835,160
1742042,41.4905941,-91.7033481,209.4424,1,09,1.3,0.17703,160
1742160,41.4905941,-91.7033479,209.4545,1,09,1.3,0.13619,160
1742313,41.4905941,-91.7033479,209.4545,1,09,1.3,0.13619,160
1742452,41.4905954,-91.7033475,209.4319,1,09,1.3,0.13619,160
1742581,41.4905954,-91.7033475,209.4319,1,09,1.3,0.13619,160
1742697,41.4905954,-91.7033476,209.4194,1,09,1.3,0.13619,160
1742967,41.4905954,-91.7033475,209.4269,1,09,1.3,0.1450NGS,160
1743183,41.4905954,-91.7033475,209.4300,1,09,1.3,0.19217,160
1743321,41.4905954,-91.7033475,209.4300,1,09,1.3,0.19217,160
1743533,41.4905962,-91.7033486,209.4353,1,10,1.2,0.0648$GN,160
1743621,41.4905962,-91.7033487,209.4475,1,10,1.2,0.10758,160
1743768,41.4905962,-91.7033487,209.4475,1,10,1.2,0.10758,160
1744027,41.4905962,-91.7033487,209.4476,1,10,1.2,0.10072,160
1744153,41.4905962,-91.7033487,209.4476,1,10,1.2,0.10072,160
1744332,41.4905960,-91.7033500,209.4080,1,11,1.1,0.10072,160
1744425,41.4905959,-91.7033499,209.4319,1,11,1.1,0.11362,160
1744695,41.4905959,-91.7033499,209.4319,1,11,1.1,0.11362,160
1745025,41.4905959,-91.7033500,209.4320,1,11,1.1,0.10106,160
1745140,41.4905959,-91.7033500,209.4320,1,11,1.1,0.10106,160
1745393,41.4905954,-91.7033497,209.4304,1,12,1.0,0.10106,160
1745479,41.4905954,-91.7033497,209.4304,1,12,1.0,0.10106,160
1745796,41.4905954,-91.7033498,209.4343,1,10,1.2,0.11640,160
1745883,41.4905954,-91.7033498,209.4343,1,10,1.2,0.11640,160
1746200,41.4905955,-91.7033498,209.4193,1,11,1.1,0.13148,160
1746296,41.4905955,-91.7033498,209.4193,1,11,1.1,0.13148,160
1746479,41.4905948,-91.7033499,209.4794,1,11,1.1,0.08155,160
1746747,41.4905948,-91.7033499,209.4751,1,10,1.2,0.06322,160
1746833,41.4905948,-91.7033499,209.4751,1,10,1.2,0.06322,160
1747015,41.4905948,-91.7033499,209.4835,1,10,1.2,0.06322,160
1747156,41.4905948,-91.7033499,209.4662,1,10,1.2,0.10411,160
1747307,41.4905948,-91.7033499,209.4662,1,10,1.2,0.10411,160
1747416,41.4905948,-91.7033499,209.4662,1,10,1.2,0.10411,160
1747672,41.4905933,-91.7033502,209.5704,1,10,1.2,0.10411,160
1747995,41.4905933,-91.7033502,209.5749,1,10,1.2,0.10411,160
1748211,41.4905925,-91.7033493,209.5979,1,10,1.2,0.09950,160
1748360,41.4905925,-91.7033493,209.5979,1,10,1.2,0.09950,160
1748793,41.4905925,-91.7033495,209.6125,1,10,1.2,0.01839,160
1748883,41.4905925,-91.7033495,209.6125,1,10,1.2,0.01839,160
1749183,41.4905926,-91.7033493,209.6421,1,10,1.2,0.10081,160
1749351,41.4905926,-91.7033493,209.6421,1,10,1.2,0.10081,160
1749528,41.4905917,-91.7033496,209.6342,1,11,1.1,0.13545,160
1749722,41.4905917,-91.7033495,209.6195,1,11,1.1,0.04662,160
1749819,41.4905917,-91.7033495,209.6195,1,11,1.1,0.04662,160
1750008,41.4905917,-91.7033495,209.6195,1,11,1.1,0.04662,160
1750141,41.4905917,-91.7033496,209.6364,1,11,1.1,0.02203,160
1750220,41.4905917,-91.7033496,209.6364,1,11,1.1,0.02203,160
1750474,41.4905911,-91.7033504,209.6548,1,12,1.0,0.02203,160
1750569,41.4905911,-91.7033504,209.6548,1,12,1.0,0.02203,160
1750941,41.4905911,-91.7033503,209.6684,1,12,1.0,0.03232,160
1751119,41.4905911,-91.7033503,209.6684,1,12,1.0,0.03232,160
1751308,41.4905908,-91.7033519,209.7317,1,11,1.1,0.03014,160
1751412,41.4905908,-91.7033519,209.7253,1,11,1.1,0.08379,160
1751564,41.4905908,-91.7033519,209.7253,1,11,1.1,0.08379,160
1751711,41.4905908,-91.7033519,209.7348,1,11,1.1,0.11411,160
1751815,41.4905908,-91.7033519,209.7192,1,11,1.1,0.09340,160
1751971,41.4905908,-91.7033519,209.7192,1,11,1.1,0.09340,160
1752269,41.4905908,-91.7033519,209.7192,1,11,1.1,0.10389,160
1752334,41.4905909,-91.7033520,209.7079,1,11,1.1,0.10389,160
1752419,41.4905900,-91.7033535,209.7225,1,11,1.1,0.12665,160
1752562,41.4905900,-91.7033535,209.7225,1,11,1.1,0.12665,160
1752821,41.4905901,-91.7033535,209.7178,1,11,1.1,0.10622,160
1752970,41.4905901,-91.7033535,209.7178,1,11,1.1,0.10622,160
1753398,41.4905892,-91.7033553,209.7418,1,12,1.0,0.11446,160
1753491,41.4905892,-91.7033553,209.7418,1,12,1.0,0.11446,160
1753737,41.4905892,-91.7033554,209.7292,1,12,1.0,0.07242,160
1753899,41.4905892,-91.7033553,209.7230,1,12,1.0,0.10070,160
1753950,41.4905892,-91.7033553,209.7230,1,12,1.0,0.10070,160
1754010,41.4905892,-91.7033553,209.7271,1,11,1.2,0.10070,160
1754105,41.4905892,-91.7033554,209.7305,1,11,1.2,0.09739,160
1754168,41.4905892,-91.7033554,209.7305,1,11,1.2,0.09739,160
1754394,41.4905884,-91.7033565,209.6904,1,11,1.2,0.09591,160
1754558,41.4905884,-91.7033565,209.6904,1,11,1.2,2,160
1754623,41.4905884,-91.7033565,209.6904,1,11,1.2,2,160
1754775,41.4905884,-91.7033565,209.7182,1,11,1.2,2,160
1754917,41.4905884,-91.7033565,209.6807,1,11,1.2,0.03815,160
1755094,41.4905885,-91.7033565,209.7104,1,11,1.2,0.06034,160
1755251,41.4905885,-91.7033565,209.7104,1,11,1.2,0.06034,160
1755398,41.4905892,-91.7033564,209.7140,1,11,1.2,0.06034,160
1755565,41.4905892,-91.7033565,209.6835,1,11,1.2,0.12138,160
1755719,41.4905892,-91.7033565,209.6835,1,11,1.2,0.12138,160
1756009,41.4905892,-91.7033564,209.7353507,1,11,1.2,0.12138,160
1756116,41.4905893,-91.7033566,209.7088,1,10,1.3,0.12138,160
1756210,41.4905901,-91.7033553,209.6906,1,10,1.3,0.12181,160
1756351,41.4905901,-91.7033553,209.6906,1,10,1.3,0.12181,160
1756524,41.4905900,-91.7033552,209.7079,1,10,1.3,0.14297,160
1756614,41.4905901,-91.7033553,209.6888,1,10,1.3,0.10237,160
1756759,41.4905901,-91.7033553,209.6888,1,10,1.3,0.10237,160
1757096,41.4905901,-91.7033553,209.6916,1,10,1.3,0.19597,160
1757220,41.4905901,-91.7033553,209.6916,1,10,1.3,0.19597,160
1757616,41.4905907,-91.7033536,209.6499,1,10,1.3,0.15654,160
1757766,41.4905907,-91.7033536,209.6499,1,10,1.3,0.15654,160
1758033,41.4905907,-91.7033536,209.6600,1,10,1.3,0.03621,160
1758186,41.4905907,-91.7033536,209.6600,1,10,1.3,0.03621,160
1758318,41.4905900,-91.7033518,209.5925,1,10,1.3,0.06551,160
1758420,41.4905901,-91.7033518,209.5719,1,10,1.3,0.05895,160
1758578,41.4905901,-91.7033518,209.5719,1,10,1.3,0.05895,160
1758848,41.4905901,-91.7033517,209.5757,1,10,1.3,0.06793,160
1759176,41.4905900,-91.7033517,209.5837,1,10,1.3,0.04826,160
1759336,41.4905900,-91.7033517,209.5837,1,10,1.3,0.04826,160
1759507,41.4905883,-91.7033503,209.6137,1,10,1.3,0.06137,160
1759610,41.4905884,-91.7033503,209.5964,1,10,1.3,0.03613,160
1759758,41.4905884,-91.7033503,209.5964,1,10,1.3,0.03613,160
1760019,41.4905883,-91.7033502,209.6230,1,10,1.3,0.03880,160
1760144,41.4905883,-91.7033502,209.6230,1,10,1.3,0.03880,160
1760231,41.4905873,-91.7033500,209.6080,1,10,1.3,0.03880,160
1760387,41.4905873,-91.7033500,209.6080,1,10,1.3,0.03880,160
1760536,41.4905874,-91.7033500,209.5992,1,10,1.3,0.04645,160
1760798,41.4905873,-91.7033500,209.6277,1,10,1.3,0.04487,160
1760896,41.4905873,-91.7033500,209.6277,1,10,1.3,0.04487,160
1761150,41.4905873,-91.7033499,209.6076,1,10,1.3,0.04147,160
1761644,41.4905864,-91.7033497,209.5915,1,10,1.3,0.03363,160
1761777,41.4905864,-91.7033497,209.5915,1,10,1.3,0.03363,160
1762149,41.4905864,-91.7033498,209.5700,1,10,1.3,0.03408,160
1762292,41.4905864,-91.7033498,209.5700,1,10,1.3,0.03408,160
1762522,41.4905854,-91.7033495,209.5871,1,10,1.3,0.06885,160
1762701,41.4905854,-91.7033494,209.5768,1,10,1.3,0.06276,160
1762880,41.4905854,-91.7033494,209.5768,1,10,1.3,0.06276,160
1762990,41.4905854,-91.7033494,209.5923,1,10,1.3,0.06276,160
1763391,41.4905850,-91.7033493,209.6085,1,11,1.2,0.04596,160
